declaration_id,cn_code,quantity,unit,embedded_emissions_kgco2e,country_of_origin
CBAM-72921335,25232900,431.652,tonne,3386.554,CN
CBAM-37881359,72083900,723.7,tonne,3627.53,IN
CBAM-76976267,76011000,976.601,tonne,3911.126,TR
CBAM-04222882,28070010,61.516,tonne,1397.055,UA
CBAM-50795207,31021000,393.373,tonne,4137.721,MA
CBAM-68594069,27160000,776.928,tonne,108.36,CN
CBAM-11735247,25232900,846.454,tonne,3717.222,IN
CBAM-82952609,72083900,924.637,tonne,3001.18,TR
CBAM-23444537,76011000,964.877,tonne,115.828,UA
CBAM-82378468,28070010,170.128,tonne,352.418,MA
CBAM-93542565,31021000,142.41,tonne,3500.921,CN
CBAM-72726084,27160000,360.27,tonne,752.783,IN
CBAM-08873441,25232900,975.877,tonne,3184.228,TR
CBAM-60631244,72083900,561.696,tonne,1063.582,UA
CBAM-22243837,76011000,684.972,tonne,3582.315,MA
CBAM-45197586,28070010,62.354,tonne,3058.576,CN
CBAM-49022495,31021000,982.355,tonne,2076.711,IN
CBAM-72048889,27160000,775.27,tonne,1372.75,TR
CBAM-24232691,25232900,497.446,tonne,4640.424,UA
CBAM-27689415,72083900,140.283,tonne,1488.119,MA
CBAM-98798346,76011000,341.016,tonne,2160.169,CN
CBAM-52981187,28070010,222.816,tonne,10.788,IN
CBAM-01863333,31021000,629.172,tonne,4250.499,TR
CBAM-60704413,27160000,607.399,tonne,3870.705,UA
CBAM-23127596,25232900,938.624,tonne,3774.973,MA
CBAM-80615085,72083900,97.146,tonne,1403.057,CN
CBAM-59436222,76011000,796.633,tonne,1670.078,IN
CBAM-42426732,28070010,599.395,tonne,3738.872,TR
CBAM-91231547,31021000,853.98,tonne,1895.622,UA
CBAM-17465444,27160000,729.437,tonne,1239.204,MA
CBAM-53069713,25232900,726.429,tonne,398.861,CN
CBAM-49142669,72083900,282.823,tonne,632.161,IN
CBAM-61708715,76011000,767.98,tonne,757.869,TR
CBAM-70712219,28070010,244.645,tonne,1390.888,UA
CBAM-71923293,31021000,353.753,tonne,1902.331,MA
CBAM-67798161,27160000,40.521,tonne,73.452,CN
CBAM-97382682,25232900,198.184,tonne,1875.882,IN
CBAM-95252931,72083900,508.625,tonne,3500.64,TR
CBAM-67202818,76011000,628.285,tonne,3435.387,UA
CBAM-00343608,28070010,723.433,tonne,4665.696,MA
CBAM-07869456,31021000,548.845,tonne,266.138,CN
CBAM-67156972,27160000,503.458,tonne,3836.975,IN
CBAM-97900170,25232900,835.455,tonne,1295.147,TR
CBAM-62160327,72083900,509.905,tonne,655.259,UA
CBAM-56191239,76011000,773.017,tonne,2300.521,MA
CBAM-27930627,28070010,441.51,tonne,1434.157,CN
CBAM-64503909,31021000,260.631,tonne,151.002,IN
CBAM-25413805,27160000,655.475,tonne,4310.948,TR
CBAM-32291603,25232900,255.455,tonne,3533.264,UA
CBAM-38150350,72083900,102.813,tonne,2301.13,MA
CBAM-30965152,76011000,389.391,tonne,4463.591,CN
CBAM-57522563,28070010,627.369,tonne,1304.861,IN
CBAM-77808206,31021000,525.816,tonne,3307.787,TR
CBAM-74275538,27160000,890.57,tonne,4565.345,UA
CBAM-67732934,25232900,68.794,tonne,3684.656,MA
CBAM-56773625,72083900,416.851,tonne,4025.621,CN
CBAM-06130899,76011000,103.161,tonne,3378.657,IN
CBAM-97803644,28070010,389.089,tonne,3661.325,TR
CBAM-79600467,31021000,307.257,tonne,1696.471,UA
CBAM-67195273,27160000,758.152,tonne,3255.731,MA
CBAM-80296802,25232900,883.376,tonne,3789.467,CN
CBAM-47246255,72083900,626.465,tonne,1138.941,IN
CBAM-30659291,76011000,380.322,tonne,4100.887,TR
CBAM-97266830,28070010,297.552,tonne,1587.095,UA
CBAM-66440904,31021000,455.919,tonne,591.158,MA
CBAM-72782245,27160000,626.715,tonne,1739.43,CN
CBAM-49093343,25232900,303.762,tonne,4102.235,IN
CBAM-26910013,72083900,605.835,tonne,4617,TR
CBAM-59367895,76011000,156.023,tonne,489.403,UA
CBAM-18999826,28070010,553.668,tonne,4602.252,MA
CBAM-52773402,31021000,183.119,tonne,1076.092,CN
CBAM-67850067,27160000,812.005,tonne,1554.357,IN
CBAM-67225565,25232900,270.941,tonne,3182.503,TR
CBAM-64723875,72083900,40.337,tonne,3114.818,UA
CBAM-11567028,76011000,732.217,tonne,3100.279,MA
CBAM-48465213,28070010,420.321,tonne,1008.533,CN
CBAM-11596402,31021000,873.805,tonne,3940.161,IN
CBAM-27583869,27160000,568.87,tonne,3567.643,TR
CBAM-64470270,25232900,822.919,tonne,335.445,UA
CBAM-61873029,72083900,21.039,tonne,4403.34,MA
CBAM-39618763,76011000,542.881,tonne,2700.088,CN
CBAM-06149507,28070010,455.163,tonne,1703.23,IN
CBAM-74351609,31021000,282.327,tonne,3931.155,TR
CBAM-84903389,27160000,151.623,tonne,1405.621,UA
CBAM-83100465,25232900,49.311,tonne,4457.624,MA
CBAM-63290893,72083900,614.284,tonne,2928.741,CN
CBAM-23725739,76011000,250.905,tonne,2484.425,IN
CBAM-72677097,28070010,842.653,tonne,3037.951,TR
CBAM-95467442,31021000,130.886,tonne,4593.147,UA
CBAM-11542975,27160000,185.672,tonne,2922.768,MA
CBAM-09716954,25232900,355.38,tonne,1058.484,CN
CBAM-71760350,72083900,172.646,tonne,4779.76,IN
CBAM-25829582,76011000,525.795,tonne,4906.887,TR
CBAM-47625853,28070010,600.742,tonne,444.437,UA
CBAM-81582847,31021000,557.894,tonne,553.935,MA
CBAM-37420521,27160000,478.171,tonne,2474.021,CN
CBAM-74107208,25232900,723.449,tonne,2104.166,IN
CBAM-66248817,72083900,381.271,tonne,2502.19,TR
CBAM-34015791,76011000,4.163,tonne,1379.229,UA
CBAM-25535261,28070010,486.36,tonne,4911.601,MA
CBAM-47574739,31021000,616.581,tonne,4134.313,CN
CBAM-25200352,27160000,930.923,tonne,93.952,IN
CBAM-02991415,25232900,74.357,tonne,4226.036,TR
CBAM-15169299,72083900,680.649,tonne,2043.353,UA
CBAM-74912671,76011000,419.817,tonne,4802.84,MA
CBAM-86979652,28070010,925.196,tonne,3334.01,CN
CBAM-96285672,31021000,728.927,tonne,4246.401,IN
CBAM-00683845,27160000,706.022,tonne,577.081,TR
CBAM-12174797,25232900,713.067,tonne,3838.545,UA
CBAM-52917427,72083900,937.704,tonne,2593.923,MA
CBAM-71621938,76011000,359.781,tonne,272.652,CN
CBAM-72372366,28070010,831.616,tonne,3661.325,IN
CBAM-53307623,31021000,504.849,tonne,2068.345,TR
CBAM-57505049,27160000,744.775,tonne,3573.386,UA
CBAM-37963231,25232900,29.733,tonne,2040.888,MA
CBAM-11781036,72083900,197.288,tonne,4046.442,CN
CBAM-36656780,76011000,873.784,tonne,2696.134,IN
CBAM-83962512,28070010,351.583,tonne,4396.127,TR
CBAM-66176336,31021000,534.246,tonne,1833.686,UA
CBAM-78761519,27160000,200.684,tonne,674.182,MA
CBAM-58738229,25232900,853.471,tonne,628.138,CN
CBAM-36123713,72083900,688.761,tonne,1621.486,IN
CBAM-54956619,76011000,306.863,tonne,3375.506,TR
CBAM-67844197,28070010,341.479,tonne,147.477,UA
CBAM-67336452,31021000,722.727,tonne,3845.726,MA
CBAM-02894135,27160000,427.735,tonne,1712.639,CN
CBAM-08600463,25232900,324.784,tonne,526.935,IN
CBAM-72196292,72083900,516.076,tonne,973.154,TR
CBAM-23594399,76011000,583.338,tonne,660.461,UA
CBAM-88196509,28070010,102.541,tonne,2058.662,MA
CBAM-62730794,31021000,792.181,tonne,3908.892,CN
CBAM-12657002,27160000,412.518,tonne,809.472,IN
CBAM-36558238,25232900,764.002,tonne,210.927,TR
CBAM-00623085,72083900,353.326,tonne,692.466,UA
CBAM-94140490,76011000,408.184,tonne,1224.384,MA
CBAM-07374589,28070010,689.228,tonne,501.947,CN
CBAM-76578549,31021000,613.938,tonne,3752.593,IN
CBAM-64080770,27160000,889.276,tonne,2489.91,TR
CBAM-58175757,25232900,261.763,tonne,2538.877,UA
CBAM-89046876,72083900,521.24,tonne,3105.528,MA
CBAM-71795729,76011000,469.592,tonne,4315.461,CN
CBAM-32527241,28070010,712.615,tonne,2621.804,IN
CBAM-82013872,31021000,502.048,tonne,962.175,TR
CBAM-79208228,27160000,481.146,tonne,840.596,UA
CBAM-26504806,25232900,94.815,tonne,1614.127,MA
CBAM-63585778,72083900,346.248,tonne,1664.892,CN
CBAM-53295274,76011000,940.045,tonne,4660.083,IN
CBAM-06984345,28070010,16.181,tonne,4173.029,TR
CBAM-53804005,31021000,131.28,tonne,4453.766,UA
CBAM-80853625,27160000,178.494,tonne,459.341,MA
CBAM-24164524,25232900,903.708,tonne,4032.556,CN
CBAM-53026829,72083900,510.677,tonne,3970.965,IN
CBAM-18947855,76011000,386.323,tonne,702.121,TR
CBAM-60777629,28070010,484.8,tonne,3096.402,UA
CBAM-90691814,31021000,506.024,tonne,3064.906,MA
CBAM-68666623,27160000,268.917,tonne,763.786,CN
CBAM-38833859,25232900,421.157,tonne,1435.849,IN
CBAM-73465041,72083900,662.604,tonne,2738.351,TR
CBAM-25458740,76011000,123.972,tonne,4034.528,UA
CBAM-58607000,28070010,97.411,tonne,633.342,MA
CBAM-33595851,31021000,848.196,tonne,4514.643,CN
CBAM-47289217,27160000,377.307,tonne,2436.117,IN
CBAM-68760056,25232900,301.764,tonne,3584.95,TR
CBAM-88819537,72083900,150.2,tonne,3089.215,UA
CBAM-27953437,76011000,684.06,tonne,152.31,MA
CBAM-00186291,28070010,947.117,tonne,1853.964,CN
CBAM-28805430,31021000,233.316,tonne,3454.019,IN
CBAM-87188216,27160000,377.826,tonne,2069.333,TR
CBAM-34269521,25232900,635.053,tonne,3062.79,UA
CBAM-67302895,72083900,373.528,tonne,3002.626,MA
CBAM-82301145,76011000,172.362,tonne,783.868,CN
CBAM-54545544,28070010,757.913,tonne,736.938,IN
CBAM-37805449,31021000,749.491,tonne,4276.243,TR
CBAM-10723993,27160000,981.767,tonne,3335.706,UA
CBAM-32113128,25232900,936.722,tonne,4602.604,MA
CBAM-51231555,72083900,544.958,tonne,3961.245,CN
CBAM-34456194,76011000,384.319,tonne,1192.34,IN
CBAM-32586611,28070010,111.499,tonne,2930.932,TR
CBAM-85069672,31021000,668.35,tonne,2380.232,UA
CBAM-36496512,27160000,699.793,tonne,346.777,MA
CBAM-48542355,25232900,81.736,tonne,3415.271,CN
CBAM-96403026,72083900,799.801,tonne,3892.09,IN
CBAM-65982680,76011000,585.984,tonne,3909.721,TR
CBAM-14676560,28070010,522.315,tonne,2611.861,UA
CBAM-11988785,31021000,79.269,tonne,277.554,MA
CBAM-00302967,27160000,725.004,tonne,3085.536,CN
CBAM-88054181,25232900,417.018,tonne,2560.653,IN
CBAM-17329119,72083900,507.895,tonne,1307.741,TR
CBAM-75172701,76011000,34.334,tonne,457.182,UA
CBAM-68039517,28070010,927.675,tonne,512.472,MA
CBAM-71906930,31021000,226.786,tonne,4567.379,CN
CBAM-39600315,27160000,445.174,tonne,27.663,IN
CBAM-42123063,25232900,420.89,tonne,1257.244,TR
CBAM-91154088,72083900,102.481,tonne,4840.649,UA
CBAM-96926045,76011000,446.775,tonne,1354.419,MA
CBAM-90655760,28070010,554.261,tonne,2747.652,CN
CBAM-72038947,31021000,182.244,tonne,1616.93,IN
CBAM-43893682,27160000,647.492,tonne,3192.551,TR
CBAM-87196773,25232900,973.243,tonne,3239.667,UA
CBAM-45646170,72083900,53.192,tonne,4140.221,MA
CBAM-92679066,76011000,706.547,tonne,2586.759,CN
CBAM-90152714,28070010,58.459,tonne,88.408,IN
CBAM-85291333,31021000,345.071,tonne,135.605,TR
CBAM-36899305,27160000,49.987,tonne,1849.626,UA
CBAM-30542312,25232900,275.056,tonne,1166.982,MA
CBAM-32898148,72083900,223.086,tonne,148.876,CN
CBAM-80179555,76011000,976.471,tonne,2552.404,IN
CBAM-40587022,28070010,843.217,tonne,4619.912,TR
CBAM-43924693,31021000,761.975,tonne,2391.142,UA
CBAM-65149472,27160000,639.727,tonne,4903.255,MA
CBAM-41117371,25232900,603.287,tonne,21.174,CN
CBAM-89058846,72083900,983.524,tonne,4486.429,IN
CBAM-77761911,76011000,461.825,tonne,4784.878,TR
CBAM-99817878,28070010,520.258,tonne,2691.873,UA
CBAM-72406389,31021000,796.805,tonne,2010.1,MA
CBAM-03747231,27160000,644.766,tonne,588.751,CN
CBAM-90192021,25232900,863.885,tonne,357.597,IN
CBAM-66128190,72083900,800.08,tonne,4797.811,TR
CBAM-47688588,76011000,546.38,tonne,4728.864,UA
CBAM-01450358,28070010,899.041,tonne,2159.538,MA
CBAM-18416517,31021000,438.057,tonne,4500.874,CN
CBAM-74357918,27160000,670.4,tonne,4861.949,IN
CBAM-88611905,25232900,935.829,tonne,228.827,TR
CBAM-62991157,72083900,143.123,tonne,3263.533,UA
CBAM-46005511,76011000,830.306,tonne,2070.174,MA
CBAM-60613510,28070010,649.682,tonne,1176.95,CN
CBAM-72553606,31021000,544.631,tonne,362.262,IN
CBAM-58103095,27160000,315.573,tonne,1000.037,TR
CBAM-61210079,25232900,162.356,tonne,2465.192,UA
CBAM-19818342,72083900,203.797,tonne,4456.779,MA
CBAM-30396385,76011000,646.54,tonne,2365.449,CN
CBAM-15119203,28070010,838.331,tonne,2895.806,IN
CBAM-88248410,31021000,430.476,tonne,4450.794,TR
CBAM-84801544,27160000,887.625,tonne,4324.812,UA
CBAM-94543950,25232900,248.731,tonne,2652.295,MA
CBAM-15595136,72083900,90.957,tonne,1058.106,CN
CBAM-70255215,76011000,683.798,tonne,203.063,IN
CBAM-79722774,28070010,544.785,tonne,2476.899,TR
CBAM-45826224,31021000,711.457,tonne,1993.361,UA
CBAM-35136913,27160000,308.24,tonne,4991.136,MA
CBAM-89623688,25232900,235.383,tonne,1840.812,CN
CBAM-59987173,72083900,512.894,tonne,4534.566,IN
CBAM-08238565,76011000,841.822,tonne,1925.505,TR
CBAM-93300982,28070010,110.822,tonne,2509.614,UA
CBAM-91232684,31021000,605.816,tonne,661.16,MA
CBAM-38853541,27160000,464.435,tonne,2809.004,CN
CBAM-92740580,25232900,787.703,tonne,1123.795,IN
CBAM-66562781,72083900,87.861,tonne,1745.865,TR
CBAM-39654351,76011000,558.305,tonne,115.68,UA
CBAM-45842888,28070010,613.995,tonne,360.166,MA
CBAM-28950308,31021000,544.49,tonne,1269.617,CN
CBAM-04577803,27160000,426.313,tonne,1834.758,IN
CBAM-44022717,25232900,696.065,tonne,2902.438,TR
CBAM-66309053,72083900,613.789,tonne,2400.521,UA
CBAM-10827193,76011000,425.976,tonne,669.453,MA
CBAM-99644241,28070010,269.685,tonne,3412.295,CN
CBAM-37191149,31021000,380.602,tonne,768.866,IN
CBAM-63599982,27160000,54.621,tonne,452.837,TR
CBAM-38492100,25232900,330.602,tonne,1525.624,UA
CBAM-72346828,72083900,752.634,tonne,889.014,MA
CBAM-36881526,76011000,152.363,tonne,4324.887,CN
CBAM-95259804,28070010,561.052,tonne,1590.167,IN
CBAM-94986852,31021000,330.152,tonne,4511.231,TR
CBAM-14518797,27160000,8.104,tonne,4434.426,UA
CBAM-30689248,25232900,653.71,tonne,1876.125,MA
CBAM-12673061,72083900,950.624,tonne,3559.163,CN
CBAM-42562237,76011000,554.46,tonne,398.702,IN
CBAM-76054593,28070010,918.572,tonne,4859.477,TR
CBAM-89812992,31021000,759.585,tonne,2261.116,UA
CBAM-23924754,27160000,982.188,tonne,4373.572,MA
CBAM-33458050,25232900,780.83,tonne,2397.683,CN
CBAM-60889657,72083900,978.81,tonne,862.484,IN
CBAM-92069452,76011000,675.85,tonne,4702.823,TR
CBAM-41751103,28070010,871.391,tonne,4154.548,UA
CBAM-69894240,31021000,350.483,tonne,3707.555,MA
CBAM-25667033,27160000,626.284,tonne,3395.771,CN
CBAM-89367935,25232900,192.125,tonne,2781.788,IN
CBAM-86225537,72083900,117.875,tonne,2440.175,TR
CBAM-17526086,76011000,420.286,tonne,1057.147,UA
CBAM-99681018,28070010,929.773,tonne,3029.706,MA
CBAM-17122572,31021000,672.738,tonne,2995.58,CN
CBAM-02969435,27160000,336.436,tonne,1826.27,IN
CBAM-31783504,25232900,275.265,tonne,1378.789,TR
CBAM-97763350,72083900,134.319,tonne,4664.517,UA
CBAM-63280641,76011000,283.934,tonne,3025.093,MA
CBAM-41707420,28070010,314.369,tonne,1521.946,CN
CBAM-20528156,31021000,509.929,tonne,2356.332,IN
CBAM-04780611,27160000,390.653,tonne,417.297,TR
CBAM-92318030,25232900,569.566,tonne,1357.948,UA
CBAM-65509316,72083900,539.037,tonne,1880.833,MA
CBAM-11751503,76011000,107.22,tonne,1845.912,CN
CBAM-51217883,28070010,130.174,tonne,253.702,IN
CBAM-04116744,31021000,914.177,tonne,3936.425,TR
CBAM-54237024,27160000,993.165,tonne,762.624,UA
CBAM-10859127,25232900,798.894,tonne,3428.661,MA
CBAM-15740179,72083900,406.126,tonne,610.195,CN
CBAM-94076667,76011000,395.391,tonne,2800.995,IN
CBAM-61412840,28070010,479.465,tonne,3937.166,TR
CBAM-52392416,31021000,702.544,tonne,2288.257,UA
CBAM-28567815,27160000,300.944,tonne,4437.677,MA
CBAM-60337753,25232900,971.958,tonne,3319.936,CN
CBAM-29944682,72083900,825.11,tonne,1198.839,IN
CBAM-95656631,76011000,756.88,tonne,2642.808,TR
CBAM-18571142,28070010,899.653,tonne,3154.118,UA
CBAM-10656205,31021000,572.37,tonne,2853.084,MA
CBAM-55528647,27160000,502.721,tonne,973.294,CN
CBAM-16287579,25232900,558.306,tonne,3786.922,IN
CBAM-31202075,72083900,741.062,tonne,1745.833,TR
CBAM-93717540,76011000,705.665,tonne,4756.517,UA
CBAM-42898316,28070010,399.065,tonne,3727.066,MA
CBAM-68213895,31021000,953.497,tonne,4304.325,CN
CBAM-62069229,27160000,954.959,tonne,2819.945,IN
CBAM-72335378,25232900,809.897,tonne,3388.123,TR
CBAM-84934647,72083900,549.739,tonne,1573.803,UA
CBAM-99699056,76011000,49.34,tonne,1034.945,MA
CBAM-72701245,28070010,420.99,tonne,4104.979,CN
CBAM-85478812,31021000,98.959,tonne,863.203,IN
CBAM-74918466,27160000,596.755,tonne,1532.91,TR
CBAM-54389394,25232900,204.375,tonne,4454.912,UA
CBAM-46547840,72083900,608.02,tonne,3390.782,MA
CBAM-41900732,76011000,292.502,tonne,3970.053,CN
CBAM-86718134,28070010,636.102,tonne,1816.622,IN
CBAM-83781904,31021000,464.451,tonne,781.235,TR
CBAM-13455960,27160000,134.863,tonne,4553.864,UA
CBAM-60228671,25232900,7.689,tonne,3569.878,MA
CBAM-45315591,72083900,464.383,tonne,1808.671,CN
CBAM-20602558,76011000,310.438,tonne,4765.932,IN
CBAM-87629145,28070010,754.547,tonne,3200.986,TR
CBAM-57854414,31021000,1.812,tonne,3866.677,UA
CBAM-17444202,27160000,597.589,tonne,2896.639,MA
CBAM-83473765,25232900,57.892,tonne,41.279,CN
CBAM-48613080,72083900,163.761,tonne,1895.664,IN
CBAM-82463066,76011000,809.247,tonne,2008.07,TR
CBAM-55693712,28070010,765.56,tonne,4640.162,UA
CBAM-86799211,31021000,417.848,tonne,3256.927,MA
CBAM-79706907,27160000,406.317,tonne,2808.407,CN
CBAM-71635111,25232900,203.843,tonne,2143.758,IN
CBAM-83186982,72083900,841.137,tonne,1751.224,TR
CBAM-71686161,76011000,464.943,tonne,3446.311,UA
CBAM-01374206,28070010,190.746,tonne,2301.347,MA
CBAM-74822644,31021000,635.362,tonne,3360.682,CN
CBAM-05305635,27160000,621.579,tonne,1248.856,IN
CBAM-48124231,25232900,838.292,tonne,3676.28,TR
CBAM-88376061,72083900,67.083,tonne,1399.984,UA
CBAM-58670649,76011000,815.379,tonne,2576.022,MA
CBAM-86315505,28070010,926.826,tonne,86.574,CN
CBAM-24833744,31021000,321.607,tonne,117.723,IN
CBAM-93257564,27160000,449.381,tonne,1510.863,TR
CBAM-80665249,25232900,770.625,tonne,42.012,UA
CBAM-43729868,72083900,626.334,tonne,2208.025,MA
CBAM-12685832,76011000,140.346,tonne,472.544,CN
CBAM-65230062,28070010,919.801,tonne,1306.641,IN
CBAM-02116613,31021000,491.007,tonne,1020.529,TR
CBAM-67302312,27160000,421.151,tonne,4327.748,UA
CBAM-81060473,25232900,853.585,tonne,3618.718,MA
CBAM-45448677,72083900,524.592,tonne,2351.2,CN
CBAM-23890374,76011000,255.953,tonne,47.361,IN
CBAM-64269304,28070010,855.158,tonne,792.418,TR
CBAM-95548934,31021000,583.307,tonne,1995.724,UA
CBAM-33793060,27160000,968.654,tonne,1742.35,MA
CBAM-23719347,25232900,364.781,tonne,4253.174,CN
CBAM-13724040,72083900,636.7,tonne,2157.556,IN
CBAM-22189767,76011000,735.911,tonne,4248.552,TR
CBAM-30973570,28070010,774.737,tonne,644.568,UA
CBAM-35301106,31021000,149.016,tonne,1816.553,MA
CBAM-25390209,27160000,245.554,tonne,1382.66,CN
CBAM-46402630,25232900,899.914,tonne,2033.134,IN
CBAM-47145724,72083900,121.734,tonne,3955.127,TR
CBAM-62526568,76011000,747.515,tonne,2907.175,UA
CBAM-30412280,28070010,450.475,tonne,1030.519,MA
CBAM-28543011,31021000,686.391,tonne,4894.834,CN
CBAM-96321039,27160000,854.484,tonne,3715.699,IN
CBAM-32115343,25232900,427.136,tonne,944.625,TR
CBAM-91895255,72083900,919.204,tonne,4434.197,UA
CBAM-67730259,76011000,67.013,tonne,2834.857,MA
CBAM-55529198,28070010,837.024,tonne,621.131,CN
CBAM-19818571,31021000,55.632,tonne,4112.785,IN
CBAM-16330929,27160000,406.883,tonne,3544.141,TR
CBAM-51886430,25232900,208.195,tonne,3943.495,UA
CBAM-33000475,72083900,462.312,tonne,1588.774,MA
CBAM-15151219,76011000,223.021,tonne,4510.038,CN
CBAM-44979110,28070010,48.262,tonne,627.862,IN
CBAM-42736066,31021000,11.548,tonne,2249.509,TR
CBAM-21562946,27160000,900.364,tonne,2807.999,UA
CBAM-13804491,25232900,693.977,tonne,3077.312,MA
CBAM-39185035,72083900,845.095,tonne,4581.323,CN
CBAM-53826314,76011000,470.397,tonne,4205.163,IN
CBAM-59045951,28070010,377.569,tonne,272.701,TR
CBAM-15450062,31021000,36.104,tonne,199.383,UA
CBAM-28877979,27160000,79.214,tonne,170.749,MA
CBAM-09498794,25232900,935.881,tonne,4698.635,CN
CBAM-56743284,72083900,630.403,tonne,2127.971,IN
CBAM-20172778,76011000,447.225,tonne,3430.42,TR
CBAM-33181768,28070010,582.487,tonne,1140.633,UA
CBAM-87941091,31021000,274.408,tonne,2455.567,MA
CBAM-70825964,27160000,303.767,tonne,3360.231,CN
CBAM-90556392,25232900,526.45,tonne,2629.524,IN
CBAM-48277097,72083900,58.371,tonne,4387.028,TR
CBAM-28870174,76011000,205.417,tonne,3760.952,UA
CBAM-14964084,28070010,913.436,tonne,1977.553,MA
CBAM-40790460,31021000,509.006,tonne,142.986,CN
CBAM-49568700,27160000,498.562,tonne,4127.387,IN
CBAM-77329071,25232900,581.126,tonne,2833.726,TR
CBAM-74521121,72083900,761.705,tonne,3293.466,UA
CBAM-80090474,76011000,374.895,tonne,1525.387,MA
CBAM-26670617,28070010,435.952,tonne,1283.874,CN
CBAM-07580238,31021000,625.925,tonne,2481.662,IN
CBAM-08452048,27160000,755.86,tonne,4706.111,TR
CBAM-07807818,25232900,429.385,tonne,2007.546,UA
CBAM-68566960,72083900,868.546,tonne,4636.203,MA
CBAM-28588551,76011000,6.221,tonne,2685.002,CN
CBAM-70726183,28070010,586.697,tonne,4826.925,IN
CBAM-25178525,31021000,205.419,tonne,2208.441,TR
CBAM-33673592,27160000,218.267,tonne,2864.687,UA
CBAM-29669718,25232900,1.98,tonne,214.103,MA
CBAM-63188070,72083900,526.572,tonne,3755.245,CN
CBAM-35921180,76011000,897.835,tonne,1003.556,IN
CBAM-87678914,28070010,447.054,tonne,1860.362,TR
CBAM-81990128,31021000,874.489,tonne,1591.808,UA
CBAM-62574830,27160000,264.323,tonne,537.605,MA
CBAM-60201038,25232900,68.79,tonne,4351.943,CN
CBAM-30457681,72083900,727.24,tonne,4400.844,IN
CBAM-68380058,76011000,479.166,tonne,1144.734,TR
CBAM-38342865,28070010,483.358,tonne,3839.734,UA
CBAM-27495473,31021000,146.101,tonne,1337.396,MA
CBAM-11067580,27160000,57.717,tonne,1911.361,CN
CBAM-44188931,25232900,400.319,tonne,2292.625,IN
CBAM-97502308,72083900,615.664,tonne,1880.38,TR
CBAM-91939809,76011000,914.635,tonne,1144.509,UA
CBAM-11137410,28070010,662.195,tonne,3806.909,MA
CBAM-57440141,31021000,276.09,tonne,4700.924,CN
CBAM-53279044,27160000,224.348,tonne,4040.286,IN
CBAM-94122742,25232900,123.007,tonne,2210.043,TR
CBAM-97579239,72083900,749.897,tonne,554.586,UA
CBAM-63047762,76011000,990.433,tonne,3528.231,MA
CBAM-40806376,28070010,688.549,tonne,2851.378,CN
CBAM-05464359,31021000,152.993,tonne,2316.952,IN
CBAM-52712535,27160000,674.199,tonne,3817.419,TR
CBAM-77621587,25232900,361.193,tonne,4031.835,UA
CBAM-21270734,72083900,623.161,tonne,2940.182,MA
CBAM-76577437,76011000,667.963,tonne,4549.899,CN
CBAM-47274381,28070010,168.155,tonne,1027.103,IN
CBAM-07566710,31021000,812.714,tonne,3525.073,TR
CBAM-34768597,27160000,123.642,tonne,1353.546,UA
CBAM-20649347,25232900,522.029,tonne,1083.73,MA
CBAM-98780224,72083900,389.721,tonne,229.938,CN
CBAM-15102830,76011000,723.453,tonne,371.174,IN
CBAM-84310548,28070010,798.731,tonne,2400.226,TR
CBAM-92091598,31021000,37.945,tonne,1916.915,UA
CBAM-02632198,27160000,155.596,tonne,4682.986,MA
CBAM-33523982,25232900,722.507,tonne,4524.437,CN
CBAM-56341113,72083900,982.091,tonne,60.087,IN
CBAM-17544125,76011000,836.179,tonne,4593.596,TR
CBAM-06150697,28070010,530.559,tonne,577.151,UA
CBAM-50429426,31021000,875.005,tonne,2363.97,MA
CBAM-69090376,27160000,831.21,tonne,3521.37,CN
CBAM-72322352,25232900,538.596,tonne,2451.765,IN
CBAM-85604462,72083900,566.99,tonne,2583.912,TR
CBAM-64101243,76011000,754.141,tonne,2689.597,UA
CBAM-15432352,28070010,174.915,tonne,3548.313,MA
CBAM-03355219,31021000,16.467,tonne,4559.464,CN
CBAM-10608170,27160000,820.109,tonne,1658.171,IN
CBAM-98759069,25232900,983.861,tonne,1936.459,TR
CBAM-83861105,72083900,602.968,tonne,974.153,UA
CBAM-85292121,76011000,812.105,tonne,4896.163,MA
CBAM-06587921,28070010,973.097,tonne,1173.102,CN
CBAM-63761495,31021000,413.104,tonne,412.423,IN
CBAM-78624011,27160000,136.625,tonne,3934.865,TR
CBAM-17262172,25232900,664.619,tonne,2192.145,UA
CBAM-41655863,72083900,680.142,tonne,2101.154,MA
CBAM-26989024,76011000,509.747,tonne,3894.805,CN
CBAM-09218769,28070010,562.843,tonne,4882.769,IN
CBAM-94342544,31021000,238.052,tonne,2727.552,TR
CBAM-02664637,27160000,214.807,tonne,1960.788,UA
CBAM-89958506,25232900,562.678,tonne,1930.726,MA
CBAM-91061980,72083900,527.883,tonne,786.337,CN
CBAM-92539839,76011000,802.111,tonne,2244.204,IN
CBAM-43009139,28070010,268.812,tonne,905.188,TR
CBAM-56281448,31021000,684.214,tonne,1575.234,UA
CBAM-41786296,27160000,487.48,tonne,3447.421,MA
CBAM-79492890,25232900,515.419,tonne,261.147,CN
CBAM-16349275,72083900,953.915,tonne,2707.301,IN
CBAM-75201819,76011000,770.196,tonne,2212.552,TR
CBAM-77594804,28070010,994.099,tonne,276.864,UA
CBAM-69303596,31021000,252.994,tonne,1063.679,MA
CBAM-77706042,27160000,398.372,tonne,2088.272,CN
CBAM-35787293,25232900,344.938,tonne,3029.582,IN
CBAM-98870554,72083900,808.973,tonne,963.861,TR
CBAM-70772326,76011000,251.694,tonne,3430.175,UA
CBAM-40237828,28070010,308.929,tonne,194.056,MA
CBAM-48029667,31021000,734.687,tonne,1705.526,CN
CBAM-80745815,27160000,885.853,tonne,2727.992,IN
CBAM-93394226,25232900,142.96,tonne,3542.802,TR
CBAM-64349809,72083900,395.716,tonne,486.121,UA
CBAM-67589242,76011000,699.088,tonne,2999.948,MA
CBAM-35751610,28070010,742.027,tonne,2450.759,CN
CBAM-98664846,31021000,919.103,tonne,110.301,IN
CBAM-88985339,27160000,496.582,tonne,4371.308,TR
CBAM-49192188,25232900,869.874,tonne,2936.869,UA
CBAM-75668132,72083900,132.982,tonne,1728.255,MA
CBAM-71343152,76011000,749.578,tonne,3100.814,CN
CBAM-33107459,28070010,596.423,tonne,3456.016,IN
CBAM-48439694,31021000,611.301,tonne,2585.145,TR
CBAM-73995690,27160000,11.676,tonne,4032.866,UA
CBAM-42698523,25232900,741.625,tonne,849.697,MA
CBAM-41202241,72083900,942.192,tonne,1768.987,CN
CBAM-91186175,76011000,75.168,tonne,312.971,IN
CBAM-71389025,28070010,67.751,tonne,2461.069,TR
CBAM-31662606,31021000,447.213,tonne,3139.642,UA
CBAM-38718928,27160000,727.653,tonne,3757.381,MA
CBAM-84050034,25232900,497.289,tonne,4443.931,CN
CBAM-54086912,72083900,565.627,tonne,2465.327,IN
CBAM-58415737,76011000,190.48,tonne,4850.153,TR
CBAM-60389895,28070010,175.484,tonne,1940.024,UA
CBAM-72867233,31021000,785.969,tonne,4912.937,MA
CBAM-76723908,27160000,685.844,tonne,4349.698,CN
CBAM-90264379,25232900,935.559,tonne,855.464,IN
CBAM-43262192,72083900,41.188,tonne,2951.569,TR
CBAM-78828184,76011000,555.928,tonne,972.594,UA
CBAM-39725744,28070010,939.654,tonne,3527.065,MA
CBAM-45766509,31021000,757.567,tonne,1124.525,CN
CBAM-85012889,27160000,457.666,tonne,977.506,IN
CBAM-50842067,25232900,325.967,tonne,3373.878,TR
CBAM-35689471,72083900,349.497,tonne,2744.888,UA
CBAM-93579444,76011000,146.505,tonne,2827.676,MA
CBAM-72704702,28070010,405.793,tonne,3862.095,CN
CBAM-89774243,31021000,154.512,tonne,2332.799,IN
CBAM-91548031,27160000,366.112,tonne,3522.255,TR
CBAM-70986021,25232900,267.799,tonne,4343.88,UA
CBAM-29362768,72083900,788.274,tonne,788.71,MA
CBAM-26492795,76011000,69.49,tonne,1373.504,CN
CBAM-18965685,28070010,692.913,tonne,4342.872,IN
CBAM-16868120,31021000,346.261,tonne,673.069,TR
CBAM-39724660,27160000,566.345,tonne,1421.763,UA
CBAM-93617740,25232900,617.241,tonne,2121.243,MA
CBAM-95107790,72083900,980.442,tonne,2898.882,CN
CBAM-45613713,76011000,947.105,tonne,328.341,IN
CBAM-85373720,28070010,805.597,tonne,4082.434,TR
CBAM-07268012,31021000,8.46,tonne,4106.74,UA
CBAM-52447405,27160000,493.098,tonne,2632.411,MA
CBAM-84210678,25232900,577.782,tonne,4786.78,CN
CBAM-39237168,72083900,286.45,tonne,3199.159,IN
CBAM-54620128,76011000,337.46,tonne,3539.657,TR
CBAM-48501411,28070010,149.778,tonne,1366.954,UA
CBAM-35868805,31021000,607.874,tonne,857.104,MA
CBAM-89168012,27160000,71.143,tonne,3714.448,CN
CBAM-20814514,25232900,736.41,tonne,4138.568,IN
CBAM-99199702,72083900,124.916,tonne,1723.114,TR
CBAM-88059785,76011000,187.466,tonne,3752.035,UA
CBAM-48588288,28070010,452.308,tonne,3751.049,MA
CBAM-26586256,31021000,730.583,tonne,2517.829,CN
CBAM-93219371,27160000,689.765,tonne,941.028,IN
CBAM-28579598,25232900,705.901,tonne,933.076,TR
CBAM-75068017,72083900,655.179,tonne,4714.302,UA
CBAM-62612579,76011000,474.466,tonne,1361.18,MA
CBAM-63474186,28070010,629.511,tonne,2631.859,CN
CBAM-10955114,31021000,425.181,tonne,868.959,IN
CBAM-95135362,27160000,652.001,tonne,2869.886,TR
CBAM-87449778,25232900,415.696,tonne,2671.065,UA
CBAM-56001268,72083900,709.964,tonne,2123.126,MA
CBAM-27194267,76011000,196.706,tonne,3756.157,CN
CBAM-41066943,28070010,720.467,tonne,4965.156,IN
CBAM-76626863,31021000,333.696,tonne,320.652,TR
CBAM-48361586,27160000,575.046,tonne,717.992,UA
CBAM-82845593,25232900,129.871,tonne,1208.116,MA
CBAM-01411048,72083900,206.272,tonne,2676.558,CN
CBAM-56654283,76011000,707.286,tonne,864.753,IN
CBAM-65682899,28070010,916.336,tonne,1396.275,TR
CBAM-04778625,31021000,590.56,tonne,4481.634,UA
CBAM-76650182,27160000,297.903,tonne,457.409,MA
CBAM-36268294,25232900,561.151,tonne,2936.682,CN
CBAM-28180543,72083900,228.224,tonne,2609.904,IN
CBAM-04701762,76011000,794.831,tonne,1584.607,TR
CBAM-79851175,28070010,699.098,tonne,3890.411,UA
CBAM-41692842,31021000,754.47,tonne,2466.849,MA
CBAM-36090296,27160000,291.565,tonne,3315.408,CN
CBAM-59926553,25232900,375.421,tonne,4699.673,IN
CBAM-42576559,72083900,319.366,tonne,21.201,TR
CBAM-45212009,76011000,599.5,tonne,729.018,UA
CBAM-58782062,28070010,532.523,tonne,925.489,MA
CBAM-62990755,31021000,750.907,tonne,420.884,CN
CBAM-37267861,27160000,27.577,tonne,558.265,IN
CBAM-10908503,25232900,523.138,tonne,61.252,TR
CBAM-99803522,72083900,815.956,tonne,1064.312,UA
CBAM-14329717,76011000,241.715,tonne,4089.939,MA
CBAM-92477491,28070010,21.919,tonne,4441.924,CN
CBAM-06174733,31021000,356.136,tonne,1493.811,IN
CBAM-98902627,27160000,479.912,tonne,4538.136,TR
CBAM-26119843,25232900,137.932,tonne,4016.691,UA
CBAM-98037041,72083900,263.749,tonne,2933.534,MA
CBAM-01230155,76011000,535.419,tonne,1010.04,CN
CBAM-33513996,28070010,695.553,tonne,546.132,IN
CBAM-97850502,31021000,584.915,tonne,3687.003,TR
CBAM-44473336,27160000,167.589,tonne,4427.165,UA
CBAM-94863438,25232900,929.139,tonne,1542.652,MA
CBAM-06071550,72083900,389.792,tonne,1196.481,CN
CBAM-94216608,76011000,565.591,tonne,2803.011,IN
CBAM-83424849,28070010,781.818,tonne,926.316,TR
CBAM-54520585,31021000,406.567,tonne,2790.386,UA
CBAM-64096937,27160000,800.355,tonne,2207.802,MA
CBAM-99508843,25232900,741.061,tonne,4707.57,CN
CBAM-08801877,72083900,363.212,tonne,4883.087,IN
CBAM-52998820,76011000,978.785,tonne,3972.952,TR
CBAM-67997029,28070010,853.267,tonne,3646.721,UA
CBAM-76119841,31021000,749.997,tonne,431.07,MA
CBAM-87844531,27160000,154.933,tonne,867.328,CN
CBAM-50136295,25232900,469.62,tonne,1972.551,IN
CBAM-97231792,72083900,256.528,tonne,2853.483,TR
CBAM-06576964,76011000,613.567,tonne,1723.67,UA
CBAM-27204263,28070010,94.904,tonne,1131.282,MA
CBAM-18797703,31021000,433.826,tonne,1195.561,CN
CBAM-02547294,27160000,666.773,tonne,1700.116,IN
CBAM-02368859,25232900,901.585,tonne,2280.051,TR
CBAM-26975761,72083900,126.261,tonne,2048.643,UA
CBAM-09794312,76011000,664.082,tonne,1851.215,MA
CBAM-64280733,28070010,109.223,tonne,4868.249,CN
CBAM-24637444,31021000,723.088,tonne,2811.105,IN
CBAM-59575945,27160000,680.356,tonne,4335.211,TR
CBAM-50376029,25232900,841.757,tonne,2665.759,UA
CBAM-50677277,72083900,158.111,tonne,4865.572,MA
CBAM-97180205,76011000,969.531,tonne,4669.492,CN
CBAM-26609402,28070010,10.19,tonne,1769.106,IN
CBAM-66133651,31021000,827.896,tonne,4546.47,TR
CBAM-49597655,27160000,890.171,tonne,877.487,UA
CBAM-42068140,25232900,784.447,tonne,4552.671,MA
CBAM-74540432,72083900,122.176,tonne,3436.186,CN
CBAM-23039169,76011000,166.826,tonne,2129.249,IN
CBAM-80942165,28070010,597.687,tonne,2154.531,TR
CBAM-65744471,31021000,14.532,tonne,3698.128,UA
CBAM-09697363,27160000,301.328,tonne,2449.458,MA
CBAM-37433963,25232900,79.257,tonne,2550.354,CN
CBAM-45033845,72083900,764.45,tonne,2079.067,IN
CBAM-39180999,76011000,787.675,tonne,2717.312,TR
CBAM-53145779,28070010,564.825,tonne,2883.855,UA
CBAM-66077499,31021000,979.468,tonne,295.407,MA
CBAM-63052090,27160000,79.236,tonne,2339.02,CN
CBAM-12824921,25232900,519.199,tonne,1851.88,IN
CBAM-11998803,72083900,93.968,tonne,1288.903,TR
CBAM-93913948,76011000,253.59,tonne,2550.268,UA
CBAM-84627539,28070010,675.945,tonne,60.754,MA
CBAM-72072663,31021000,421.99,tonne,4973.105,CN
CBAM-01434160,27160000,368.088,tonne,68.075,IN
CBAM-89792021,25232900,742.8,tonne,2616.446,TR
CBAM-91005711,72083900,300.074,tonne,1455.077,UA
CBAM-55732039,76011000,86.064,tonne,4092.743,MA
CBAM-15815810,28070010,39.46,tonne,1809.051,CN
CBAM-29172378,31021000,288.917,tonne,2967.863,IN
CBAM-60044465,27160000,290.317,tonne,2719.236,TR
CBAM-60496749,25232900,605.85,tonne,1847.795,UA
CBAM-39367841,72083900,709.802,tonne,3481.08,MA
CBAM-03191778,76011000,435.533,tonne,488.745,CN
CBAM-17436140,28070010,577.89,tonne,4539.854,IN
CBAM-74173756,31021000,201.314,tonne,2036.445,TR
CBAM-97490345,27160000,368.719,tonne,2679.824,UA
CBAM-14014650,25232900,924.876,tonne,1469.6,MA
CBAM-12153047,72083900,533.952,tonne,3814.307,CN
CBAM-42951865,76011000,192.85,tonne,1611.416,IN
CBAM-31856406,28070010,526.2,tonne,1737.009,TR
CBAM-94603484,31021000,616.921,tonne,3144.221,UA
CBAM-62952260,27160000,629.234,tonne,4765.928,MA
CBAM-49873543,25232900,65.178,tonne,2554.46,CN
CBAM-85747665,72083900,397.142,tonne,559.357,IN
CBAM-30098861,76011000,860.066,tonne,4504.34,TR
CBAM-28591329,28070010,494.709,tonne,813.202,UA
CBAM-69574805,31021000,167.097,tonne,777.104,MA
CBAM-93940023,27160000,932.064,tonne,4196.208,CN
CBAM-57393534,25232900,143.876,tonne,1215.102,IN
CBAM-59992139,72083900,825.409,tonne,2090.984,TR
CBAM-38089896,76011000,213.731,tonne,476.148,UA
CBAM-57517204,28070010,731.041,tonne,4312.921,MA
CBAM-78538041,31021000,88.902,tonne,4128.395,CN
CBAM-14817322,27160000,377.573,tonne,1715.905,IN
CBAM-46845722,25232900,468.249,tonne,4048.028,TR
CBAM-34589489,72083900,569.439,tonne,4030.871,UA
CBAM-14073165,76011000,77.645,tonne,577.015,MA
CBAM-29104752,28070010,269.586,tonne,4492.218,CN
CBAM-36228265,31021000,30.105,tonne,2752.45,IN
CBAM-13324871,27160000,728.489,tonne,1108.637,TR
CBAM-94141511,25232900,154.962,tonne,2327.439,UA
CBAM-95343173,72083900,899.273,tonne,1492.87,MA
CBAM-12878769,76011000,131.823,tonne,689.846,CN
CBAM-60465739,28070010,79.008,tonne,3827.068,IN
CBAM-49565669,31021000,999.575,tonne,746.67,TR
CBAM-65862227,27160000,109.37,tonne,1798.816,UA
CBAM-87322733,25232900,1.562,tonne,205.565,MA
CBAM-96923925,72083900,818.084,tonne,464.392,CN
CBAM-16487128,76011000,68.107,tonne,2503.009,IN
CBAM-23289493,28070010,894.425,tonne,169.788,TR
CBAM-12036638,31021000,660.745,tonne,4228.609,UA
CBAM-72876504,27160000,724.897,tonne,3249.416,MA
CBAM-10256346,25232900,45.157,tonne,4281.607,CN
CBAM-11023944,72083900,364.542,tonne,3808.673,IN
CBAM-67541663,76011000,474.035,tonne,1068.305,TR
CBAM-51478859,28070010,27.41,tonne,4837.756,UA
CBAM-31736575,31021000,8.726,tonne,3046.951,MA
CBAM-24160827,27160000,633.787,tonne,1880.564,CN
CBAM-51964917,25232900,147.179,tonne,2599.667,IN
CBAM-16930982,72083900,982.408,tonne,1119.425,TR
CBAM-13112270,76011000,430.043,tonne,4865.844,UA
CBAM-23015847,28070010,678.279,tonne,2493.119,MA
CBAM-33215397,31021000,459.655,tonne,3507.613,CN
CBAM-23509753,27160000,813.433,tonne,4004.597,IN
CBAM-31993782,25232900,385.779,tonne,4838.731,TR
CBAM-09548265,72083900,216.94,tonne,2809.664,UA
CBAM-12136771,76011000,449.926,tonne,2017.976,MA
CBAM-78917516,28070010,182.185,tonne,3069.534,CN
CBAM-81950809,31021000,181.321,tonne,4390.533,IN
CBAM-73533217,27160000,289.27,tonne,664.987,TR
CBAM-47493035,25232900,570.944,tonne,3470.169,UA
CBAM-07940858,72083900,395.904,tonne,4798.711,MA
CBAM-49899708,76011000,427.99,tonne,4405.664,CN
CBAM-15884032,28070010,264.661,tonne,3528.687,IN
CBAM-92872054,31021000,404.039,tonne,2710.075,TR
CBAM-03042687,27160000,39.245,tonne,4366.312,UA
CBAM-69129538,25232900,139.302,tonne,2459.303,MA
CBAM-68688999,72083900,301.146,tonne,543.412,CN
CBAM-88448484,76011000,749.208,tonne,4489.332,IN
CBAM-04564952,28070010,139.201,tonne,4441.727,TR
CBAM-99940395,31021000,785.973,tonne,1766.695,UA
CBAM-99797652,27160000,206.14,tonne,475.892,MA
CBAM-03769276,25232900,98.764,tonne,164.575,CN
CBAM-71015157,72083900,37.108,tonne,3498.593,IN
CBAM-65228264,76011000,238.72,tonne,1472.443,TR
CBAM-04080890,28070010,82.156,tonne,4491.388,UA
CBAM-16906017,31021000,907.376,tonne,2269.226,MA
CBAM-62717383,27160000,63.258,tonne,3583.58,CN
CBAM-22436411,25232900,106.492,tonne,2846.287,IN
CBAM-22085974,72083900,89.045,tonne,4039.556,TR
CBAM-19866494,76011000,208.207,tonne,3944.819,UA
CBAM-79170862,28070010,615.969,tonne,330.212,MA
CBAM-29770062,31021000,69.549,tonne,4485.508,CN
CBAM-88254569,27160000,706.586,tonne,1728.513,IN
CBAM-81035677,25232900,733.93,tonne,4581.757,TR
CBAM-32289302,72083900,911.466,tonne,2042.799,UA
CBAM-78452100,76011000,447.53,tonne,1579.307,MA
CBAM-02118190,28070010,265.211,tonne,3936.067,CN
CBAM-80385156,31021000,770.897,tonne,2100.93,IN
CBAM-30126461,27160000,855.512,tonne,4283.632,TR
CBAM-88940612,25232900,466.088,tonne,3383.822,UA
CBAM-70297662,72083900,512.776,tonne,1388.596,MA
CBAM-52466821,76011000,260.965,tonne,3749.428,CN
CBAM-61503724,28070010,525.802,tonne,4271.816,IN
CBAM-03706228,31021000,706.606,tonne,2788.488,TR
CBAM-74626848,27160000,717.209,tonne,1217.963,UA
CBAM-17628008,25232900,576.293,tonne,1426.121,MA
CBAM-25845643,72083900,580.073,tonne,956.463,CN
CBAM-13318381,76011000,683.042,tonne,364.379,IN
CBAM-88026754,28070010,876.185,tonne,3557.359,TR
CBAM-46500054,31021000,17.05,tonne,2230.656,UA
CBAM-30714159,27160000,146.559,tonne,2839.158,MA
CBAM-62462239,25232900,488.534,tonne,740.793,CN
CBAM-49016461,72083900,826.535,tonne,3883.173,IN
CBAM-71262659,76011000,589.028,tonne,3186.873,TR
CBAM-65566169,28070010,786.47,tonne,2951.701,UA
CBAM-64944031,31021000,207.064,tonne,2510.964,MA
CBAM-41703116,27160000,172.067,tonne,1163.303,CN
CBAM-49181371,25232900,553.505,tonne,3642.674,IN
CBAM-98582008,72083900,66.797,tonne,3076.018,TR
CBAM-85494512,76011000,438.714,tonne,2408.931,UA
CBAM-90023681,28070010,858.439,tonne,2627.937,MA
CBAM-22598874,31021000,214.377,tonne,3535.948,CN
CBAM-77084768,27160000,423.282,tonne,2813.102,IN
CBAM-46396163,25232900,569.195,tonne,1068.439,TR
CBAM-73037455,72083900,478.015,tonne,537.83,UA
CBAM-48460691,76011000,936.597,tonne,3559.42,MA
CBAM-74780263,28070010,580.538,tonne,3170.655,CN
CBAM-96831922,31021000,967.328,tonne,4929.334,IN
CBAM-57698525,27160000,630.707,tonne,4731.941,TR
CBAM-21750446,25232900,432.013,tonne,873.961,UA
CBAM-80956964,72083900,571.598,tonne,3014.056,MA
CBAM-01661948,76011000,342.516,tonne,4705.774,CN
CBAM-79189942,28070010,28.537,tonne,4556.063,IN
CBAM-29101494,31021000,381.255,tonne,4215.787,TR
CBAM-88162483,27160000,318.95,tonne,2033.473,UA
CBAM-90044914,25232900,53.512,tonne,4714.117,MA
CBAM-66238060,72083900,654.384,tonne,3755.975,CN
CBAM-34080393,76011000,549.005,tonne,2646.392,IN
CBAM-38812211,28070010,896.674,tonne,1730.621,TR
CBAM-62939562,31021000,261.025,tonne,183.163,UA
CBAM-17494020,27160000,731.636,tonne,379.406,MA
CBAM-23721565,25232900,588.965,tonne,4874.347,CN
CBAM-25858237,72083900,583.689,tonne,3984.767,IN
CBAM-64100928,76011000,404.736,tonne,1162.108,TR
CBAM-92354299,28070010,984.288,tonne,1789.238,UA
CBAM-75214583,31021000,438.897,tonne,4097.387,MA
CBAM-51948723,27160000,95.193,tonne,2588.705,CN
CBAM-80245402,25232900,493.869,tonne,3560.38,IN
CBAM-90302360,72083900,885.775,tonne,4701.98,TR
CBAM-33740071,76011000,39.57,tonne,195.956,UA
CBAM-25976819,28070010,847.158,tonne,3901.111,MA
CBAM-75502286,31021000,831.002,tonne,210.634,CN
CBAM-66742039,27160000,972.44,tonne,677.058,IN
CBAM-62985529,25232900,318.941,tonne,3517.53,TR
CBAM-30867269,72083900,217.91,tonne,741.278,UA
CBAM-66785189,76011000,183.039,tonne,4737.081,MA
CBAM-99255242,28070010,87.968,tonne,2640.256,CN
CBAM-61073830,31021000,594.882,tonne,4553.582,IN
CBAM-33910419,27160000,687.258,tonne,3347.005,TR
CBAM-68230058,25232900,545.89,tonne,3252.965,UA
CBAM-88326354,72083900,494.025,tonne,4482.047,MA
CBAM-45257676,76011000,820.882,tonne,4640.439,CN
CBAM-04493294,28070010,490.556,tonne,4574.856,IN
CBAM-12495015,31021000,176.507,tonne,306.471,TR
CBAM-47361637,27160000,500.338,tonne,314.219,UA
CBAM-52704328,25232900,865.485,tonne,3256.835,MA
CBAM-60074853,72083900,622.849,tonne,2927.322,CN
CBAM-31202270,76011000,471.949,tonne,1488.418,IN
CBAM-28364537,28070010,522.463,tonne,4534.875,TR
CBAM-11080744,31021000,522.214,tonne,3392.276,UA
CBAM-41845579,27160000,933.181,tonne,3122.667,MA
CBAM-94685634,25232900,860.675,tonne,54.784,CN
CBAM-63455608,72083900,456.991,tonne,2666.958,IN
CBAM-62721841,76011000,821.938,tonne,836.988,TR
CBAM-12282826,28070010,373.987,tonne,4036.778,UA
CBAM-49989418,31021000,827.201,tonne,527.522,MA
CBAM-74035234,27160000,369.877,tonne,2166.978,CN
CBAM-95508203,25232900,24.243,tonne,251.974,IN
CBAM-97695104,72083900,575.456,tonne,1819.084,TR
CBAM-74047611,76011000,998.319,tonne,618.671,UA
CBAM-07833811,28070010,864.437,tonne,4320.901,MA
CBAM-66626932,31021000,382.103,tonne,1927.263,CN
CBAM-81341560,27160000,25.002,tonne,2972.958,IN
CBAM-70549129,25232900,219.54,tonne,3470.6,TR
CBAM-54965111,72083900,998.714,tonne,681.605,UA
CBAM-31155808,76011000,786.05,tonne,4846.739,MA
CBAM-79564673,28070010,999.165,tonne,4095.461,CN
CBAM-21892840,31021000,153.942,tonne,2772.271,IN
CBAM-60312334,27160000,256.352,tonne,4780.309,TR
CBAM-91829843,25232900,52.115,tonne,3652.786,UA
CBAM-55592915,72083900,740.91,tonne,4198.102,MA
CBAM-96425494,76011000,363.485,tonne,2451.021,CN
CBAM-91091358,28070010,474.877,tonne,3225.851,IN
CBAM-06856867,31021000,32.057,tonne,3112.169,TR
CBAM-57469277,27160000,173.772,tonne,4498.354,UA
CBAM-27499912,25232900,480.361,tonne,3836.392,MA
CBAM-62757029,72083900,894.656,tonne,1758.831,CN
CBAM-36572007,76011000,897.959,tonne,1693.431,IN
CBAM-76104113,28070010,351.802,tonne,1676.363,TR
CBAM-73381147,31021000,85.155,tonne,1509.665,UA
CBAM-89830454,27160000,982.713,tonne,1797.854,MA
CBAM-98854831,25232900,209.738,tonne,2643.536,CN
CBAM-28029376,72083900,601.815,tonne,235.922,IN
CBAM-31137217,76011000,152.06,tonne,994.437,TR
CBAM-84123030,28070010,567.901,tonne,2884.952,UA
CBAM-10876889,31021000,484.473,tonne,3999.343,MA
CBAM-17863270,27160000,595.902,tonne,4370.538,CN
CBAM-62654070,25232900,828.22,tonne,1298.502,IN
CBAM-33544423,72083900,539.311,tonne,903.787,TR
CBAM-10202484,76011000,276.256,tonne,4892.888,UA
CBAM-17094685,28070010,641.575,tonne,4049.146,MA
CBAM-61888315,31021000,553.91,tonne,1948.143,CN
CBAM-63523874,27160000,773.308,tonne,2521.752,IN
CBAM-85141166,25232900,964.473,tonne,2935.027,TR
CBAM-40101224,72083900,756.984,tonne,2493.432,UA
CBAM-18563050,76011000,49.174,tonne,4202.95,MA
CBAM-88801103,28070010,722.218,tonne,3235.173,CN
CBAM-34929648,31021000,942.168,tonne,1911.677,IN
CBAM-77293478,27160000,587.174,tonne,3428.965,TR
CBAM-10627668,25232900,655.752,tonne,2559.858,UA
CBAM-95245424,72083900,159.545,tonne,3875.681,MA
CBAM-97476788,76011000,392.803,tonne,4042.233,CN
CBAM-50512969,28070010,564.576,tonne,1290.573,IN
CBAM-84574669,31021000,971.919,tonne,2333.211,TR
CBAM-17878817,27160000,253.898,tonne,1381.669,UA
CBAM-40343992,25232900,196.545,tonne,3709.001,MA
CBAM-15167628,72083900,769.717,tonne,3705.751,CN
CBAM-33957074,76011000,738.228,tonne,3297.706,IN
CBAM-98776884,28070010,846.468,tonne,3076.386,TR
CBAM-16575523,31021000,288.54,tonne,3353.933,UA
CBAM-81760228,27160000,790.248,tonne,1544.582,MA
CBAM-76923289,25232900,844.881,tonne,3323.87,CN
CBAM-03077514,72083900,210.719,tonne,3908.478,IN
CBAM-58367660,76011000,225.268,tonne,2832.092,TR
CBAM-41378026,28070010,799.227,tonne,4861.336,UA
CBAM-86138841,31021000,707.974,tonne,2951.576,MA
CBAM-06783815,27160000,717.039,tonne,3377.67,CN
CBAM-13121680,25232900,485.222,tonne,2351.057,IN
CBAM-61355466,72083900,516.903,tonne,1009.522,TR
CBAM-18822118,76011000,829.644,tonne,3840.238,UA
CBAM-25912099,28070010,919.016,tonne,1538.79,MA
CBAM-73395924,31021000,44.53,tonne,2754.814,CN
CBAM-83909592,27160000,128.665,tonne,1946.535,IN
CBAM-69115639,25232900,844.897,tonne,3109.003,TR
CBAM-23725955,72083900,373.553,tonne,3345.214,UA
CBAM-20288746,76011000,918.627,tonne,4913.336,MA
CBAM-33960075,28070010,214.929,tonne,3434.398,CN
CBAM-89461618,31021000,9.963,tonne,1177.207,IN
CBAM-77272238,27160000,151.756,tonne,2368.783,TR
CBAM-66038354,25232900,982.813,tonne,1206.026,UA
CBAM-70102903,72083900,531.844,tonne,1332.95,MA
CBAM-50366188,76011000,681.539,tonne,2978.567,CN
CBAM-82370956,28070010,7.122,tonne,1526.797,IN
CBAM-68652868,31021000,984.079,tonne,810.173,TR
CBAM-21478568,27160000,771.443,tonne,317.946,UA
CBAM-86682584,25232900,132.609,tonne,735.858,MA
CBAM-06174973,72083900,522.664,tonne,3653.508,CN
CBAM-85343351,76011000,852.724,tonne,3909.673,IN
CBAM-37878805,28070010,711.467,tonne,4422.091,TR
CBAM-19412427,31021000,501.193,tonne,4843.032,UA
CBAM-86259327,27160000,327.227,tonne,4526.495,MA
CBAM-80163111,25232900,54.319,tonne,4639.078,CN
CBAM-89551555,72083900,900.874,tonne,34.004,IN
CBAM-38108093,76011000,674.143,tonne,4933.096,TR
CBAM-28292852,28070010,769.795,tonne,4260.869,UA
CBAM-75352001,31021000,994.2,tonne,2146.34,MA
CBAM-58315096,27160000,391.536,tonne,2887.271,CN
CBAM-55431998,25232900,123.705,tonne,1537.758,IN
CBAM-30921689,72083900,138.796,tonne,2611.224,TR
CBAM-99867768,76011000,216.232,tonne,822.14,UA
CBAM-66814164,28070010,923.577,tonne,2515.297,MA
CBAM-74151327,31021000,556.978,tonne,3194.897,CN
CBAM-32101646,27160000,51.816,tonne,1220.304,IN
CBAM-77223419,25232900,175.815,tonne,2071.373,TR
CBAM-59305848,72083900,878.993,tonne,946.674,UA
CBAM-65902697,76011000,399.924,tonne,3293.773,MA
CBAM-22064582,28070010,472.363,tonne,4425.313,CN
CBAM-05897600,31021000,980.854,tonne,3139.965,IN
CBAM-21715982,27160000,261.163,tonne,1593.136,TR
CBAM-12258515,25232900,461.31,tonne,887.527,UA
CBAM-40781261,72083900,770.15,tonne,2860.971,MA
CBAM-78446796,76011000,185.808,tonne,4149.255,CN
CBAM-54681139,28070010,140.461,tonne,440.013,IN
CBAM-89698213,31021000,120.745,tonne,2400.184,TR
CBAM-45962976,27160000,936.581,tonne,4407.935,UA
CBAM-93642647,25232900,430.406,tonne,1131.442,MA
CBAM-85550410,72083900,776.51,tonne,2517.553,CN
CBAM-54327258,76011000,43.104,tonne,1471.899,IN
CBAM-37012778,28070010,214.04,tonne,4590,TR
CBAM-49983104,31021000,884.995,tonne,2995.3,UA
CBAM-84106200,27160000,594.316,tonne,761.638,MA
CBAM-39280873,25232900,942.071,tonne,1067.525,CN
CBAM-27785672,72083900,906.104,tonne,2216.398,IN
CBAM-00263499,76011000,805.559,tonne,2319.017,TR
CBAM-43438342,28070010,808.153,tonne,2549.179,UA
CBAM-20226757,31021000,576.425,tonne,4990.319,MA
CBAM-24516891,27160000,750.947,tonne,2955.146,CN
CBAM-97417457,25232900,833.059,tonne,4560.228,IN
CBAM-12208256,72083900,298.527,tonne,1365.471,TR
CBAM-15000072,76011000,261.179,tonne,504.258,UA
CBAM-33669420,28070010,646.515,tonne,3989.762,MA
CBAM-21658028,31021000,543.342,tonne,2001.063,CN
CBAM-67852705,27160000,373.805,tonne,4838.861,IN
CBAM-19062786,25232900,110.349,tonne,2750.92,TR
CBAM-41874656,72083900,937.627,tonne,732.552,UA
CBAM-08351179,76011000,453.189,tonne,1312.826,MA
CBAM-16976263,28070010,702.296,tonne,3278.933,CN
CBAM-69919948,31021000,79.175,tonne,746.93,IN
CBAM-85870912,27160000,964.335,tonne,1185.894,TR
CBAM-45353301,25232900,360.625,tonne,3832.611,UA
CBAM-11592119,72083900,888.415,tonne,1624.669,MA
CBAM-13212040,76011000,811.771,tonne,3964.827,CN
CBAM-02266264,28070010,318.792,tonne,1794.055,IN
CBAM-48568394,31021000,506.062,tonne,3464.182,TR
CBAM-19268314,27160000,662.994,tonne,3179.314,UA
CBAM-86637574,25232900,798.739,tonne,2290.429,MA
CBAM-44151386,72083900,133.431,tonne,4650.57,CN
CBAM-95712331,76011000,317.469,tonne,4219.198,IN
CBAM-42387581,28070010,409.7,tonne,2101.642,TR
CBAM-60407954,31021000,315.786,tonne,4356.811,UA
CBAM-61482597,27160000,892.532,tonne,1899.364,MA
CBAM-83637338,25232900,662.086,tonne,4911.644,CN
CBAM-51243332,72083900,973.668,tonne,2847.851,IN
CBAM-83402807,76011000,362.555,tonne,980.18,TR
CBAM-96532781,28070010,772.912,tonne,4890.646,UA
CBAM-71643496,31021000,915.066,tonne,1516.247,MA
CBAM-00779914,27160000,850.14,tonne,2861.071,CN
CBAM-70129545,25232900,12.397,tonne,431.683,IN
CBAM-49720456,72083900,562.976,tonne,88.633,TR
CBAM-00057425,76011000,695.461,tonne,343.348,UA
CBAM-47469509,28070010,844.868,tonne,2464.162,MA
CBAM-57356572,31021000,706.335,tonne,4689.614,CN
CBAM-71556971,27160000,953.634,tonne,2344.27,IN
CBAM-59864274,25232900,395.48,tonne,500.308,TR
CBAM-79550196,72083900,303.971,tonne,873.47,UA
CBAM-86050619,76011000,437.556,tonne,1219.524,MA
CBAM-09072802,28070010,376.16,tonne,2906.604,CN
CBAM-15671033,31021000,773.7,tonne,610.12,IN
CBAM-97286903,27160000,666.435,tonne,1327.807,TR
CBAM-69578222,25232900,502.708,tonne,3128.608,UA
CBAM-49125333,72083900,349.584,tonne,1186.036,MA
CBAM-68027148,76011000,545.71,tonne,938.568,CN
CBAM-07101193,28070010,82.613,tonne,2757.53,IN
CBAM-03059804,31021000,168.054,tonne,4343.442,TR
CBAM-20789172,27160000,18.071,tonne,4614.257,UA
CBAM-73565386,25232900,399.047,tonne,4136.261,MA
CBAM-50620727,72083900,576.839,tonne,897.534,CN
CBAM-15127102,76011000,1.199,tonne,2843.101,IN
CBAM-21045489,28070010,599.501,tonne,2763.26,TR
CBAM-03721049,31021000,285.915,tonne,478.156,UA
CBAM-89659100,27160000,407.771,tonne,110.184,MA
CBAM-10722619,25232900,668.507,tonne,2757.629,CN
CBAM-29565213,72083900,941.637,tonne,3195.835,IN
CBAM-90329081,76011000,728.063,tonne,637.489,TR
CBAM-68530942,28070010,157.627,tonne,1968.8,UA
CBAM-51775056,31021000,804.281,tonne,93.953,MA
CBAM-32386686,27160000,114.466,tonne,4258.306,CN
CBAM-88755465,25232900,141.543,tonne,1925.311,IN
CBAM-83286263,72083900,991.728,tonne,4616.624,TR
CBAM-41493405,76011000,887.768,tonne,4038.073,UA
CBAM-97130987,28070010,971.247,tonne,2473.362,MA
CBAM-29876758,31021000,90.631,tonne,1799.907,CN
CBAM-80699436,27160000,769.263,tonne,3310.39,IN
CBAM-14968159,25232900,870.769,tonne,1786.589,TR
CBAM-38386957,72083900,678.938,tonne,2407.324,UA
CBAM-70381413,76011000,715.341,tonne,1682.475,MA
CBAM-17631695,28070010,445.87,tonne,490.472,CN
CBAM-64204998,31021000,145.97,tonne,601.478,IN
CBAM-89819289,27160000,698.154,tonne,3762.099,TR
CBAM-67453393,25232900,464.777,tonne,1136.483,UA
CBAM-96811764,72083900,751.263,tonne,2915.289,MA
CBAM-11437335,76011000,658.023,tonne,855.027,CN
CBAM-84027829,28070010,185.721,tonne,4248.815,IN
CBAM-33957549,31021000,202.638,tonne,2302.926,TR
CBAM-01085879,27160000,68.166,tonne,1523.87,UA
CBAM-26648399,25232900,519.354,tonne,2889.396,MA
CBAM-53258556,72083900,453.634,tonne,4715.499,CN
CBAM-94296678,76011000,766.252,tonne,2952.932,IN
CBAM-19752024,28070010,875.116,tonne,2861.91,TR
CBAM-91306105,31021000,524.232,tonne,1995.117,UA
CBAM-96739596,27160000,469.321,tonne,2813.272,MA
CBAM-09429846,25232900,162.549,tonne,556.9,CN
CBAM-60298516,72083900,868.081,tonne,3167.75,IN
CBAM-67329043,76011000,430.433,tonne,1821.939,TR
CBAM-63508513,28070010,916.919,tonne,4075.334,UA
CBAM-37049399,31021000,984.5,tonne,107.125,MA
CBAM-14237398,27160000,20.336,tonne,933.354,CN
CBAM-69661980,25232900,866.465,tonne,1865.541,IN
CBAM-98433886,72083900,140.528,tonne,403.468,TR
CBAM-09233113,76011000,646.557,tonne,4259.695,UA
CBAM-33191414,28070010,753.521,tonne,424.174,MA
CBAM-80366605,31021000,636.386,tonne,2608.581,CN
CBAM-85600152,27160000,256.239,tonne,1275.899,IN
CBAM-94646946,25232900,471.481,tonne,4450.336,TR
CBAM-87940224,72083900,600.613,tonne,4951.278,UA
CBAM-21691720,76011000,629.877,tonne,2589.75,MA
CBAM-84740570,28070010,936.334,tonne,4754.266,CN
CBAM-41073269,31021000,117.043,tonne,3553.569,IN
CBAM-29083446,27160000,48.287,tonne,2592.29,TR
CBAM-76881372,25232900,390.926,tonne,376.015,UA
CBAM-83539610,72083900,937.021,tonne,2549.462,MA
CBAM-77973031,76011000,669.356,tonne,872.391,CN
CBAM-57070984,28070010,130.455,tonne,4102.864,IN
CBAM-71483390,31021000,193.426,tonne,1900.757,TR
CBAM-43817816,27160000,455.718,tonne,2623.325,UA
CBAM-24143452,25232900,282.835,tonne,901.952,MA
CBAM-13206221,72083900,191.851,tonne,940.799,CN
CBAM-33293889,76011000,133.303,tonne,4398.992,IN
CBAM-89297196,28070010,955.7,tonne,897.173,TR
CBAM-38999541,31021000,24.087,tonne,3269.249,UA
CBAM-67890981,27160000,649.755,tonne,2176.016,MA
CBAM-73617867,25232900,579.799,tonne,1897.179,CN
CBAM-33171911,72083900,856.029,tonne,823.552,IN
CBAM-79036134,76011000,522.578,tonne,3399.168,TR
CBAM-25421935,28070010,457.579,tonne,3316.414,UA
CBAM-31757695,31021000,764.591,tonne,984.342,MA
CBAM-48589113,27160000,789.849,tonne,2173.301,CN
CBAM-93437870,25232900,590.374,tonne,731.652,IN
CBAM-96407894,72083900,758.092,tonne,1313.547,TR
CBAM-47609587,76011000,12.145,tonne,540.408,UA
CBAM-45550408,28070010,267.733,tonne,3208.088,MA
CBAM-14026088,31021000,471.384,tonne,4471.348,CN
CBAM-76865068,27160000,114.466,tonne,3086.647,IN
CBAM-82323758,25232900,855.089,tonne,481.052,TR
CBAM-62169568,72083900,968.235,tonne,125.408,UA
CBAM-04905521,76011000,434.344,tonne,934.226,MA
CBAM-71401852,28070010,164.739,tonne,86.055,CN
CBAM-89044290,31021000,735.796,tonne,2508.66,IN
CBAM-68204669,27160000,816.407,tonne,473.841,TR
CBAM-46295354,25232900,682.475,tonne,2216.035,UA
CBAM-79781707,72083900,746.314,tonne,284.773,MA
CBAM-98084315,76011000,541.211,tonne,4318.047,CN
CBAM-00594870,28070010,868.994,tonne,1377.709,IN
CBAM-78204309,31021000,975.328,tonne,3051.398,TR
CBAM-24070252,27160000,997.503,tonne,2288.344,UA
CBAM-78195835,25232900,169.357,tonne,1861.133,MA
CBAM-77805754,72083900,923.877,tonne,2072.689,CN
CBAM-36916184,76011000,62.276,tonne,4466.876,IN
CBAM-07029812,28070010,72.972,tonne,1399.382,TR
CBAM-01478312,31021000,980.691,tonne,256.925,UA
CBAM-49226172,27160000,118.701,tonne,1385.363,MA
CBAM-15507091,25232900,683.712,tonne,1230.44,CN
CBAM-46626600,72083900,653.694,tonne,4891.878,IN
CBAM-84469730,76011000,347.918,tonne,3210,TR
CBAM-13393920,28070010,290.905,tonne,4333.817,UA
CBAM-94132768,31021000,756.202,tonne,3539.851,MA
CBAM-45469974,27160000,26.036,tonne,4910.279,CN
CBAM-48034375,25232900,49.859,tonne,1331.123,IN
CBAM-00729800,72083900,169.03,tonne,3224.898,TR
CBAM-29737924,76011000,369.702,tonne,2393.454,UA
CBAM-97887510,28070010,198.574,tonne,311.862,MA
CBAM-04212639,31021000,885.914,tonne,602.448,CN
CBAM-42732715,27160000,635.92,tonne,1359.855,IN
CBAM-28957162,25232900,147.969,tonne,928.753,TR
CBAM-48089463,72083900,250.163,tonne,1898.638,UA
CBAM-65663631,76011000,639.404,tonne,4110.256,MA
CBAM-01363011,28070010,521.324,tonne,4181.546,CN
CBAM-34189690,31021000,68.004,tonne,3787.618,IN
CBAM-80376097,27160000,170.835,tonne,4741.103,TR
CBAM-44431571,25232900,987.067,tonne,3903.578,UA
CBAM-04023657,72083900,928.601,tonne,3770.993,MA
CBAM-28744949,76011000,273.789,tonne,4916.361,CN
CBAM-16630122,28070010,456.985,tonne,1685.188,IN
CBAM-34200309,31021000,53.525,tonne,812.742,TR
CBAM-95488611,27160000,564.222,tonne,2340.371,UA
CBAM-71700036,25232900,835.146,tonne,691.595,MA
CBAM-17551240,72083900,434.33,tonne,4232.458,CN
CBAM-87234486,76011000,221.804,tonne,876.464,IN
CBAM-94958064,28070010,178.392,tonne,2029.146,TR
CBAM-27035885,31021000,87.474,tonne,4730.95,UA
CBAM-74043277,27160000,87.274,tonne,3526.705,MA
CBAM-30528135,25232900,890.17,tonne,2602.8,CN
CBAM-33998668,72083900,433.795,tonne,3776.31,IN
CBAM-59298647,76011000,839.185,tonne,897.791,TR
CBAM-45127126,28070010,765.638,tonne,4155.855,UA
CBAM-65446385,31021000,499.297,tonne,2011.449,MA
CBAM-68259922,27160000,400.375,tonne,1624.864,CN
CBAM-63597482,25232900,611.56,tonne,871.14,IN
CBAM-12623526,72083900,748.291,tonne,1431.141,TR
CBAM-73724835,76011000,621.219,tonne,1858.076,UA
CBAM-43058977,28070010,242.72,tonne,131.603,MA
CBAM-65544931,31021000,900.077,tonne,365.585,CN
CBAM-57822265,27160000,144.33,tonne,4680.299,IN
CBAM-29608852,25232900,297.672,tonne,117.956,TR
CBAM-67286155,72083900,118.614,tonne,2463.462,UA
CBAM-38844540,76011000,733.907,tonne,1680.156,MA
CBAM-66623030,28070010,129.149,tonne,1654.175,CN
CBAM-93956817,31021000,69.108,tonne,4652.298,IN
CBAM-10623036,27160000,306.455,tonne,1224.182,TR
CBAM-68293224,25232900,30.098,tonne,534.815,UA
CBAM-54683267,72083900,479.432,tonne,4971.803,MA
CBAM-54429851,76011000,347.218,tonne,2709.727,CN
CBAM-93628375,28070010,659.062,tonne,4939.36,IN
CBAM-23884738,31021000,573.657,tonne,92.857,TR
CBAM-60793919,27160000,209.066,tonne,3972.622,UA
CBAM-18662752,25232900,495.26,tonne,3441.451,MA
CBAM-95914172,72083900,601.518,tonne,1925.784,CN
CBAM-06462055,76011000,697.777,tonne,4180.858,IN
CBAM-93706879,28070010,173.008,tonne,541.551,TR
CBAM-00570290,31021000,48.194,tonne,4134.145,UA
CBAM-16000370,27160000,836.207,tonne,3903.751,MA
CBAM-01212621,25232900,513.348,tonne,1618.281,CN
CBAM-72414132,72083900,61.283,tonne,1297.04,IN
CBAM-21075999,76011000,583.021,tonne,1027.874,TR
CBAM-09141528,28070010,309.926,tonne,3223.893,UA
CBAM-29254587,31021000,488.959,tonne,3788.002,MA
CBAM-71470574,27160000,547.588,tonne,2813.758,CN
CBAM-48344647,25232900,155.771,tonne,2980.293,IN
CBAM-86121366,72083900,975.872,tonne,3209.277,TR
CBAM-73445909,76011000,708.015,tonne,1278.873,UA
CBAM-02772669,28070010,356.002,tonne,3119.889,MA
CBAM-96794416,31021000,759.24,tonne,3303.561,CN
CBAM-71118786,27160000,931.958,tonne,4417.475,IN
CBAM-56661629,25232900,918.684,tonne,86.649,TR
CBAM-20343058,72083900,418.687,tonne,2151.573,UA
CBAM-47909331,76011000,961.715,tonne,4375.475,MA
CBAM-81355703,28070010,512.756,tonne,3434.924,CN
CBAM-86566368,31021000,887.985,tonne,2554.081,IN
CBAM-18438725,27160000,273.087,tonne,1883.012,TR
CBAM-56725059,25232900,411.087,tonne,3910.224,UA
CBAM-54614252,72083900,206.956,tonne,2818.257,MA
CBAM-36406153,76011000,703.448,tonne,825.492,CN
CBAM-74384789,28070010,303.128,tonne,4507.595,IN
CBAM-59949311,31021000,736.322,tonne,1553.186,TR
CBAM-45036577,27160000,972.927,tonne,4405.506,UA
CBAM-90927140,25232900,883.837,tonne,4175.297,MA
CBAM-01050397,72083900,740.852,tonne,1385.168,CN
CBAM-16795581,76011000,504.773,tonne,4378.453,IN
CBAM-01953461,28070010,268.874,tonne,2704.225,TR
CBAM-68627761,31021000,997.582,tonne,2198.981,UA
CBAM-59984490,27160000,282.851,tonne,657.874,MA
CBAM-98213274,25232900,378.232,tonne,138.811,CN
CBAM-92482364,72083900,363.349,tonne,4888.384,IN
CBAM-98391530,76011000,511.546,tonne,1764.033,TR
CBAM-75273842,28070010,182.494,tonne,2701.707,UA
CBAM-93700695,31021000,219.342,tonne,578.518,MA
CBAM-36048437,27160000,929.266,tonne,3921.352,CN
CBAM-07221611,25232900,917.109,tonne,2937.623,IN
CBAM-10114038,72083900,380.953,tonne,963.478,TR
CBAM-90285801,76011000,890.059,tonne,1519.676,UA
CBAM-17307686,28070010,812.37,tonne,112.063,MA
CBAM-90480318,31021000,336.626,tonne,4241.532,CN
CBAM-26224027,27160000,220.768,tonne,1819.592,IN
CBAM-02372968,25232900,781.406,tonne,2733.356,TR
CBAM-42419543,72083900,333.536,tonne,1082.994,UA
CBAM-69728972,76011000,455.207,tonne,80.985,MA
CBAM-52679930,28070010,93.369,tonne,92.187,CN
CBAM-93625594,31021000,186.608,tonne,2492.335,IN
CBAM-33810280,27160000,828.287,tonne,2244.657,TR
CBAM-33196933,25232900,192.764,tonne,1645.083,UA
CBAM-56815912,72083900,926.436,tonne,1159.514,MA
CBAM-56738694,76011000,151.254,tonne,401.903,CN
CBAM-78006960,28070010,991.83,tonne,1993.563,IN
CBAM-77628294,31021000,400.721,tonne,1707.52,TR
CBAM-25710607,27160000,863.452,tonne,488.046,UA
CBAM-78350008,25232900,21.353,tonne,4074.665,MA
CBAM-86481965,72083900,758.447,tonne,100.801,CN
CBAM-79483447,76011000,373.783,tonne,1950.971,IN
CBAM-84203111,28070010,662.796,tonne,2716.64,TR
CBAM-56139807,31021000,634.132,tonne,1814.814,UA
CBAM-80837962,27160000,355.895,tonne,3118.915,MA
CBAM-28480227,25232900,525.118,tonne,1331.25,CN
CBAM-82620909,72083900,707.536,tonne,295.247,IN
CBAM-24667277,76011000,752.067,tonne,1758.965,TR
CBAM-43782179,28070010,775.728,tonne,2489.6,UA
CBAM-93485514,31021000,930.903,tonne,4692.68,MA
CBAM-25978897,27160000,666.452,tonne,945.759,CN
CBAM-18962282,25232900,407.643,tonne,4947.726,IN
CBAM-56952694,72083900,645.002,tonne,2896.619,TR
CBAM-79098593,76011000,688.469,tonne,887.964,UA
CBAM-44903399,28070010,2.699,tonne,2710.157,MA
CBAM-78865644,31021000,492.492,tonne,4513.36,CN
CBAM-64674956,27160000,711.506,tonne,3379.645,IN
CBAM-33670060,25232900,92.251,tonne,2916.829,TR
CBAM-58805404,72083900,714.631,tonne,3960.876,UA
CBAM-76640500,76011000,69.823,tonne,3186.207,MA
CBAM-51745884,28070010,240.288,tonne,1917.436,CN
CBAM-34153083,31021000,535.879,tonne,258.593,IN
CBAM-19665929,27160000,813.118,tonne,3800.926,TR
CBAM-09164550,25232900,818.32,tonne,2185.14,UA
CBAM-09542272,72083900,632.779,tonne,1119.271,MA
CBAM-01913702,76011000,527.929,tonne,4265.394,CN
CBAM-88040392,28070010,499.567,tonne,2898.389,IN
CBAM-80461576,31021000,23.577,tonne,3844.77,TR
CBAM-45458370,27160000,631.329,tonne,1639.712,UA
CBAM-57101402,25232900,927.653,tonne,632.825,MA
CBAM-05492150,72083900,8.393,tonne,3269.51,CN
CBAM-91744216,76011000,518.121,tonne,4490.374,IN
CBAM-54013858,28070010,487.591,tonne,1041.123,TR
CBAM-25745415,31021000,100.158,tonne,43.304,UA
CBAM-33140419,27160000,591.272,tonne,4899.648,MA
CBAM-87912608,25232900,453.303,tonne,4763.103,CN
CBAM-01282974,72083900,509.416,tonne,342.914,IN
CBAM-02512230,76011000,442.046,tonne,660.012,TR
CBAM-02439977,28070010,517.255,tonne,1982.989,UA
CBAM-23679413,31021000,851.869,tonne,495.163,MA
CBAM-45405503,27160000,8.21,tonne,4457.985,CN
CBAM-45796481,25232900,324.378,tonne,4332.45,IN
CBAM-76305278,72083900,107.586,tonne,164.344,TR
CBAM-52865173,76011000,496.821,tonne,1742.178,UA
CBAM-43796129,28070010,286.405,tonne,4648.736,MA
CBAM-38755373,31021000,436.185,tonne,4904.915,CN
CBAM-84575300,27160000,982.779,tonne,2795.087,IN
CBAM-29806252,25232900,443.293,tonne,4440.171,TR
CBAM-38502065,72083900,394.743,tonne,2874.577,UA
CBAM-70521102,76011000,23.228,tonne,1443.683,MA
CBAM-15558518,28070010,478.407,tonne,3271.346,CN
CBAM-51569205,31021000,621.183,tonne,4058.762,IN
CBAM-00127747,27160000,777.352,tonne,2983.18,TR
CBAM-45141998,25232900,605.256,tonne,3613.506,UA
CBAM-41806502,72083900,860.901,tonne,3175.662,MA
CBAM-83148717,76011000,34.088,tonne,3757.992,CN
CBAM-51950079,28070010,578.258,tonne,669.269,IN
CBAM-43306868,31021000,191.703,tonne,3374.018,TR
CBAM-22279187,27160000,173.144,tonne,643.436,UA
CBAM-33105023,25232900,185.267,tonne,1792.123,MA
CBAM-90464739,72083900,153.167,tonne,4425.086,CN
CBAM-89138525,76011000,666.076,tonne,4028.892,IN
CBAM-10573416,28070010,218.174,tonne,2669.99,TR
CBAM-87793174,31021000,271.249,tonne,2811.574,UA
CBAM-42450719,27160000,949.032,tonne,3240.317,MA
CBAM-39824656,25232900,243.394,tonne,3776.318,CN
CBAM-70339904,72083900,878.233,tonne,4371.346,IN
CBAM-37725164,76011000,962.696,tonne,1426.384,TR
CBAM-11394461,28070010,242.547,tonne,1251.571,UA
CBAM-17733997,31021000,991.439,tonne,2571.04,MA
CBAM-30841591,27160000,489.359,tonne,4710.975,CN
CBAM-78886327,25232900,144.998,tonne,4395.245,IN
CBAM-66523240,72083900,783.322,tonne,3979.857,TR
CBAM-46058957,76011000,81.928,tonne,3289.683,UA
CBAM-35098903,28070010,615.4,tonne,3009.584,MA
CBAM-37881425,31021000,637.558,tonne,4592.278,CN
CBAM-58082455,27160000,754.849,tonne,3738.826,IN
CBAM-27898805,25232900,14.191,tonne,4551.463,TR
CBAM-25082267,72083900,896.523,tonne,4119.673,UA
CBAM-46627271,76011000,990.603,tonne,3691.719,MA
CBAM-72770012,28070010,27.398,tonne,4354.396,CN
CBAM-29397563,31021000,260.883,tonne,4382.346,IN
CBAM-09961223,27160000,382.948,tonne,1222.035,TR
CBAM-35578153,25232900,760.832,tonne,979.846,UA
CBAM-16935025,72083900,921.163,tonne,98.106,MA
CBAM-08458916,76011000,10.274,tonne,2096.229,CN
CBAM-67192233,28070010,302.756,tonne,558.009,IN
CBAM-37702200,31021000,559.605,tonne,694.112,TR
CBAM-50590404,27160000,28.111,tonne,3714.744,UA
CBAM-30528989,25232900,67.203,tonne,275.478,MA
CBAM-86264308,72083900,688.846,tonne,3665.707,CN
CBAM-29698742,76011000,280.424,tonne,3340.923,IN
CBAM-15240093,28070010,28.306,tonne,1460.728,TR
CBAM-20527372,31021000,137.626,tonne,1816.986,UA
CBAM-53812124,27160000,67.24,tonne,796.393,MA
CBAM-83649021,25232900,813.99,tonne,3392.797,CN
CBAM-47825976,72083900,342.026,tonne,2852.143,IN
CBAM-47348953,76011000,409.561,tonne,1075.124,TR
CBAM-27439031,28070010,831.098,tonne,1720.49,UA
CBAM-83874611,31021000,918.007,tonne,932.931,MA
CBAM-46701546,27160000,712.962,tonne,1319.146,CN
CBAM-63546502,25232900,205.101,tonne,132.927,IN
CBAM-26118500,72083900,203.86,tonne,1834.473,TR
CBAM-59760036,76011000,590.861,tonne,3300.676,UA
CBAM-47272569,28070010,43.289,tonne,1106.567,MA
CBAM-28116668,31021000,822.724,tonne,3787.075,CN
CBAM-39302663,27160000,991.741,tonne,1130.381,IN
CBAM-00740576,25232900,74.789,tonne,856.955,TR
CBAM-32026524,72083900,520.228,tonne,4558.723,UA
CBAM-68477789,76011000,288.984,tonne,4261.174,MA
CBAM-40808918,28070010,538.193,tonne,1246.907,CN
CBAM-75570768,31021000,101.414,tonne,2979.43,IN
CBAM-95892687,27160000,557.661,tonne,4676.493,TR
CBAM-25143047,25232900,896.437,tonne,1355.706,UA
CBAM-10949613,72083900,144.621,tonne,2281.845,MA
CBAM-43391781,76011000,527.322,tonne,1284.867,CN
CBAM-50721824,28070010,23.893,tonne,598.975,IN
CBAM-01822781,31021000,167.429,tonne,818.215,TR
CBAM-04271184,27160000,291.97,tonne,107.152,UA
CBAM-71803262,25232900,436.058,tonne,2729.634,MA
CBAM-02263790,72083900,790.322,tonne,3554.252,CN
CBAM-40133455,76011000,804.692,tonne,2173.293,IN
CBAM-77858083,28070010,675.006,tonne,2649.342,TR
CBAM-03568996,31021000,201.898,tonne,199.479,UA
CBAM-45317862,27160000,131.219,tonne,1134.147,MA
CBAM-81654470,25232900,805.598,tonne,4191.747,CN
CBAM-18648671,72083900,552.223,tonne,403.812,IN
CBAM-58439772,76011000,174.248,tonne,2161.635,TR
CBAM-58214813,28070010,341.827,tonne,4484.811,UA
CBAM-85216027,31021000,266.259,tonne,551.677,MA
CBAM-18718453,27160000,874.157,tonne,3619.206,CN
CBAM-35593679,25232900,382.185,tonne,1226.133,IN
CBAM-59146360,72083900,367.926,tonne,3642.32,TR
CBAM-01927900,76011000,356.241,tonne,4187.307,UA
CBAM-88208443,28070010,119.518,tonne,2610.939,MA
CBAM-37726472,31021000,807.823,tonne,506.161,CN
CBAM-98497266,27160000,653.277,tonne,164.324,IN
CBAM-76669737,25232900,22.317,tonne,3015.84,TR
CBAM-51482296,72083900,733.75,tonne,4384.923,UA
CBAM-80318572,76011000,874.225,tonne,912.095,MA
CBAM-38132475,28070010,682.389,tonne,817.488,CN
CBAM-95128160,31021000,145.867,tonne,4027.435,IN
CBAM-19481802,27160000,40.48,tonne,2833.641,TR
CBAM-67284900,25232900,757.951,tonne,3645.8,UA
CBAM-17957786,72083900,591.173,tonne,3715.119,MA
CBAM-85879689,76011000,918.416,tonne,618.9,CN
CBAM-70470960,28070010,54.492,tonne,3909.313,IN
CBAM-71167032,31021000,618.471,tonne,3644.049,TR
CBAM-32990163,27160000,491.295,tonne,3949.889,UA
CBAM-83467691,25232900,961.217,tonne,3166.281,MA
CBAM-65063535,72083900,910.542,tonne,2260.586,CN
CBAM-25402314,76011000,326.625,tonne,853.16,IN
CBAM-29513424,28070010,648.649,tonne,1836.246,TR
CBAM-66122553,31021000,918.271,tonne,989.333,UA
CBAM-25991757,27160000,540.256,tonne,1340.024,MA
CBAM-00445985,25232900,965.626,tonne,1594.049,CN
CBAM-68442757,72083900,582.87,tonne,2912.207,IN
CBAM-97693778,76011000,480.042,tonne,2024.746,TR
CBAM-24905985,28070010,438.443,tonne,4431.622,UA
CBAM-67064946,31021000,787.534,tonne,2948.443,MA
CBAM-16415596,27160000,668.139,tonne,4103.952,CN
CBAM-10413114,25232900,117.983,tonne,3820.65,IN
CBAM-52884068,72083900,332.009,tonne,756.544,TR
CBAM-50553617,76011000,713.282,tonne,4574.989,UA
CBAM-17618243,28070010,75.77,tonne,1291.533,MA
CBAM-46321016,31021000,554.98,tonne,3967.186,CN
CBAM-89556159,27160000,625.005,tonne,186.623,IN
CBAM-27188945,25232900,426.169,tonne,4586.753,TR
CBAM-53937512,72083900,200.604,tonne,767.621,UA
CBAM-06750267,76011000,447.996,tonne,3954.628,MA
CBAM-42105297,28070010,9.015,tonne,2015.345,CN
CBAM-43159803,31021000,271.069,tonne,4121.616,IN
CBAM-28406142,27160000,499.876,tonne,3622.573,TR
CBAM-89284104,25232900,932.961,tonne,4696.522,UA
CBAM-74075731,72083900,311.478,tonne,760.426,MA
CBAM-78242297,76011000,826.901,tonne,2999.693,CN
CBAM-48788855,28070010,248.419,tonne,4784.183,IN
CBAM-83542037,31021000,305.571,tonne,4438.866,TR
CBAM-65802135,27160000,108.743,tonne,365.697,UA
CBAM-70814509,25232900,379.734,tonne,564.573,MA
CBAM-36208117,72083900,902.004,tonne,4636.673,CN
CBAM-94296089,76011000,740.422,tonne,4963.2,IN
CBAM-78904286,28070010,773.789,tonne,857.099,TR
CBAM-76846358,31021000,375.893,tonne,955.979,UA
CBAM-93729328,27160000,298.819,tonne,2738.315,MA
CBAM-50247549,25232900,907.291,tonne,602.394,CN
CBAM-72784033,72083900,164.384,tonne,2772.307,IN
CBAM-20324483,76011000,336.049,tonne,4749.65,TR
CBAM-15695133,28070010,175.342,tonne,470.802,UA
CBAM-09971299,31021000,228.028,tonne,1480.486,MA
CBAM-45952627,27160000,260.867,tonne,2908.963,CN
CBAM-84247683,25232900,588.234,tonne,3828.403,IN
CBAM-26892206,72083900,144.2,tonne,257.585,TR
CBAM-21713141,76011000,286.424,tonne,486.932,UA
CBAM-72280815,28070010,723.531,tonne,4114.611,MA
CBAM-77286314,31021000,150.121,tonne,758.192,CN
CBAM-26945863,27160000,966.569,tonne,204.424,IN
CBAM-55772767,25232900,306.567,tonne,2113.813,TR
CBAM-42039680,72083900,761.475,tonne,3268.489,UA
CBAM-42618084,76011000,880.063,tonne,4148.501,MA
CBAM-28968692,28070010,222.879,tonne,3278.499,CN
CBAM-88209491,31021000,784.886,tonne,3443.415,IN
CBAM-89926221,27160000,59.846,tonne,1513.117,TR
CBAM-00523083,25232900,564.138,tonne,3084.825,UA
CBAM-80997616,72083900,109.888,tonne,71.901,MA
CBAM-69147433,76011000,556.797,tonne,2817.439,CN
CBAM-86954234,28070010,414.428,tonne,4003.534,IN
CBAM-85642951,31021000,476.634,tonne,1186.358,TR
CBAM-42578386,27160000,3.514,tonne,3789.383,UA
CBAM-97646420,25232900,323.39,tonne,3201.29,MA
CBAM-04460023,72083900,835.778,tonne,2222.156,CN
CBAM-15977738,76011000,461.806,tonne,690.242,IN
CBAM-30937763,28070010,401.641,tonne,1514.559,TR
CBAM-30057189,31021000,516.993,tonne,1057.449,UA
CBAM-30531097,27160000,125.762,tonne,4913.192,MA
CBAM-65936263,25232900,11.387,tonne,2262.073,CN
CBAM-01729325,72083900,980.937,tonne,369.707,IN
CBAM-61197119,76011000,630.676,tonne,432.387,TR
CBAM-39799422,28070010,651.739,tonne,3726.286,UA
CBAM-16517607,31021000,474.776,tonne,472.074,MA
CBAM-16963601,27160000,228.062,tonne,266.154,CN
CBAM-59880376,25232900,528.357,tonne,4518.145,IN
CBAM-97946656,72083900,629.534,tonne,3500.706,TR
CBAM-75867124,76011000,195.115,tonne,4551.969,UA
CBAM-47230482,28070010,125.021,tonne,2233.796,MA
CBAM-73535302,31021000,831.24,tonne,4354.324,CN
CBAM-65663540,27160000,116.251,tonne,3069.376,IN
CBAM-64462270,25232900,977.331,tonne,2061.344,TR
CBAM-91788787,72083900,73.602,tonne,4095.558,UA
CBAM-32598035,76011000,787.995,tonne,1497.339,MA
CBAM-01585539,28070010,234.277,tonne,1765.833,CN
CBAM-98488137,31021000,941.393,tonne,2074.969,IN
CBAM-55380331,27160000,824.911,tonne,161.219,TR
CBAM-37163012,25232900,703.677,tonne,417.589,UA
CBAM-27842958,72083900,297.053,tonne,4033.811,MA
CBAM-12872506,76011000,423.323,tonne,1919.007,CN
CBAM-78373637,28070010,996.7,tonne,2460.749,IN
CBAM-98977123,31021000,505.401,tonne,3125.405,TR
CBAM-25916445,27160000,103.717,tonne,3242.063,UA
CBAM-67671815,25232900,102.106,tonne,3095.464,MA
CBAM-46985036,72083900,942.261,tonne,3654.114,CN
CBAM-79020130,76011000,534.296,tonne,2458.329,IN
CBAM-02202936,28070010,51.226,tonne,4433.345,TR
CBAM-28868332,31021000,328.096,tonne,2306.524,UA
CBAM-36616854,27160000,816.282,tonne,2367.181,MA
CBAM-94086449,25232900,625.789,tonne,2878.153,CN
CBAM-32396231,72083900,504.787,tonne,2792.772,IN
CBAM-24377323,76011000,236.992,tonne,120.341,TR
CBAM-16723895,28070010,113.461,tonne,2549.073,UA
CBAM-48152777,31021000,780.395,tonne,3280.655,MA
CBAM-25826088,27160000,763.139,tonne,4402.192,CN
CBAM-74124010,25232900,804.709,tonne,3005.258,IN
CBAM-68658997,72083900,130.254,tonne,1437.324,TR
CBAM-52290307,76011000,749.201,tonne,3576.946,UA
CBAM-93880766,28070010,563.924,tonne,3795.29,MA
CBAM-58989746,31021000,236.142,tonne,1595.145,CN
CBAM-47950149,27160000,524.54,tonne,2695.36,IN
CBAM-70137101,25232900,163.498,tonne,1985.219,TR
CBAM-32762574,72083900,695.235,tonne,3539.778,UA
CBAM-39164753,76011000,164.518,tonne,4729.121,MA
CBAM-59958941,28070010,923.998,tonne,1754.676,CN
CBAM-62726396,31021000,703.699,tonne,4893.194,IN
CBAM-47001260,27160000,45.553,tonne,4424.775,TR
CBAM-95897348,25232900,385.526,tonne,503.878,UA
CBAM-23465665,72083900,21.57,tonne,4555.217,MA
CBAM-65493414,76011000,26.345,tonne,3840.311,CN
CBAM-20314885,28070010,544.966,tonne,1059.038,IN
CBAM-16459121,31021000,195.678,tonne,4726.717,TR
CBAM-32421283,27160000,895.744,tonne,3816.966,UA
CBAM-97967790,25232900,380.13,tonne,1488.373,MA
CBAM-11101165,72083900,363.076,tonne,2084.482,CN
CBAM-90257710,76011000,966.471,tonne,3527.971,IN
CBAM-13297082,28070010,836.856,tonne,2427.41,TR
CBAM-46026743,31021000,963.931,tonne,2605.328,UA
CBAM-06383981,27160000,120.708,tonne,2217.08,MA
CBAM-89796243,25232900,195.856,tonne,1959.673,CN
CBAM-27364856,72083900,196.729,tonne,3811.251,IN
CBAM-03358156,76011000,110.267,tonne,1128.136,TR
CBAM-25651700,28070010,708.036,tonne,2000.506,UA
CBAM-13456444,31021000,589.227,tonne,1455.683,MA
CBAM-75648980,27160000,303.722,tonne,1432.539,CN
CBAM-07811221,25232900,233.713,tonne,4971.13,IN
CBAM-54418778,72083900,392.927,tonne,3695.02,TR
CBAM-09831411,76011000,367.553,tonne,1956.392,UA
CBAM-92725835,28070010,172.968,tonne,2164.118,MA
CBAM-02583856,31021000,946.341,tonne,3932.128,CN
CBAM-38094096,27160000,529.163,tonne,1069.583,IN
CBAM-59359705,25232900,592.076,tonne,2568.276,TR
CBAM-80905412,72083900,404.018,tonne,228.408,UA
CBAM-96175664,76011000,126.279,tonne,3918.924,MA
CBAM-11068322,28070010,334.488,tonne,4275.742,CN
CBAM-36255041,31021000,541.199,tonne,2859.657,IN
CBAM-54891541,27160000,156.616,tonne,2609.674,TR
CBAM-97427936,25232900,447.974,tonne,3216.425,UA
CBAM-69075306,72083900,979.052,tonne,2526.438,MA
CBAM-95008252,76011000,464.718,tonne,4232.546,CN
CBAM-17788781,28070010,332.593,tonne,427.277,IN
CBAM-40706553,31021000,691.555,tonne,1728.027,TR
CBAM-66800275,27160000,831.447,tonne,2620.565,UA
CBAM-06389814,25232900,685.448,tonne,3856.04,MA
CBAM-57415259,72083900,675.298,tonne,3991.727,CN
CBAM-61158438,76011000,13.251,tonne,4982.362,IN
CBAM-49476924,28070010,448.189,tonne,1743.147,TR
CBAM-75301594,31021000,675.724,tonne,964.001,UA
CBAM-33487966,27160000,65.591,tonne,4719.626,MA
CBAM-20060311,25232900,475.273,tonne,2781.716,CN
CBAM-24603949,72083900,882.98,tonne,3821.462,IN
CBAM-74233458,76011000,286.876,tonne,2731.324,TR
CBAM-35381072,28070010,738.412,tonne,4220.259,UA
CBAM-26679300,31021000,840.092,tonne,3714.036,MA
CBAM-88708010,27160000,162.405,tonne,4234.451,CN
CBAM-82866650,25232900,612.293,tonne,4341.221,IN
CBAM-56603140,72083900,588.549,tonne,287.453,TR
CBAM-27021175,76011000,510.493,tonne,21.541,UA
CBAM-60110403,28070010,113.841,tonne,4793.401,MA
CBAM-27770228,31021000,44.332,tonne,2468.486,CN
CBAM-12028523,27160000,488.615,tonne,3750.798,IN
CBAM-38279467,25232900,5.894,tonne,941.592,TR
CBAM-44329247,72083900,217.794,tonne,273.009,UA
CBAM-04906329,76011000,382.736,tonne,2130.07,MA
CBAM-18713598,28070010,97.989,tonne,1004.292,CN
CBAM-00448172,31021000,996.913,tonne,808.295,IN
CBAM-77408466,27160000,71.457,tonne,4597.536,TR
CBAM-26049711,25232900,467.863,tonne,4552.978,UA
CBAM-35910015,72083900,428.785,tonne,1094.064,MA
CBAM-63574833,76011000,40.53,tonne,2119.763,CN
CBAM-85096394,28070010,538.54,tonne,1185.642,IN
CBAM-53680647,31021000,519.628,tonne,1282.484,TR
CBAM-39782208,27160000,734.843,tonne,4889.581,UA
CBAM-62339950,25232900,157.32,tonne,1562.625,MA
CBAM-56941607,72083900,839.601,tonne,3340.202,CN
CBAM-03379809,76011000,125.4,tonne,2423.073,IN
CBAM-79506775,28070010,477.149,tonne,793.843,TR
CBAM-08834661,31021000,964.578,tonne,897.608,UA
CBAM-75433175,27160000,266.508,tonne,3977.125,MA
CBAM-35394521,25232900,280.963,tonne,1797.517,CN
CBAM-44361551,72083900,825.879,tonne,1957.478,IN
CBAM-03716000,76011000,384.808,tonne,3049.3,TR
CBAM-79828873,28070010,463.323,tonne,3838.493,UA
CBAM-06541202,31021000,352.404,tonne,3913.548,MA
CBAM-38382247,27160000,737.717,tonne,2005.199,CN
CBAM-08217016,25232900,174.529,tonne,4770.627,IN
CBAM-03624823,72083900,901.635,tonne,3997.913,TR
CBAM-18686804,76011000,104.871,tonne,626.54,UA
CBAM-40952879,28070010,286.036,tonne,228.087,MA
CBAM-00493468,31021000,378.999,tonne,734.128,CN
CBAM-26312002,27160000,769.946,tonne,4054.131,IN
CBAM-70377242,25232900,467.157,tonne,1080.683,TR
CBAM-39255938,72083900,376.142,tonne,645.57,UA
CBAM-69033124,76011000,12.553,tonne,1904.212,MA
CBAM-62262069,28070010,701.558,tonne,5004.267,CN
CBAM-42652294,31021000,801.06,tonne,644.938,IN
CBAM-35723878,27160000,753.807,tonne,1499.568,TR
CBAM-98709664,25232900,175.876,tonne,1897.673,UA
CBAM-49762525,72083900,242.13,tonne,854.125,MA
CBAM-25865883,76011000,275.56,tonne,1729.857,CN
CBAM-49017758,28070010,332.689,tonne,4568.326,IN
CBAM-33370417,31021000,599.414,tonne,2828.646,TR
CBAM-95042881,27160000,292.023,tonne,3909.295,UA
CBAM-63034873,25232900,736.106,tonne,4875.572,MA
CBAM-25003029,72083900,853.517,tonne,2760.602,CN
CBAM-94566259,76011000,669.769,tonne,3330.779,IN
CBAM-20740530,28070010,259.135,tonne,2605.279,TR
CBAM-31832680,31021000,222.938,tonne,2646.197,UA
CBAM-29774912,27160000,817.966,tonne,4466.805,MA
CBAM-53255648,25232900,661.988,tonne,1434.281,CN
CBAM-98235236,72083900,752.446,tonne,1624.766,IN
CBAM-07156292,76011000,550.836,tonne,4880.693,TR
CBAM-51286063,28070010,118.226,tonne,3370.898,UA
CBAM-42468269,31021000,38.132,tonne,875.881,MA
CBAM-85128025,27160000,361.787,tonne,1252.23,CN
CBAM-92852319,25232900,746.599,tonne,4738.121,IN
CBAM-99728199,72083900,272.881,tonne,1506.215,TR
CBAM-94988255,76011000,620.012,tonne,1790.626,UA
CBAM-48182812,28070010,327.482,tonne,4689.918,MA
CBAM-21155151,31021000,940.701,tonne,4178.976,CN
CBAM-26790005,27160000,912.838,tonne,2370.467,IN
CBAM-04644808,25232900,409.603,tonne,1048.512,TR
CBAM-63439021,72083900,418.074,tonne,225.798,UA
CBAM-10557832,76011000,759.954,tonne,186.845,MA
CBAM-20104860,28070010,201.038,tonne,2183.661,CN
CBAM-86322012,31021000,507.154,tonne,1373.079,IN
CBAM-25658921,27160000,529.538,tonne,1991.355,TR
CBAM-62877832,25232900,23.462,tonne,4168.965,UA
CBAM-32258940,72083900,151.573,tonne,3987.103,MA
CBAM-41672719,76011000,482.523,tonne,2756.976,CN
CBAM-02267177,28070010,588.315,tonne,2255.827,IN
CBAM-09106986,31021000,78.708,tonne,4454.164,TR
CBAM-36773321,27160000,503.313,tonne,4358.49,UA
CBAM-95475464,25232900,496.84,tonne,1091.241,MA
CBAM-78766218,72083900,96.385,tonne,4611.656,CN
CBAM-26840973,76011000,163.729,tonne,2088.692,IN
CBAM-19450473,28070010,964.953,tonne,3844.142,TR
CBAM-09954609,31021000,91.458,tonne,332.656,UA
CBAM-25867679,27160000,227.113,tonne,128.566,MA
CBAM-24711135,25232900,218.293,tonne,2668.793,CN
CBAM-77044113,72083900,119.428,tonne,3250.541,IN
CBAM-82805887,76011000,932.93,tonne,4193.031,TR
CBAM-08858587,28070010,80.875,tonne,750.404,UA
CBAM-84036389,31021000,718.364,tonne,3977.485,MA
CBAM-28560966,27160000,801.121,tonne,807.913,CN
CBAM-04436511,25232900,422.96,tonne,435.016,IN
CBAM-33403873,72083900,580.319,tonne,591.761,TR
CBAM-06983640,76011000,193.733,tonne,4216.857,UA
CBAM-48155925,28070010,958.348,tonne,4243.126,MA
CBAM-29737326,31021000,534.814,tonne,1119.516,CN
CBAM-40683122,27160000,743.407,tonne,3545.501,IN
CBAM-13332611,25232900,496.463,tonne,4666.095,TR
CBAM-61123358,72083900,883.557,tonne,3187.29,UA
CBAM-88419649,76011000,742.588,tonne,1533.917,MA
CBAM-43364280,28070010,596.373,tonne,4810.133,CN
CBAM-88859019,31021000,67.258,tonne,2348.385,IN
CBAM-11629489,27160000,840.761,tonne,2106.735,TR
CBAM-52874931,25232900,244.533,tonne,2930.259,UA
CBAM-76306556,72083900,743.829,tonne,3120.261,MA
CBAM-95058737,76011000,197.135,tonne,2405.12,CN
CBAM-87556552,28070010,48.108,tonne,2928.295,IN
CBAM-57839292,31021000,136.202,tonne,4489.602,TR
CBAM-62408549,27160000,155.616,tonne,3891.97,UA
CBAM-07163328,25232900,729.982,tonne,4877.404,MA
CBAM-49218811,72083900,941.718,tonne,758.456,CN
CBAM-68132707,76011000,872.717,tonne,199.425,IN
CBAM-05004178,28070010,866.418,tonne,1858.008,TR
CBAM-80342035,31021000,191.844,tonne,1358.605,UA
CBAM-44335222,27160000,373.5,tonne,3911.383,MA
CBAM-11475216,25232900,841.731,tonne,4663.729,CN
CBAM-28918796,72083900,802.904,tonne,2762.284,IN
CBAM-07486230,76011000,461.356,tonne,3579.453,TR
CBAM-94687433,28070010,377.903,tonne,4822.688,UA
CBAM-22651891,31021000,716.463,tonne,3062.996,MA
CBAM-58032102,27160000,978.45,tonne,1165.488,CN
CBAM-84314449,25232900,412.772,tonne,1169.403,IN
CBAM-04848774,72083900,291.87,tonne,3960.682,TR
CBAM-00720802,76011000,321.529,tonne,727.176,UA
CBAM-03704723,28070010,152.647,tonne,1956.193,MA
CBAM-23522077,31021000,836.486,tonne,1326.323,CN
CBAM-84946113,27160000,952.4,tonne,4624.796,IN
CBAM-39334197,25232900,291.587,tonne,1133.014,TR
CBAM-84992183,72083900,588.771,tonne,977.091,UA
CBAM-16435172,76011000,241.499,tonne,2236.473,MA
CBAM-34923230,28070010,38.995,tonne,3229.742,CN
CBAM-23236516,31021000,32.117,tonne,3272.586,IN
CBAM-60228424,27160000,589.291,tonne,603.605,TR
CBAM-14648130,25232900,431.83,tonne,4789.93,UA
CBAM-85965793,72083900,941.445,tonne,3083.957,MA
CBAM-81912899,76011000,621.969,tonne,2150.986,CN
CBAM-00606938,28070010,995.861,tonne,1228.049,IN
CBAM-11296568,31021000,91.39,tonne,4314.21,TR
CBAM-79512691,27160000,26.132,tonne,54.509,UA
CBAM-12941830,25232900,121.5,tonne,4886.313,MA
CBAM-81896611,72083900,892.952,tonne,1527.801,CN
CBAM-41959176,76011000,686.036,tonne,4008.289,IN
CBAM-21839101,28070010,963.541,tonne,2373.372,TR
CBAM-12337731,31021000,85.62,tonne,2682.634,UA
CBAM-06389444,27160000,761.737,tonne,1284.71,MA
CBAM-57696440,25232900,132.102,tonne,1494.694,CN
CBAM-42141138,72083900,125.146,tonne,3076.4,IN
CBAM-53372994,76011000,498.639,tonne,1110.315,TR
CBAM-88917497,28070010,109.062,tonne,1233.923,UA
CBAM-05013856,31021000,296.552,tonne,1388.142,MA
CBAM-79678196,27160000,933.809,tonne,2524.475,CN
CBAM-99086974,25232900,918.57,tonne,2892.038,IN
CBAM-56480707,72083900,886.107,tonne,3271.339,TR
CBAM-90371443,76011000,853.781,tonne,3953.224,UA
CBAM-70617680,28070010,82.257,tonne,2667.072,MA
CBAM-02063485,31021000,771.048,tonne,2934.959,CN
CBAM-87454807,27160000,75.216,tonne,2088.5,IN
CBAM-42127917,25232900,474.95,tonne,2265.722,TR
CBAM-95901791,72083900,856.86,tonne,4887.563,UA
CBAM-84172203,76011000,585.904,tonne,3411.516,MA
CBAM-13059969,28070010,92.672,tonne,4903.008,CN
CBAM-75842452,31021000,558.605,tonne,3372.263,IN
CBAM-70280613,27160000,507.222,tonne,1812.831,TR
CBAM-93905314,25232900,681.292,tonne,4201.329,UA
CBAM-25688446,72083900,855.833,tonne,4331.032,MA
CBAM-31080761,76011000,487.204,tonne,1208.544,CN
CBAM-51431595,28070010,860.231,tonne,3040.57,IN
CBAM-61014571,31021000,377.11,tonne,4058.309,TR
CBAM-24101506,27160000,24.177,tonne,3821.898,UA
CBAM-09798362,25232900,492.654,tonne,2602.161,MA
CBAM-34777222,72083900,592.767,tonne,3414.288,CN
CBAM-53973721,76011000,492.307,tonne,616.022,IN
CBAM-31225145,28070010,301.026,tonne,1535.19,TR
CBAM-67447845,31021000,860.551,tonne,1836.826,UA
CBAM-98162169,27160000,320.285,tonne,1664.686,MA
CBAM-16876628,25232900,87.153,tonne,4082.494,CN
CBAM-45300713,72083900,15.867,tonne,1568.515,IN
CBAM-10345639,76011000,123.195,tonne,4309.903,TR
CBAM-25845668,28070010,945.175,tonne,659.618,UA
CBAM-61828874,31021000,754.995,tonne,1961.33,MA
CBAM-00313314,27160000,553.614,tonne,1682.025,CN
CBAM-48863658,25232900,992.324,tonne,1588.622,IN
CBAM-50637181,72083900,919.036,tonne,126.382,TR
CBAM-63371038,76011000,272.001,tonne,403.768,UA
CBAM-91702942,28070010,871.264,tonne,4482.566,MA
CBAM-29436994,31021000,396.439,tonne,3954.725,CN
CBAM-89531990,27160000,280.523,tonne,1687.712,IN
CBAM-62472684,25232900,900.279,tonne,602.273,TR
CBAM-80003387,72083900,44.403,tonne,4671.245,UA
CBAM-01162868,76011000,677.953,tonne,2047.888,MA
CBAM-18179683,28070010,803.817,tonne,2938.699,CN
CBAM-11726344,31021000,378.212,tonne,4033.402,IN
CBAM-99672032,27160000,928.62,tonne,283.577,TR
CBAM-74971337,25232900,284.118,tonne,3181.555,UA
CBAM-18071672,72083900,256.737,tonne,4363.349,MA
CBAM-91727517,76011000,351.024,tonne,4275.492,CN
CBAM-30848646,28070010,612.254,tonne,3778.818,IN
CBAM-84352605,31021000,400.238,tonne,359.033,TR
CBAM-14440887,27160000,830.066,tonne,4087.192,UA
CBAM-78485097,25232900,940.498,tonne,4156.385,MA
CBAM-09157480,72083900,214.982,tonne,3878.833,CN
CBAM-16944162,76011000,853.661,tonne,3707.182,IN
CBAM-25381279,28070010,67.127,tonne,278.917,TR
CBAM-67350763,31021000,222.138,tonne,3330.758,UA
CBAM-59028841,27160000,390.657,tonne,3705.619,MA
CBAM-97654712,25232900,176.058,tonne,13.202,CN
CBAM-94526130,72083900,70.377,tonne,2613.018,IN
CBAM-87215988,76011000,623.748,tonne,4628.618,TR
CBAM-06501507,28070010,419.489,tonne,1874.073,UA
CBAM-02519814,31021000,163.825,tonne,1099.616,MA
CBAM-75773369,27160000,560.347,tonne,2721.062,CN
CBAM-80724584,25232900,753.738,tonne,526.503,IN
CBAM-95538799,72083900,123.594,tonne,3254.905,TR
CBAM-87673686,76011000,14.008,tonne,2506.228,UA
CBAM-74457765,28070010,428.718,tonne,2309.975,MA
CBAM-07052210,31021000,294.78,tonne,1903.136,CN
CBAM-51954119,27160000,994.681,tonne,4694.785,IN
CBAM-61644155,25232900,248.402,tonne,4914.071,TR
CBAM-27164579,72083900,553.975,tonne,3097.26,UA
CBAM-76360686,76011000,51.567,tonne,3485.161,MA
CBAM-97375959,28070010,489.677,tonne,4110.609,CN
CBAM-80508603,31021000,201.561,tonne,3561.135,IN
CBAM-52252860,27160000,52.581,tonne,693.632,TR
CBAM-90860944,25232900,770.322,tonne,3987.58,UA
CBAM-36612313,72083900,552.969,tonne,1217.75,MA
CBAM-99958366,76011000,16.619,tonne,880.067,CN
CBAM-90024209,28070010,252.081,tonne,3102.878,IN
CBAM-12707022,31021000,432.381,tonne,969.538,TR
CBAM-19256227,27160000,348.836,tonne,2079.944,UA
CBAM-54500436,25232900,263.376,tonne,4062.414,MA
CBAM-52430655,72083900,617.809,tonne,1368.055,CN
CBAM-25178195,76011000,101.839,tonne,1059.122,IN
CBAM-98214935,28070010,564.453,tonne,4763.225,TR
CBAM-13675704,31021000,655.283,tonne,1361.225,UA
CBAM-96074796,27160000,934.096,tonne,2538.318,MA
CBAM-74327152,25232900,261.573,tonne,2605.837,CN
CBAM-43486727,72083900,883.162,tonne,3750.603,IN
CBAM-85239384,76011000,317.864,tonne,4345.632,TR
CBAM-44245511,28070010,656.043,tonne,4351.583,UA
CBAM-00527087,31021000,643.762,tonne,2020.809,MA
CBAM-41406918,27160000,528.499,tonne,514.05,CN
CBAM-04260359,25232900,940.23,tonne,3845.069,IN
CBAM-82114791,72083900,72.699,tonne,443.694,TR
CBAM-77864607,76011000,640.566,tonne,317.46,UA
CBAM-51498544,28070010,762.122,tonne,1597.074,MA
CBAM-23503936,31021000,869.018,tonne,2567.658,CN
CBAM-97457769,27160000,957.341,tonne,2419.895,IN
CBAM-67631155,25232900,92.274,tonne,235.049,TR
CBAM-16735768,72083900,114.12,tonne,214.931,UA
CBAM-69315066,76011000,862.507,tonne,1995.49,MA
CBAM-09292771,28070010,772.916,tonne,1701.163,CN
CBAM-07368341,31021000,706.707,tonne,2996.02,IN
CBAM-24944894,27160000,433.993,tonne,1418.374,TR
CBAM-89459499,25232900,262.61,tonne,2582.954,UA
CBAM-90474853,72083900,233.832,tonne,2658.725,MA
CBAM-11799134,76011000,439.824,tonne,2835.176,CN
CBAM-02695044,28070010,267.822,tonne,4966.712,IN
CBAM-94914035,31021000,197.352,tonne,4557.386,TR
CBAM-14488254,27160000,460.879,tonne,1132.734,UA
CBAM-35089461,25232900,995.799,tonne,536.736,MA
CBAM-33081036,72083900,66.002,tonne,213.69,CN
CBAM-99428984,76011000,445.401,tonne,3933.143,IN
CBAM-98548362,28070010,902.275,tonne,673.39,TR
CBAM-64370498,31021000,389.324,tonne,2317.743,UA
CBAM-38288863,27160000,451.543,tonne,57.981,MA
CBAM-06777301,25232900,194.252,tonne,3263.437,CN
CBAM-81854165,72083900,973.392,tonne,3405.916,IN
CBAM-90908360,76011000,184.1,tonne,1272.379,TR
CBAM-34601226,28070010,545.377,tonne,3345.054,UA
CBAM-47593477,31021000,839.298,tonne,4952.784,MA
CBAM-61071243,27160000,335.442,tonne,3032.625,CN
CBAM-79225784,25232900,195.154,tonne,938.522,IN
CBAM-02405457,72083900,197.334,tonne,1399.814,TR
CBAM-82877218,76011000,615.817,tonne,2810.019,UA
CBAM-94335311,28070010,595.577,tonne,625.308,MA
CBAM-54595848,31021000,831.233,tonne,555.332,CN
CBAM-54607104,27160000,755.217,tonne,697.502,IN
CBAM-03645926,25232900,811.793,tonne,202.758,TR
CBAM-87755201,72083900,480.992,tonne,4337.649,UA
CBAM-34078774,76011000,982.724,tonne,2651.736,MA
CBAM-02786482,28070010,503.186,tonne,2668.651,CN
CBAM-95992102,31021000,987.661,tonne,3596.514,IN
CBAM-34141318,27160000,468.56,tonne,2293.12,TR
CBAM-77068616,25232900,745.485,tonne,4404.943,UA
CBAM-74550605,72083900,349.351,tonne,4888.307,MA
CBAM-04460030,76011000,54.816,tonne,1496.071,CN
CBAM-68912460,28070010,582.48,tonne,3486.152,IN
CBAM-97558364,31021000,826.276,tonne,3863.532,TR
CBAM-68185514,27160000,212.161,tonne,4946.053,UA
CBAM-07340972,25232900,872.347,tonne,4512.361,MA
CBAM-26509433,72083900,190.863,tonne,4305.23,CN
CBAM-28096912,76011000,604.29,tonne,1167.6,IN
CBAM-74351454,28070010,890.75,tonne,49.895,TR
CBAM-16477388,31021000,166.079,tonne,3738.756,UA
CBAM-75919635,27160000,753.109,tonne,4830.361,MA
CBAM-88680460,25232900,157.34,tonne,4666.255,CN
CBAM-42488561,72083900,219.805,tonne,1745.303,IN
CBAM-05641098,76011000,913.744,tonne,539.102,TR
CBAM-52373396,28070010,518.29,tonne,3743.644,UA
CBAM-56085411,31021000,407.993,tonne,2638.74,MA
CBAM-44414497,27160000,891.478,tonne,3309.884,CN
CBAM-74671756,25232900,188.459,tonne,791.139,IN
CBAM-97945124,72083900,574.45,tonne,2350.911,TR
CBAM-95459400,76011000,955.939,tonne,3675.542,UA
CBAM-09461657,28070010,554.018,tonne,2397.889,MA
CBAM-49229322,31021000,503.304,tonne,1983.148,CN
CBAM-65277779,27160000,245.171,tonne,4635.655,IN
CBAM-92538101,25232900,656.164,tonne,501.461,TR
CBAM-90140536,72083900,446.399,tonne,4887.787,UA
CBAM-97697579,76011000,97.004,tonne,834.239,MA
CBAM-19668273,28070010,435.571,tonne,94.758,CN
CBAM-26707062,31021000,467.715,tonne,2439.313,IN
CBAM-78330927,27160000,250.254,tonne,4717.532,TR
CBAM-35856850,25232900,821.979,tonne,3543.448,UA
CBAM-27240289,72083900,67.826,tonne,2873.492,MA
CBAM-20473637,76011000,940.553,tonne,3117.86,CN
CBAM-05889203,28070010,701.93,tonne,889.489,IN
CBAM-77131515,31021000,168.847,tonne,2130.575,TR
CBAM-41905436,27160000,831.578,tonne,990.591,UA
CBAM-70689694,25232900,868.585,tonne,277.471,MA
CBAM-30631719,72083900,301.623,tonne,1162.789,CN
CBAM-57868806,76011000,360.037,tonne,881.938,IN
CBAM-37304518,28070010,982.634,tonne,3399.683,TR
CBAM-84277302,31021000,393.919,tonne,2540.452,UA
CBAM-99002270,27160000,17.755,tonne,2047.969,MA
CBAM-27037969,25232900,935.193,tonne,1294.622,CN
CBAM-28191234,72083900,865.092,tonne,17.677,IN
CBAM-32990006,76011000,465.565,tonne,4277.261,TR
CBAM-82405034,28070010,629.263,tonne,4374.719,UA
CBAM-17807803,31021000,308.669,tonne,1232.763,MA
CBAM-57527029,27160000,236.683,tonne,885.206,CN
CBAM-36491744,25232900,180.979,tonne,1047.818,IN
CBAM-90184403,72083900,884.391,tonne,1350.763,TR
CBAM-13863855,76011000,787.993,tonne,4646.065,UA
CBAM-38575220,28070010,653.025,tonne,4503.585,MA
CBAM-21039111,31021000,592.252,tonne,808.028,CN
CBAM-88996082,27160000,111.863,tonne,4215.026,IN
CBAM-25750264,25232900,986.331,tonne,1568.364,TR
CBAM-62413746,72083900,966.614,tonne,2548.239,UA
CBAM-74640654,76011000,526.227,tonne,3949.085,MA
CBAM-21213096,28070010,541.256,tonne,3263.767,CN
CBAM-55017023,31021000,557.19,tonne,4098.322,IN
CBAM-63069598,27160000,791.593,tonne,2216.603,TR
CBAM-30494067,25232900,409.602,tonne,4043.144,UA
CBAM-51338964,72083900,462.851,tonne,1467.878,MA
CBAM-90853173,76011000,199.853,tonne,3458.497,CN
CBAM-97749629,28070010,497.082,tonne,4976.986,IN
CBAM-66881140,31021000,89.76,tonne,198.924,TR
CBAM-87775847,27160000,679.517,tonne,3562.012,UA
CBAM-85999182,25232900,388.456,tonne,689.608,MA
CBAM-08941001,72083900,179.955,tonne,674.645,CN
CBAM-28044743,76011000,609.142,tonne,2924.423,IN
CBAM-34257215,28070010,197.451,tonne,548.699,TR
CBAM-32498567,31021000,287.865,tonne,3602.6,UA
CBAM-56014697,27160000,623.116,tonne,64.539,MA
CBAM-05757067,25232900,391.196,tonne,702.453,CN
CBAM-72835917,72083900,649.4,tonne,4057.246,IN
CBAM-36226978,76011000,911.172,tonne,1665.46,TR
CBAM-80561324,28070010,931.161,tonne,271.134,UA
CBAM-67771775,31021000,869.743,tonne,3064.59,MA
CBAM-11297996,27160000,908.822,tonne,3071.202,CN
CBAM-38095177,25232900,642.542,tonne,2609.629,IN
CBAM-40385129,72083900,834.879,tonne,1134.403,TR
CBAM-73871405,76011000,311.31,tonne,2674.179,UA
CBAM-59361791,28070010,659.184,tonne,2062.736,MA
CBAM-78881283,31021000,438.305,tonne,1380.777,CN
CBAM-63380234,27160000,366.219,tonne,3611.053,IN
CBAM-17290831,25232900,789.148,tonne,2506.233,TR
CBAM-05008306,72083900,72.284,tonne,3912.937,UA
CBAM-26872191,76011000,22.759,tonne,3750.666,MA
CBAM-68011652,28070010,822.547,tonne,2428.722,CN
CBAM-10567979,31021000,388.92,tonne,1778.824,IN
CBAM-86836358,27160000,359.564,tonne,4502.565,TR
CBAM-42595286,25232900,856.23,tonne,3671.327,UA
CBAM-51709573,72083900,613.681,tonne,1065.863,MA
CBAM-97840831,76011000,100.028,tonne,4622.446,CN
CBAM-43970187,28070010,668.658,tonne,3192.177,IN
CBAM-61840786,31021000,86.317,tonne,3906.188,TR
CBAM-17062457,27160000,637.765,tonne,4440.563,UA
CBAM-89272348,25232900,930.576,tonne,4654.504,MA
CBAM-11508244,72083900,258.898,tonne,3894.642,CN
CBAM-44568093,76011000,524.423,tonne,526.691,IN
CBAM-64599439,28070010,498.584,tonne,4689.642,TR
CBAM-90548608,31021000,847.6,tonne,4007.608,UA
CBAM-27881375,27160000,376.847,tonne,3714.146,MA
CBAM-34082780,25232900,466.756,tonne,3465.639,CN
CBAM-66714369,72083900,497.048,tonne,1244.397,IN
CBAM-99389552,76011000,60.827,tonne,1707.681,TR
CBAM-72847771,28070010,371.518,tonne,4060.155,UA
CBAM-77594831,31021000,116.243,tonne,973.581,MA
CBAM-23801085,27160000,507.056,tonne,1060.497,CN
CBAM-86744243,25232900,927.748,tonne,2239.856,IN
CBAM-94183852,72083900,531.683,tonne,3684.142,TR
CBAM-29013925,76011000,217.077,tonne,4085.817,UA
CBAM-56326749,28070010,56.819,tonne,3510.51,MA
CBAM-88971461,31021000,351.091,tonne,3391.172,CN
CBAM-62863193,27160000,539.273,tonne,336.149,IN
CBAM-82577512,25232900,638.936,tonne,4995.498,TR
CBAM-07746214,72083900,474.513,tonne,2862.241,UA
CBAM-61538412,76011000,858.495,tonne,4310.324,MA
CBAM-01801958,28070010,115.513,tonne,4027.236,CN
CBAM-05420630,31021000,352.072,tonne,693.943,IN
CBAM-90476229,27160000,785.645,tonne,1751.734,TR
CBAM-46756166,25232900,981.038,tonne,1417.314,UA
CBAM-90630537,72083900,212.762,tonne,1204.519,MA
CBAM-84315622,76011000,954.758,tonne,884.301,CN
CBAM-35612351,28070010,169.877,tonne,4682.359,IN
CBAM-63280178,31021000,466.752,tonne,1011.764,TR
CBAM-97084862,27160000,604.425,tonne,1636.594,UA
CBAM-51883086,25232900,428.829,tonne,3297.974,MA
CBAM-71628967,72083900,997.257,tonne,2251.866,CN
CBAM-82234031,76011000,388.384,tonne,47.206,IN
CBAM-38300260,28070010,119.574,tonne,1307.279,TR
CBAM-39564847,31021000,551.36,tonne,282.037,UA
CBAM-99902445,27160000,575.759,tonne,3187.338,MA
CBAM-81345959,25232900,707.89,tonne,2391.216,CN
CBAM-19866285,72083900,376.581,tonne,3571.378,IN
CBAM-06136935,76011000,689.979,tonne,4863.51,TR
CBAM-18430752,28070010,605.577,tonne,350.874,UA
CBAM-82420407,31021000,787.89,tonne,2648.409,MA
CBAM-48594338,27160000,98.721,tonne,529.73,CN
CBAM-93079081,25232900,992.77,tonne,4997.07,IN
CBAM-62807103,72083900,808.444,tonne,3615.755,TR
CBAM-09319408,76011000,770.416,tonne,2992.36,UA
CBAM-42676570,28070010,325.503,tonne,2817.326,MA
CBAM-71923540,31021000,721.028,tonne,3137.594,CN
CBAM-37743340,27160000,83.998,tonne,706.035,IN
CBAM-77384273,25232900,551.093,tonne,3345.5,TR
CBAM-48326805,72083900,659.028,tonne,127.892,UA
CBAM-71685893,76011000,605.138,tonne,991.151,MA
CBAM-21144186,28070010,385.283,tonne,3553.533,CN
CBAM-43788789,31021000,806.196,tonne,4667.627,IN
CBAM-63534709,27160000,234.521,tonne,2644.324,TR
CBAM-24020355,25232900,976.197,tonne,4493.815,UA
CBAM-15183866,72083900,798.785,tonne,4542.548,MA
CBAM-28520926,76011000,435.683,tonne,2816.912,CN
CBAM-60698915,28070010,282.853,tonne,65.753,IN
CBAM-16663751,31021000,823.539,tonne,91.56,TR
CBAM-91878164,27160000,809.785,tonne,3533.208,UA
CBAM-51885406,25232900,156.215,tonne,2250.596,MA
CBAM-92611523,72083900,396.316,tonne,398.364,CN
CBAM-52113992,76011000,642.708,tonne,1667.875,IN
CBAM-51180988,28070010,209.12,tonne,239.377,TR
CBAM-83449056,31021000,141.376,tonne,2079.987,UA
CBAM-13468315,27160000,734.458,tonne,4342.141,MA
CBAM-12051840,25232900,493.043,tonne,2467.977,CN
CBAM-42604150,72083900,983.214,tonne,631.659,IN
CBAM-58578448,76011000,953.901,tonne,3388.815,TR
CBAM-76515851,28070010,828.716,tonne,30.82,UA
CBAM-58650899,31021000,782.05,tonne,3824.775,MA
CBAM-64659540,27160000,747.645,tonne,4050.968,CN
CBAM-78542071,25232900,576.479,tonne,1792.489,IN
CBAM-53116907,72083900,476.306,tonne,4499.028,TR
CBAM-29343221,76011000,368.502,tonne,2585.885,UA
CBAM-09452893,28070010,710.196,tonne,3490.435,MA
CBAM-84269070,31021000,949.924,tonne,1395.424,CN
CBAM-99639372,27160000,446.157,tonne,3522.406,IN
CBAM-27665424,25232900,444.37,tonne,1177.282,TR
CBAM-84097434,72083900,124.55,tonne,59.136,UA
CBAM-76968114,76011000,71.761,tonne,4845.531,MA
CBAM-57380332,28070010,654.297,tonne,1315.427,CN
CBAM-46587981,31021000,263.065,tonne,4528.657,IN
CBAM-64110488,27160000,460.327,tonne,4385.459,TR
CBAM-85789192,25232900,575.714,tonne,492.992,UA
CBAM-95663850,72083900,560.277,tonne,4996.349,MA
CBAM-18558040,76011000,208.626,tonne,1256.173,CN
CBAM-06040572,28070010,801.835,tonne,1713.622,IN
CBAM-81097797,31021000,632.511,tonne,3135.085,TR
CBAM-94500656,27160000,56.014,tonne,3458.689,UA
CBAM-52975000,25232900,379.55,tonne,3989.752,MA
CBAM-49238774,72083900,192.45,tonne,3065.036,CN
CBAM-51544194,76011000,988.579,tonne,1209.787,IN
CBAM-56224187,28070010,313.783,tonne,4510.445,TR
CBAM-89837834,31021000,353.9,tonne,3666.495,UA
CBAM-90441848,27160000,325.959,tonne,748.908,MA
CBAM-08135220,25232900,838.405,tonne,2061.853,CN
CBAM-49900817,72083900,609.063,tonne,2129.65,IN
CBAM-54011350,76011000,263.406,tonne,3873.547,TR
CBAM-96591128,28070010,664.829,tonne,1588.494,UA
CBAM-60910186,31021000,168.375,tonne,613.584,MA
CBAM-70796240,27160000,543.438,tonne,2715.322,CN
CBAM-19290128,25232900,820.196,tonne,1990.499,IN
CBAM-42707909,72083900,813.201,tonne,1169.195,TR
CBAM-80161388,76011000,699.945,tonne,312.55,UA
CBAM-18906861,28070010,917.798,tonne,4135.163,MA
CBAM-00136060,31021000,817.143,tonne,4292.529,CN
CBAM-11723610,27160000,428.447,tonne,1469.391,IN
CBAM-28497908,25232900,132.234,tonne,4178.531,TR
CBAM-54566308,72083900,885.118,tonne,4209.081,UA
CBAM-52178948,76011000,833.12,tonne,4893.374,MA
CBAM-97181516,28070010,891.545,tonne,1606.137,CN
CBAM-25302051,31021000,647.089,tonne,1342.585,IN
CBAM-35518751,27160000,26.343,tonne,884.441,TR
CBAM-37479952,25232900,185.232,tonne,1017.277,UA
CBAM-57747022,72083900,608.059,tonne,1439.189,MA
CBAM-65962071,76011000,24.454,tonne,3607.224,CN
CBAM-10181109,28070010,194.6,tonne,2285.67,IN
CBAM-30815518,31021000,56.374,tonne,4641.53,TR
CBAM-05084658,27160000,450.988,tonne,3892.461,UA
CBAM-55753824,25232900,294.575,tonne,2311.538,MA
CBAM-21665319,72083900,723.34,tonne,2732.017,CN
CBAM-30202223,76011000,717.432,tonne,4297.352,IN
CBAM-04439695,28070010,586.555,tonne,4829.051,TR
CBAM-75694838,31021000,917.04,tonne,4947.914,UA
CBAM-24459302,27160000,217.463,tonne,3671.4,MA
CBAM-78721781,25232900,115.714,tonne,1585.886,CN
CBAM-53257573,72083900,629.636,tonne,3943.497,IN
CBAM-08026649,76011000,9.912,tonne,2532.544,TR
CBAM-75421050,28070010,619.642,tonne,3374.507,UA
CBAM-99481789,31021000,570.507,tonne,1802.758,MA
CBAM-93742159,27160000,59.783,tonne,1786.156,CN
CBAM-98192371,25232900,951.668,tonne,364.705,IN
CBAM-42784737,72083900,556.955,tonne,3794.723,TR
CBAM-75505557,76011000,395.293,tonne,1945.532,UA
CBAM-36189717,28070010,471.904,tonne,443.958,MA
CBAM-60227923,31021000,460.763,tonne,4560.542,CN
CBAM-80846362,27160000,819.595,tonne,3253.489,IN
CBAM-40884621,25232900,514.95,tonne,2401.156,TR
CBAM-25425981,72083900,556.542,tonne,597.475,UA
CBAM-74289791,76011000,200.21,tonne,3241.262,MA
CBAM-73914056,28070010,329.984,tonne,2676.702,CN
CBAM-26246407,31021000,715.836,tonne,4881.233,IN
CBAM-50812382,27160000,178.772,tonne,795.801,TR
CBAM-19750927,25232900,391.081,tonne,4651.712,UA
CBAM-37555219,72083900,670.36,tonne,4449.903,MA
CBAM-20462095,76011000,882.005,tonne,2852.975,CN
CBAM-68285924,28070010,117.319,tonne,1447.621,IN
CBAM-98605887,31021000,160.84,tonne,150.55,TR
CBAM-51103051,27160000,752.264,tonne,1816.09,UA
CBAM-49555159,25232900,873.883,tonne,2986.714,MA
CBAM-88271478,72083900,916.898,tonne,2156.546,CN
CBAM-99306651,76011000,723.139,tonne,694.086,IN
CBAM-82426728,28070010,184.673,tonne,2629.578,TR
CBAM-59926125,31021000,898.405,tonne,4498.976,UA
CBAM-71373778,27160000,961.706,tonne,2971.016,MA
CBAM-14751516,25232900,340.365,tonne,2013.918,CN
CBAM-29196415,72083900,880.447,tonne,1127.753,IN
CBAM-66519211,76011000,481.751,tonne,4314.21,TR
CBAM-49924303,28070010,606.008,tonne,4453.377,UA
CBAM-22351354,31021000,925.991,tonne,4989.907,MA
CBAM-69554352,27160000,68.732,tonne,1093.234,CN
CBAM-27071905,25232900,342.747,tonne,2229.879,IN
CBAM-39233312,72083900,606.88,tonne,1075.584,TR
CBAM-03752060,76011000,90.831,tonne,3749.519,UA
CBAM-50448969,28070010,156.01,tonne,2988.82,MA
CBAM-93807479,31021000,293.366,tonne,1835.278,CN
CBAM-43232828,27160000,376.831,tonne,1604.329,IN
CBAM-45673867,25232900,28.412,tonne,4776.503,TR
CBAM-35514424,72083900,496.963,tonne,3020.581,UA
CBAM-63758280,76011000,690.022,tonne,1003.498,MA
CBAM-50799604,28070010,545.139,tonne,467.697,CN
CBAM-66790780,31021000,205.09,tonne,599.209,IN
CBAM-47527605,27160000,55.627,tonne,3315.902,TR
CBAM-87665178,25232900,238.434,tonne,1688.975,UA
CBAM-91371006,72083900,958.737,tonne,3390.342,MA
CBAM-50487682,76011000,51.281,tonne,4052.036,CN
CBAM-52671949,28070010,998.931,tonne,2715.603,IN
CBAM-73057152,31021000,164.735,tonne,2746.754,TR
CBAM-99390793,27160000,708.61,tonne,703.855,UA
CBAM-49769919,25232900,474.436,tonne,4322.175,MA
CBAM-76147386,72083900,632.029,tonne,4434.4,CN
CBAM-27667805,76011000,478.355,tonne,4319.552,IN
CBAM-89254027,28070010,947.481,tonne,4136.878,TR
CBAM-61828601,31021000,550.187,tonne,4529.538,UA
CBAM-32597102,27160000,597.076,tonne,1522.857,MA
CBAM-04311389,25232900,950.86,tonne,3412.402,CN
CBAM-97447326,72083900,562.366,tonne,4991.684,IN
CBAM-30126390,76011000,468.286,tonne,2728.351,TR
CBAM-14101573,28070010,918.323,tonne,3192.97,UA
CBAM-56491281,31021000,175.771,tonne,3013.894,MA
CBAM-47395781,27160000,729.174,tonne,4284.772,CN
CBAM-47840544,25232900,13.152,tonne,2096.27,IN
CBAM-02943527,72083900,230.716,tonne,4866.841,TR
CBAM-69770300,76011000,982.501,tonne,4582.427,UA
CBAM-94089155,28070010,388.755,tonne,1736.529,MA
CBAM-25955288,31021000,253.143,tonne,3882.78,CN
CBAM-49172943,27160000,896.999,tonne,3280.674,IN
CBAM-50754238,25232900,336.792,tonne,2358.916,TR
CBAM-78638520,72083900,518.79,tonne,4547.488,UA
CBAM-12314392,76011000,825.01,tonne,3029.253,MA
CBAM-80955977,28070010,203.402,tonne,431.67,CN
CBAM-09789064,31021000,487.01,tonne,3690.782,IN
CBAM-72413629,27160000,65.071,tonne,2897.956,TR
CBAM-39685405,25232900,704.352,tonne,1686.898,UA
CBAM-34987723,72083900,569.279,tonne,4383.378,MA
CBAM-71188010,76011000,10.652,tonne,1934.567,CN
CBAM-97652882,28070010,292.509,tonne,2832.166,IN
CBAM-66712557,31021000,141.96,tonne,3115.101,TR
CBAM-56092865,27160000,540.632,tonne,3788.695,UA
CBAM-00110958,25232900,692.937,tonne,3809.88,MA
CBAM-13312196,72083900,349.675,tonne,1255.871,CN
CBAM-41977593,76011000,153.579,tonne,4023.744,IN
CBAM-70222156,28070010,571.759,tonne,3257.678,TR
CBAM-52964973,31021000,290.728,tonne,849.84,UA
CBAM-43304879,27160000,852.821,tonne,899.223,MA
CBAM-21672306,25232900,495.744,tonne,1852.596,CN
CBAM-37025963,72083900,484.141,tonne,3745.534,IN
CBAM-21948418,76011000,721.98,tonne,2590.845,TR
CBAM-69730144,28070010,457.737,tonne,603.715,UA
CBAM-56426088,31021000,433.728,tonne,2545.838,MA
CBAM-04440864,27160000,411.907,tonne,4137.795,CN
CBAM-22751809,25232900,674.72,tonne,3412.065,IN
CBAM-80634059,72083900,232.238,tonne,3455.515,TR
CBAM-78383267,76011000,34.479,tonne,2929.131,UA
CBAM-32073277,28070010,293.734,tonne,3283.457,MA
CBAM-42323224,31021000,200.806,tonne,1836.138,CN
CBAM-47019083,27160000,967.509,tonne,3355.65,IN
CBAM-27908513,25232900,882.683,tonne,4019.693,TR
CBAM-13695958,72083900,240.883,tonne,621.383,UA
CBAM-50093283,76011000,667.337,tonne,2498.234,MA
CBAM-56827834,28070010,433.054,tonne,3265.417,CN
CBAM-16323771,31021000,497.731,tonne,1809.041,IN
CBAM-15112113,27160000,896.633,tonne,3875.468,TR
CBAM-69849743,25232900,46.032,tonne,3639.693,UA
CBAM-18275638,72083900,130.275,tonne,2600.099,MA
CBAM-97793836,76011000,198.481,tonne,5003.653,CN
CBAM-37380329,28070010,966.788,tonne,409.786,IN
CBAM-33514647,31021000,233.686,tonne,1868.62,TR
CBAM-34966520,27160000,974.375,tonne,309.355,UA
CBAM-00343880,25232900,38.686,tonne,4387.788,MA
CBAM-34039990,72083900,754.816,tonne,1307.224,CN
CBAM-41536418,76011000,331.066,tonne,1845.816,IN
CBAM-20356846,28070010,305.518,tonne,1323.902,TR
CBAM-42829514,31021000,438.032,tonne,1582.203,UA
CBAM-93964638,27160000,940.251,tonne,1900.101,MA
CBAM-49759196,25232900,294.229,tonne,2645.116,CN
CBAM-84776286,72083900,698.409,tonne,2564.731,IN
CBAM-09452164,76011000,231.055,tonne,958.073,TR
CBAM-45293856,28070010,817.307,tonne,3626.087,UA
CBAM-57516691,31021000,737.454,tonne,116.305,MA
CBAM-80830513,27160000,718.903,tonne,501.83,CN
CBAM-36324295,25232900,7.427,tonne,2681.051,IN
CBAM-55955751,72083900,972.902,tonne,792.478,TR
CBAM-71759198,76011000,709.023,tonne,933.094,UA
CBAM-79909187,28070010,265.436,tonne,4998.008,MA
CBAM-11137265,31021000,865.951,tonne,1374.947,CN
CBAM-58392135,27160000,640.937,tonne,1628.596,IN
CBAM-55992638,25232900,685.712,tonne,4998.205,TR
CBAM-38032071,72083900,158.703,tonne,2082.864,UA
CBAM-98876188,76011000,262.401,tonne,2988.484,MA
CBAM-29247113,28070010,819.251,tonne,2920.449,CN
CBAM-94017875,31021000,827.48,tonne,1460.18,IN
CBAM-78350430,27160000,167.159,tonne,2926.87,TR
CBAM-38162371,25232900,478.906,tonne,4589.773,UA
CBAM-57448474,72083900,887.263,tonne,878.134,MA
CBAM-98328394,76011000,637.824,tonne,2421.426,CN
CBAM-97660241,28070010,270.967,tonne,3905.38,IN
CBAM-52090272,31021000,94.228,tonne,2359.459,TR
CBAM-51613333,27160000,257.057,tonne,3663.148,UA
CBAM-80623873,25232900,460.624,tonne,297.007,MA
CBAM-13460439,72083900,372.181,tonne,4198.162,CN
CBAM-93266326,76011000,596.866,tonne,1360.936,IN
CBAM-50126356,28070010,598.722,tonne,4291.144,TR
CBAM-67429982,31021000,998.45,tonne,2404.081,UA
CBAM-58805550,27160000,821.734,tonne,1685.974,MA
CBAM-12243414,25232900,802.348,tonne,2420.395,CN
CBAM-36229424,72083900,519.621,tonne,3384.418,IN
CBAM-70362249,76011000,918.552,tonne,2155.66,TR
CBAM-44527335,28070010,102.147,tonne,668.192,UA
CBAM-42630285,31021000,778.577,tonne,877.088,MA
CBAM-34514158,27160000,848.93,tonne,2128.538,CN
CBAM-57950912,25232900,356.468,tonne,509.467,IN
CBAM-54487063,72083900,606.851,tonne,4179.298,TR
CBAM-39610794,76011000,188.459,tonne,678.098,UA
CBAM-42538361,28070010,782.622,tonne,4906.299,MA
CBAM-61923719,31021000,92.23,tonne,2502.457,CN
CBAM-43741113,27160000,221.517,tonne,1055.983,IN
CBAM-55729718,25232900,678.209,tonne,4242.361,TR
CBAM-89072984,72083900,876.39,tonne,385.136,UA
CBAM-82127926,76011000,196.942,tonne,837.385,MA
CBAM-14999886,28070010,572.146,tonne,745.605,CN
CBAM-13885316,31021000,988.026,tonne,196.357,IN
CBAM-82062359,27160000,331.959,tonne,3325.797,TR
CBAM-24679432,25232900,703.755,tonne,3746.467,UA
CBAM-70372761,72083900,839.15,tonne,3080.421,MA
CBAM-75725274,76011000,880.908,tonne,4439.148,CN
CBAM-66436828,28070010,897.822,tonne,1672.97,IN
CBAM-92125315,31021000,370.632,tonne,711.092,TR
CBAM-62781759,27160000,953.494,tonne,4948.108,UA
CBAM-05495597,25232900,658.044,tonne,1247.901,MA
CBAM-69255382,72083900,562.434,tonne,2344.204,CN
CBAM-32813280,76011000,768.777,tonne,4412.072,IN
CBAM-92237835,28070010,855.464,tonne,4355.68,TR
CBAM-80877162,31021000,448.52,tonne,4401.47,UA
CBAM-85336491,27160000,85.199,tonne,2190.307,MA
CBAM-33127414,25232900,997.613,tonne,4089.352,CN
CBAM-38764425,72083900,680.011,tonne,741.543,IN
CBAM-13065285,76011000,499.659,tonne,2532.196,TR
CBAM-16180619,28070010,796.752,tonne,2421.5,UA
CBAM-06070902,31021000,28.568,tonne,2811.177,MA
CBAM-16825793,27160000,5.016,tonne,4024.436,CN
CBAM-01527153,25232900,325.289,tonne,984.165,IN
CBAM-24717037,72083900,888.937,tonne,2263.812,TR
CBAM-50756644,76011000,89.286,tonne,3107.388,UA
CBAM-79879436,28070010,59.186,tonne,2639.826,MA
CBAM-19862914,31021000,860.829,tonne,3794.958,CN
CBAM-20157103,27160000,83.486,tonne,244.3,IN
CBAM-63053278,25232900,471.09,tonne,3391.781,TR
CBAM-64163696,72083900,67.391,tonne,3829.046,UA
CBAM-59159375,76011000,984.287,tonne,2252.004,MA
CBAM-43010816,28070010,117.422,tonne,3543.882,CN
CBAM-67062254,31021000,415.057,tonne,1232.265,IN
CBAM-44807910,27160000,282.484,tonne,3966.097,TR
CBAM-41352108,25232900,587.03,tonne,1030.439,UA
CBAM-64238945,72083900,567.366,tonne,676.345,MA
CBAM-33344584,76011000,311.455,tonne,1452.183,CN
CBAM-04732274,28070010,49.518,tonne,1617.551,IN
CBAM-90867556,31021000,758.812,tonne,4190.555,TR
CBAM-04309835,27160000,956.097,tonne,2800.872,UA
CBAM-56730092,25232900,100.172,tonne,1054.428,MA
CBAM-78915173,72083900,796.006,tonne,4865.951,CN
CBAM-29534178,76011000,529.297,tonne,2964.755,IN
CBAM-08445962,28070010,117.947,tonne,4463.962,TR
CBAM-00538377,31021000,969.777,tonne,2941.721,UA
CBAM-91500168,27160000,353.895,tonne,2810.081,MA
CBAM-21462846,25232900,778.451,tonne,2698.414,CN
CBAM-28388350,72083900,954.608,tonne,1652.778,IN
CBAM-65913887,76011000,506.456,tonne,3222.75,TR
CBAM-58701382,28070010,311.009,tonne,2185.782,UA
CBAM-45265909,31021000,659.989,tonne,3072.211,MA
CBAM-19037530,27160000,891.739,tonne,4938.718,CN
CBAM-75596722,25232900,262.999,tonne,4731.489,IN
CBAM-08543768,72083900,508.861,tonne,3548.589,TR
CBAM-35847494,76011000,106.88,tonne,2808.69,UA
CBAM-52994523,28070010,858.775,tonne,343.109,MA
CBAM-73975363,31021000,18.241,tonne,3279.216,CN
CBAM-40446816,27160000,187.641,tonne,3095.883,IN
CBAM-93686576,25232900,654.04,tonne,4056.036,TR
CBAM-47788459,72083900,1.208,tonne,1880.882,UA
CBAM-09285326,76011000,470.61,tonne,198.751,MA
CBAM-39201898,28070010,244.717,tonne,1877.638,CN
CBAM-81300436,31021000,558.716,tonne,3881.478,IN
CBAM-93130344,27160000,219.952,tonne,3959.46,TR
CBAM-59189533,25232900,560.755,tonne,922.082,UA
CBAM-07275772,72083900,306.133,tonne,1410.48,MA
CBAM-72276666,76011000,184.807,tonne,3529.456,CN
CBAM-39726903,28070010,994.857,tonne,863.504,IN
CBAM-22171079,31021000,215.21,tonne,2815.972,TR
CBAM-18386694,27160000,226.375,tonne,3004.846,UA
CBAM-54973177,25232900,88.182,tonne,2318.428,MA
CBAM-22303793,72083900,35.739,tonne,3230.135,CN
CBAM-77333153,76011000,90.19,tonne,1460.43,IN
CBAM-51102047,28070010,309.682,tonne,2683.685,TR
CBAM-84088413,31021000,622.266,tonne,3567.265,UA
CBAM-44950220,27160000,59.33,tonne,1158.282,MA
CBAM-81708128,25232900,14.059,tonne,1836.441,CN
CBAM-56793169,72083900,447.615,tonne,3194.895,IN
CBAM-56486710,76011000,564.272,tonne,3368.361,TR
CBAM-63690595,28070010,22.047,tonne,3894.062,UA
CBAM-97358929,31021000,270.516,tonne,166.641,MA
CBAM-73523368,27160000,276.199,tonne,4525.898,CN
CBAM-78363808,25232900,806.962,tonne,3523.756,IN
CBAM-34217360,72083900,827.155,tonne,1494.717,TR
CBAM-37232112,76011000,531.44,tonne,1720.877,UA
CBAM-38171360,28070010,461.527,tonne,3025.368,MA
CBAM-98421931,31021000,413.945,tonne,3304.785,CN
CBAM-62350716,27160000,493.892,tonne,1136.209,IN
CBAM-95098564,25232900,916.862,tonne,4818.17,TR
CBAM-66051814,72083900,839.446,tonne,3982.975,UA
CBAM-94730022,76011000,257.161,tonne,4320.488,MA
CBAM-64157704,28070010,635.301,tonne,1642.908,CN
CBAM-59615072,31021000,20.758,tonne,3211.259,IN
CBAM-16789985,27160000,892.037,tonne,2607.77,TR
CBAM-27132174,25232900,826.219,tonne,3871.142,UA
CBAM-00820814,72083900,780.863,tonne,203.305,MA
CBAM-64433893,76011000,830.965,tonne,99.366,CN
CBAM-14481337,28070010,436.35,tonne,564.749,IN
CBAM-63922753,31021000,178.229,tonne,2508.167,TR
CBAM-83769453,27160000,523.484,tonne,924.465,UA
CBAM-43480350,25232900,599.155,tonne,109.909,MA
CBAM-21162894,72083900,573.392,tonne,80.81,CN
CBAM-43405679,76011000,130.502,tonne,969.097,IN
CBAM-89847736,28070010,206.938,tonne,3269.66,TR
CBAM-21782185,31021000,823.591,tonne,4134.384,UA
CBAM-33092227,27160000,99.979,tonne,3784.041,MA
CBAM-06517296,25232900,722.199,tonne,4956.464,CN
CBAM-41852548,72083900,67.893,tonne,548.325,IN
CBAM-01740146,76011000,359.236,tonne,4040.759,TR
CBAM-24106112,28070010,303.913,tonne,615.765,UA
CBAM-01990306,31021000,7.364,tonne,2583.635,MA
CBAM-96094006,27160000,491.502,tonne,2686.403,CN
CBAM-43883327,25232900,775.556,tonne,3752.867,IN
CBAM-35015287,72083900,591.269,tonne,3306.2,TR
CBAM-44978239,76011000,360.653,tonne,3625.75,UA
CBAM-40625977,28070010,393.604,tonne,3522.378,MA
CBAM-26143054,31021000,460.889,tonne,980.98,CN
CBAM-73790435,27160000,583.304,tonne,2424.711,IN
CBAM-46751184,25232900,149.285,tonne,1746.056,TR
CBAM-00368302,72083900,272.256,tonne,580.831,UA
CBAM-02701799,76011000,206.092,tonne,13.402,MA
CBAM-84342582,28070010,231.841,tonne,1989.483,CN
CBAM-75163128,31021000,815.415,tonne,1970.278,IN
CBAM-24496640,27160000,278.606,tonne,426.534,TR
CBAM-07844033,25232900,396.856,tonne,1104.172,UA
CBAM-37914573,72083900,150.018,tonne,1010.708,MA
CBAM-47344801,76011000,640.776,tonne,1648.471,CN
CBAM-10747263,28070010,680.124,tonne,1114.258,IN
CBAM-13196855,31021000,468.686,tonne,2062.398,TR
CBAM-05590838,27160000,797.381,tonne,4907.612,UA
CBAM-02410762,25232900,394.307,tonne,1083.238,MA
CBAM-22881936,72083900,429.692,tonne,2297.906,CN
CBAM-70761483,76011000,446.589,tonne,1196.741,IN
CBAM-99824784,28070010,65.142,tonne,3149.768,TR
CBAM-71493451,31021000,204.399,tonne,1964.114,UA
CBAM-74126599,27160000,21.199,tonne,534.253,MA
CBAM-06657155,25232900,817.948,tonne,4885.221,CN
CBAM-41415189,72083900,723.243,tonne,4363.256,IN
CBAM-23934151,76011000,554.904,tonne,1063.837,TR
CBAM-49322531,28070010,852.282,tonne,3222.135,UA
CBAM-59230088,31021000,915.094,tonne,3703.723,MA
CBAM-13170199,27160000,327.604,tonne,1249.175,CN
CBAM-80224839,25232900,81.58,tonne,4136.523,IN
CBAM-69736828,72083900,906.358,tonne,3313.042,TR
CBAM-55659388,76011000,807.065,tonne,4597.903,UA
CBAM-15802537,28070010,442.694,tonne,669.658,MA
CBAM-59099576,31021000,361.35,tonne,1095.689,CN
CBAM-07998137,27160000,286.894,tonne,93.476,IN
CBAM-91474253,25232900,826.712,tonne,3811.823,TR
CBAM-42796172,72083900,400.791,tonne,3516.438,UA
CBAM-72408747,76011000,291.627,tonne,1729.818,MA
CBAM-16705388,28070010,683.292,tonne,1338.404,CN
CBAM-86264719,31021000,226.574,tonne,4991.87,IN
CBAM-32788334,27160000,906.333,tonne,2665.125,TR
CBAM-97792144,25232900,906.248,tonne,2542.017,UA
CBAM-61452154,72083900,978.821,tonne,546.232,MA
CBAM-83349059,76011000,810.148,tonne,2867.852,CN
CBAM-36752628,28070010,664.095,tonne,4356.41,IN
CBAM-09937802,31021000,646.559,tonne,3843.502,TR
CBAM-64190125,27160000,313.874,tonne,359.4,UA
CBAM-72701475,25232900,85.199,tonne,4180.266,MA
CBAM-04306643,72083900,882.228,tonne,4456.21,CN
CBAM-48916211,76011000,111.507,tonne,3191.442,IN
CBAM-73430715,28070010,334.872,tonne,431.436,TR
CBAM-23864795,31021000,750.43,tonne,3448.305,UA
CBAM-90498915,27160000,824.161,tonne,3816.637,MA
CBAM-98033336,25232900,469.231,tonne,4129.792,CN
CBAM-32882395,72083900,520.885,tonne,1240.024,IN
CBAM-76731151,76011000,816.111,tonne,2838.779,TR
CBAM-29561464,28070010,6.654,tonne,4295.594,UA
CBAM-40355355,31021000,561.128,tonne,2073.506,MA
CBAM-32032618,27160000,191.112,tonne,3283.264,CN
CBAM-10936766,25232900,258.72,tonne,3143.476,IN
CBAM-47559835,72083900,380.222,tonne,3367.734,TR
CBAM-63597653,76011000,823.801,tonne,3955.203,UA
CBAM-37287009,28070010,681.501,tonne,3222.646,MA
CBAM-42548784,31021000,887.67,tonne,1924.415,CN
CBAM-64036870,27160000,891.288,tonne,4231.516,IN
CBAM-04534790,25232900,558.968,tonne,3365.95,TR
CBAM-47137941,72083900,840.584,tonne,1308.256,UA
CBAM-80630840,76011000,455.696,tonne,4816.704,MA
CBAM-01704076,28070010,606.775,tonne,1401.104,CN
CBAM-66052305,31021000,435.052,tonne,3864.575,IN
CBAM-16509990,27160000,256.639,tonne,1151.585,TR
CBAM-80233822,25232900,853.226,tonne,3087.788,UA
CBAM-35298185,72083900,476.895,tonne,3589.063,MA
CBAM-77660206,76011000,809.398,tonne,25.909,CN
CBAM-20497114,28070010,670.383,tonne,2478.273,IN
CBAM-48692172,31021000,749.151,tonne,3634.797,TR
CBAM-45901446,27160000,465.28,tonne,797.443,UA
CBAM-37526768,25232900,74.998,tonne,4672.835,MA
CBAM-06400399,72083900,523.108,tonne,4492.011,CN
CBAM-02204047,76011000,553.535,tonne,1106.296,IN
CBAM-51124065,28070010,104.32,tonne,2386.971,TR
CBAM-32170596,31021000,897.307,tonne,3577.22,UA
CBAM-01203444,27160000,414.435,tonne,3997.222,MA
CBAM-63345832,25232900,754.045,tonne,4178.849,CN
CBAM-58515001,72083900,918.777,tonne,711.78,IN
CBAM-42518015,76011000,829.819,tonne,2467.693,TR
CBAM-68771933,28070010,64.618,tonne,2216.809,UA
CBAM-34089506,31021000,498.479,tonne,4160.732,MA
CBAM-24374704,27160000,459.519,tonne,4338.016,CN
CBAM-71199014,25232900,811.075,tonne,4456.971,IN
CBAM-40562172,72083900,789.115,tonne,1525.542,TR
CBAM-97435756,76011000,124.626,tonne,3671.313,UA
CBAM-70663111,28070010,517.312,tonne,960.133,MA
CBAM-73557584,31021000,644.659,tonne,2827.133,CN
CBAM-19961117,27160000,417.98,tonne,510.859,IN
CBAM-03112057,25232900,121.953,tonne,2904.532,TR
CBAM-19986948,72083900,861.922,tonne,1773.75,UA
CBAM-62414151,76011000,760.391,tonne,2458.742,MA
CBAM-28215454,28070010,429.305,tonne,633.659,CN
CBAM-24976607,31021000,629.916,tonne,1701.71,IN
CBAM-96882956,27160000,163.469,tonne,4678.063,TR
CBAM-09554702,25232900,614.329,tonne,1915.659,UA
CBAM-15257692,72083900,252.197,tonne,3160.491,MA
CBAM-93255063,76011000,85.145,tonne,3985.186,CN
CBAM-17310580,28070010,917.059,tonne,1266.58,IN
CBAM-07691756,31021000,489.711,tonne,1268.269,TR
CBAM-00429714,27160000,15.841,tonne,2466.549,UA
CBAM-74319895,25232900,658.928,tonne,799.704,MA
CBAM-76331146,72083900,354.789,tonne,4700.886,CN
CBAM-94375718,76011000,359.122,tonne,4125.234,IN
CBAM-09276205,28070010,309.007,tonne,2473.735,TR
CBAM-38230059,31021000,461.437,tonne,215.968,UA
CBAM-69108723,27160000,981.075,tonne,1730.984,MA
CBAM-66508453,25232900,327.551,tonne,783.191,CN
CBAM-65808947,72083900,15.831,tonne,298.29,IN
CBAM-08890142,76011000,614.489,tonne,4385.559,TR
CBAM-52711682,28070010,946.26,tonne,568.392,UA
CBAM-88325592,31021000,491.082,tonne,164.178,MA
CBAM-02213993,27160000,532.652,tonne,2892.085,CN
CBAM-61476888,25232900,29.397,tonne,2071.827,IN
CBAM-80926415,72083900,216.468,tonne,773.184,TR
CBAM-98460108,76011000,80.233,tonne,457.452,UA
CBAM-89308783,28070010,246.37,tonne,2323.535,MA
CBAM-48892689,31021000,707.713,tonne,1995.247,CN
CBAM-22686833,27160000,798.927,tonne,3399.608,IN
CBAM-57478319,25232900,973.139,tonne,4836.15,TR
CBAM-01995942,72083900,874.312,tonne,186.445,UA
CBAM-69265239,76011000,359.176,tonne,2231.278,MA
CBAM-08424410,28070010,132.831,tonne,3741.321,CN
CBAM-94329757,31021000,667.179,tonne,4965.519,IN
CBAM-38194420,27160000,669.999,tonne,3792.967,TR
CBAM-16667687,25232900,965.555,tonne,3475.245,UA
CBAM-43394351,72083900,728.598,tonne,4508.69,MA
CBAM-20065265,76011000,430.319,tonne,3676.368,CN
CBAM-19283647,28070010,586.495,tonne,3642.065,IN
CBAM-24570216,31021000,292.907,tonne,639.057,TR
CBAM-32358071,27160000,895.311,tonne,701.474,UA
CBAM-24615649,25232900,510.616,tonne,4984.705,MA
CBAM-69136425,72083900,597.729,tonne,2973.035,CN
CBAM-61482042,76011000,150.729,tonne,1756.162,IN
CBAM-38032665,28070010,157.789,tonne,3843.837,TR
CBAM-56307044,31021000,566.507,tonne,4595.572,UA
CBAM-37289674,27160000,362.322,tonne,3993.646,MA
CBAM-48502208,25232900,655.609,tonne,3067.483,CN
CBAM-39724409,72083900,800.429,tonne,4940.257,IN
CBAM-74581954,76011000,377.034,tonne,4114.593,TR
CBAM-49134584,28070010,13.314,tonne,3786.718,UA
CBAM-18862844,31021000,260.538,tonne,4696.303,MA
CBAM-54639636,27160000,710.541,tonne,4042.672,CN
CBAM-51602244,25232900,18.38,tonne,3947.184,IN
CBAM-99628774,72083900,549.683,tonne,4406.063,TR
CBAM-23365774,76011000,156.77,tonne,2130.339,UA
CBAM-70425681,28070010,799.558,tonne,2433.691,MA
CBAM-18468257,31021000,282.995,tonne,3401.222,CN
CBAM-79268522,27160000,219.409,tonne,2859.14,IN
CBAM-38843390,25232900,638.506,tonne,651.588,TR
CBAM-99007835,72083900,418.979,tonne,993.899,UA
CBAM-49348355,76011000,438.992,tonne,2552.182,MA
CBAM-16098363,28070010,518.702,tonne,3034.311,CN
CBAM-46220879,31021000,900.498,tonne,17.028,IN
CBAM-22647832,27160000,678.022,tonne,1714.763,TR
CBAM-87997355,25232900,35.104,tonne,1895.642,UA
CBAM-36285502,72083900,181.61,tonne,4314.944,MA
CBAM-06489242,76011000,834.071,tonne,4193.565,CN
CBAM-86681553,28070010,17.427,tonne,203.42,IN
CBAM-92308556,31021000,143.843,tonne,2287.535,TR
CBAM-33722221,27160000,720.075,tonne,989.875,UA
CBAM-60157118,25232900,692.406,tonne,1604.068,MA
CBAM-21376699,72083900,829.207,tonne,1932.377,CN
CBAM-97828827,76011000,885.588,tonne,650.696,IN
CBAM-22668418,28070010,792.592,tonne,3438.17,TR
CBAM-11489979,31021000,750.372,tonne,408.182,UA
CBAM-44043921,27160000,594.081,tonne,1207.641,MA
CBAM-36946217,25232900,215.037,tonne,1555.088,CN
CBAM-08796291,72083900,12.331,tonne,870.353,IN
CBAM-72444365,76011000,144.666,tonne,1530.076,TR
CBAM-50322907,28070010,766.447,tonne,1733.029,UA
CBAM-65929676,31021000,104.207,tonne,4489.408,MA
CBAM-60693269,27160000,99.227,tonne,2307.329,CN
CBAM-46810588,25232900,70.235,tonne,1703.53,IN
CBAM-00975760,72083900,24.584,tonne,1590.205,TR
CBAM-61015477,76011000,16.182,tonne,2650.427,UA
CBAM-59111410,28070010,239.375,tonne,2239.66,MA
CBAM-04369176,31021000,574.626,tonne,4962.314,CN
CBAM-88581938,27160000,862.284,tonne,1433.822,IN
CBAM-18903789,25232900,548.19,tonne,3484.537,TR
CBAM-30855429,72083900,514.085,tonne,1857.929,UA
CBAM-92250100,76011000,186.228,tonne,4904.53,MA
CBAM-67294187,28070010,175.825,tonne,4137.773,CN
CBAM-98225181,31021000,516.204,tonne,3243.775,IN
CBAM-96988054,27160000,937.532,tonne,2267.047,TR
CBAM-84776007,25232900,627.506,tonne,2981.14,UA
CBAM-70699077,72083900,369.014,tonne,3461.358,MA
CBAM-37360246,76011000,867.221,tonne,2161.318,CN
CBAM-34635401,28070010,906.449,tonne,410.507,IN
CBAM-24872921,31021000,906.691,tonne,811.092,TR
CBAM-25842350,27160000,893.039,tonne,4602.419,UA
CBAM-60271251,25232900,259.311,tonne,2975.374,MA
CBAM-99464732,72083900,767.016,tonne,232.288,CN
CBAM-15899368,76011000,480.394,tonne,4644.814,IN
CBAM-39955162,28070010,145.927,tonne,2532.86,TR
CBAM-13158560,31021000,10.434,tonne,1556.122,UA
CBAM-73390543,27160000,771.464,tonne,1998.763,MA
CBAM-81927710,25232900,168.354,tonne,2864.776,CN
CBAM-69506580,72083900,785.347,tonne,3513.634,IN
CBAM-18543841,76011000,886.027,tonne,1300.886,TR
CBAM-22822293,28070010,352.454,tonne,1484.711,UA
CBAM-53124615,31021000,364.75,tonne,1657.91,MA
CBAM-61557209,27160000,217.576,tonne,1712.707,CN
CBAM-47926977,25232900,781.025,tonne,3168.47,IN
CBAM-25295853,72083900,836.578,tonne,4730.779,TR
CBAM-23219283,76011000,288.354,tonne,4408.285,UA
CBAM-82214410,28070010,843.741,tonne,1238.69,MA
CBAM-23820437,31021000,237.949,tonne,3500.532,CN
CBAM-05241496,27160000,217.627,tonne,2925.129,IN
CBAM-68431101,25232900,116.985,tonne,3197.442,TR
CBAM-41761972,72083900,431.844,tonne,1738.674,UA
CBAM-12843705,76011000,313.108,tonne,1845.208,MA
CBAM-93104642,28070010,651.532,tonne,3595.945,CN
CBAM-72100277,31021000,863.915,tonne,4045.38,IN
CBAM-13427837,27160000,103.028,tonne,1638.445,TR
CBAM-81278522,25232900,102.589,tonne,266.973,UA
CBAM-99759679,72083900,864.762,tonne,1633.066,MA
CBAM-00581744,76011000,818.011,tonne,4525.775,CN
CBAM-99217386,28070010,344.792,tonne,4918.507,IN
CBAM-05793718,31021000,235.473,tonne,594.844,TR
CBAM-14058244,27160000,190.145,tonne,2965.723,UA
CBAM-58692181,25232900,919.61,tonne,4668.021,MA
CBAM-57868232,72083900,883.954,tonne,3146.828,CN
CBAM-60872122,76011000,721.374,tonne,2085.232,IN
CBAM-14520430,28070010,356.535,tonne,3454.954,TR
CBAM-23526670,31021000,126.785,tonne,4548.417,UA
CBAM-75983349,27160000,648.324,tonne,69.873,MA
CBAM-89198588,25232900,116.8,tonne,2582.422,CN
CBAM-73697460,72083900,480.991,tonne,3146.308,IN
CBAM-88420238,76011000,821.593,tonne,1209.881,TR
CBAM-92612556,28070010,928.91,tonne,4203.501,UA
CBAM-69984100,31021000,261.382,tonne,4901.576,MA
CBAM-96093162,27160000,367.06,tonne,2559.875,CN
CBAM-48455218,25232900,723.424,tonne,360.137,IN
CBAM-39056937,72083900,511.86,tonne,1297.478,TR
CBAM-51437785,76011000,360.133,tonne,3841.442,UA
CBAM-17889586,28070010,819.946,tonne,2229.64,MA
CBAM-82381844,31021000,190.9,tonne,2001.953,CN
CBAM-19887814,27160000,495.392,tonne,3307.562,IN
CBAM-38695871,25232900,262.895,tonne,3950.401,TR
CBAM-85800578,72083900,961.862,tonne,2553.724,UA
CBAM-92748020,76011000,281.095,tonne,4030.08,MA
CBAM-94239483,28070010,255.333,tonne,3640.422,CN
CBAM-26870358,31021000,350.442,tonne,4530.308,IN
CBAM-91363457,27160000,894.28,tonne,3753.149,TR
CBAM-23668191,25232900,216.938,tonne,4183.028,UA
CBAM-59577881,72083900,308.495,tonne,2827.517,MA
CBAM-83699770,76011000,377.736,tonne,2360.117,CN
CBAM-11383486,28070010,238.94,tonne,217.769,IN
CBAM-06158373,31021000,17.246,tonne,2010.546,TR
CBAM-44282788,27160000,411.916,tonne,1989.348,UA
CBAM-16273232,25232900,260.365,tonne,138.682,MA
CBAM-11898147,72083900,132.903,tonne,3887.084,CN
CBAM-43855606,76011000,293.072,tonne,3703.677,IN
CBAM-88990791,28070010,8.933,tonne,1035.932,TR
CBAM-08569549,31021000,552.303,tonne,2749.112,UA
CBAM-41109274,27160000,637.45,tonne,665.438,MA
CBAM-30722395,25232900,527.187,tonne,4919.64,CN
CBAM-02447264,72083900,731.868,tonne,2792.859,IN
CBAM-47846207,76011000,856.391,tonne,1606.124,TR
CBAM-70428151,28070010,768.041,tonne,1758.646,UA
CBAM-34616128,31021000,124.675,tonne,403.022,MA
CBAM-23322882,27160000,794.916,tonne,4742.957,CN
CBAM-37924338,25232900,36.974,tonne,3525.43,IN
CBAM-17165865,72083900,588.375,tonne,529.159,TR
CBAM-04618972,76011000,881.98,tonne,1917.247,UA
CBAM-58652763,28070010,423.587,tonne,3804.034,MA
CBAM-91688136,31021000,777.025,tonne,1634.81,CN
CBAM-37091322,27160000,39.752,tonne,3118.769,IN
CBAM-62640228,25232900,366.564,tonne,1421.17,TR
CBAM-83284700,72083900,161.191,tonne,263.092,UA
CBAM-69796811,76011000,363.423,tonne,2176.039,MA
CBAM-17579870,28070010,313.382,tonne,404.051,CN
CBAM-28732176,31021000,563.551,tonne,306.706,IN
CBAM-23239790,27160000,219.553,tonne,1059.693,TR
CBAM-72396549,25232900,492.656,tonne,3019.749,UA
CBAM-50116172,72083900,836.345,tonne,2132.627,MA
CBAM-00744604,76011000,884.825,tonne,4286.804,CN
CBAM-55463124,28070010,504.934,tonne,1533.391,IN
CBAM-09300752,31021000,561.446,tonne,2403.596,TR
CBAM-89072324,27160000,703.77,tonne,1353.723,UA
CBAM-96468517,25232900,470.605,tonne,1830.044,MA
CBAM-69622090,72083900,399.4,tonne,2024.381,CN
CBAM-20276273,76011000,970.456,tonne,110.651,IN
CBAM-35518380,28070010,607.873,tonne,4211.95,TR
CBAM-66498949,31021000,279.483,tonne,972.899,UA
CBAM-60848419,27160000,768.58,tonne,4838.628,MA
CBAM-61195570,25232900,650.236,tonne,3728.502,CN
CBAM-04070117,72083900,137.321,tonne,3138.99,IN
CBAM-47371793,76011000,288.085,tonne,669.062,TR
CBAM-37909573,28070010,490.943,tonne,3959.071,UA
CBAM-38290684,31021000,695.966,tonne,2768.11,MA
CBAM-31071956,27160000,105.414,tonne,4666.618,CN
CBAM-89640782,25232900,825.529,tonne,2637.262,IN
CBAM-09357517,72083900,701.775,tonne,1558.696,TR
CBAM-03036959,76011000,952.038,tonne,4164.155,UA
CBAM-17035555,28070010,931.292,tonne,2372.01,MA
CBAM-38450608,31021000,492.248,tonne,4912.73,CN
CBAM-89396504,27160000,633.81,tonne,4827.024,IN
CBAM-91309447,25232900,46.179,tonne,979.118,TR
CBAM-56226559,72083900,990.564,tonne,4656.6,UA
CBAM-64157848,76011000,496.367,tonne,3517.402,MA
CBAM-02245037,28070010,531.441,tonne,2424.288,CN
CBAM-33269652,31021000,950.238,tonne,3213.417,IN
CBAM-48969039,27160000,214.796,tonne,3259.195,TR
CBAM-67011213,25232900,32.418,tonne,3722.95,UA
CBAM-26396828,72083900,936.271,tonne,2157.818,MA
CBAM-48623013,76011000,960.419,tonne,4337.871,CN
CBAM-17646027,28070010,552.069,tonne,2347.175,IN
CBAM-14939657,31021000,453.964,tonne,3118.807,TR
CBAM-69868079,27160000,124.325,tonne,1437.636,UA
CBAM-37325758,25232900,921.849,tonne,403.465,MA
CBAM-74567676,72083900,893.295,tonne,3296.066,CN
CBAM-45377710,76011000,692.747,tonne,1735.352,IN
CBAM-65839935,28070010,869.584,tonne,4226.446,TR
CBAM-04075668,31021000,668.003,tonne,3234.259,UA
CBAM-84971786,27160000,205.506,tonne,214.811,MA
CBAM-67593122,25232900,367.64,tonne,345.128,CN
CBAM-06250290,72083900,322.126,tonne,941.564,IN
CBAM-29621522,76011000,296.202,tonne,1141.132,TR
CBAM-44969074,28070010,984.266,tonne,823.119,UA
CBAM-57461165,31021000,759.223,tonne,1084.289,MA
CBAM-61954810,27160000,579.501,tonne,507.038,CN
CBAM-25134719,25232900,801.917,tonne,2472.569,IN
CBAM-09881058,72083900,595.688,tonne,2171.342,TR
CBAM-42453762,76011000,388.768,tonne,2574.85,UA
CBAM-58337390,28070010,570.509,tonne,4770.925,MA
CBAM-08553369,31021000,508.678,tonne,4548.744,CN
CBAM-02963416,27160000,369.886,tonne,1271.552,IN
CBAM-58748010,25232900,654.612,tonne,1321.693,TR
CBAM-51324942,72083900,11.956,tonne,4196.661,UA
CBAM-02484333,76011000,499.816,tonne,2575.941,MA
CBAM-64229950,28070010,602.753,tonne,4872.116,CN
CBAM-06647727,31021000,606.98,tonne,317.816,IN
CBAM-93528332,27160000,694.543,tonne,2017.852,TR
CBAM-22371810,25232900,927.875,tonne,4884.282,UA
CBAM-50325856,72083900,469.474,tonne,788.891,MA
CBAM-79549202,76011000,128.593,tonne,2381.225,CN
CBAM-29972768,28070010,964.714,tonne,1493.937,IN
CBAM-18882784,31021000,177.877,tonne,3043.207,TR
CBAM-26303351,27160000,973.887,tonne,3802.359,UA
CBAM-09347859,25232900,273.615,tonne,2164.691,MA
CBAM-65934479,72083900,842.279,tonne,1376.555,CN
CBAM-37538172,76011000,501.661,tonne,4546.509,IN
CBAM-47709304,28070010,436.905,tonne,2267.835,TR
CBAM-59621017,31021000,99.087,tonne,445.173,UA
CBAM-78524783,27160000,70.548,tonne,4350.784,MA
CBAM-63426079,25232900,8.54,tonne,4324.722,CN
CBAM-15129437,72083900,955.622,tonne,4589.97,IN
CBAM-96533618,76011000,839.304,tonne,790.891,TR
CBAM-09839788,28070010,313.287,tonne,742.451,UA
CBAM-61894947,31021000,995.684,tonne,3477.902,MA
CBAM-75926356,27160000,504.119,tonne,2728.043,CN
CBAM-89703433,25232900,362.39,tonne,181.801,IN
CBAM-41543025,72083900,874.694,tonne,2801.876,TR
CBAM-40344702,76011000,249.61,tonne,4428.861,UA
CBAM-83822899,28070010,540.425,tonne,3749.384,MA
CBAM-21819660,31021000,902.554,tonne,4876.327,CN
CBAM-58751551,27160000,158.015,tonne,3918.907,IN
CBAM-84425256,25232900,902.732,tonne,3374.446,TR
CBAM-36382950,72083900,699.506,tonne,2931.398,UA
CBAM-39188245,76011000,471.58,tonne,4190.842,MA
CBAM-15789287,28070010,204.79,tonne,3222.513,CN
CBAM-06518641,31021000,942.307,tonne,3430.104,IN
CBAM-69537367,27160000,26.282,tonne,1477.224,TR
CBAM-48811399,25232900,834.909,tonne,2051.639,UA
CBAM-34970374,72083900,276.85,tonne,3540.136,MA
CBAM-06542762,76011000,120.792,tonne,2512.738,CN
CBAM-08550151,28070010,724.504,tonne,1626.999,IN
CBAM-00449615,31021000,562.948,tonne,847.539,TR
CBAM-60220500,27160000,52.653,tonne,1781.205,UA
CBAM-18533568,25232900,100.902,tonne,3717.136,MA
CBAM-51016412,72083900,337.73,tonne,2579.906,CN
CBAM-25964338,76011000,426.674,tonne,3234.343,IN
CBAM-59104955,28070010,538.472,tonne,1116.343,TR
CBAM-97955332,31021000,261.601,tonne,1898.925,UA
CBAM-74952375,27160000,317.131,tonne,433.844,MA
CBAM-82760220,25232900,769.261,tonne,1803.926,CN
CBAM-63476588,72083900,622.035,tonne,2996.393,IN
CBAM-65423650,76011000,649.995,tonne,3514.008,TR
CBAM-06041601,28070010,252.951,tonne,305.588,UA
CBAM-13616098,31021000,810.655,tonne,1911.055,MA
CBAM-11642073,27160000,874.808,tonne,2062.217,CN
CBAM-34541832,25232900,885.276,tonne,94.483,IN
CBAM-22763006,72083900,618.984,tonne,3231.869,TR
CBAM-96252330,76011000,742.498,tonne,2068.648,UA
CBAM-13980501,28070010,175.638,tonne,654.227,MA
CBAM-99016364,31021000,644.557,tonne,4028.168,CN
CBAM-10832450,27160000,553.451,tonne,440.897,IN
CBAM-29174995,25232900,65.131,tonne,549.962,TR
CBAM-12626980,72083900,911.422,tonne,689.167,UA
CBAM-64108655,76011000,931.311,tonne,841.027,MA
CBAM-51647976,28070010,646.095,tonne,2530.963,CN
CBAM-90707719,31021000,81.423,tonne,2229.294,IN
CBAM-01222528,27160000,246.952,tonne,4720.787,TR
CBAM-26536313,25232900,71.229,tonne,749.711,UA
CBAM-33177862,72083900,496.067,tonne,126.959,MA
CBAM-62952497,76011000,451.594,tonne,2696.582,CN
CBAM-37439843,28070010,905.603,tonne,1220.544,IN
CBAM-27534097,31021000,321.79,tonne,3494.241,TR
CBAM-04395199,27160000,14.356,tonne,3661.894,UA
CBAM-91939289,25232900,728.057,tonne,1315.484,MA
CBAM-92642846,72083900,603.224,tonne,4464.297,CN
CBAM-57612685,76011000,130.816,tonne,5003.533,IN
CBAM-59065422,28070010,954.24,tonne,2596.498,TR
CBAM-72784254,31021000,114.262,tonne,1087.189,UA
CBAM-17707349,27160000,422.766,tonne,3462.512,MA
CBAM-57310421,25232900,870.628,tonne,1594.883,CN
CBAM-32290305,72083900,649.678,tonne,411.05,IN
CBAM-70888563,76011000,676.715,tonne,653.263,TR
CBAM-99203224,28070010,354.701,tonne,2714.531,UA
CBAM-90550280,31021000,760.343,tonne,201.206,MA
CBAM-53575027,27160000,747.73,tonne,3902.595,CN
CBAM-98463349,25232900,531.774,tonne,671.668,IN
CBAM-78858574,72083900,174.272,tonne,3974.291,TR
CBAM-29694917,76011000,707.538,tonne,317.438,UA
CBAM-94464640,28070010,652.914,tonne,4252.014,MA
CBAM-10037629,31021000,270.905,tonne,3039.552,CN
CBAM-44659751,27160000,570.537,tonne,556.986,IN
CBAM-15116044,25232900,501.035,tonne,234.472,TR
CBAM-87064321,72083900,952.943,tonne,3365.259,UA
CBAM-33940688,76011000,788.48,tonne,138.003,MA
CBAM-22948437,28070010,74.858,tonne,600.566,CN
CBAM-17891373,31021000,373.763,tonne,1318.779,IN
CBAM-89139258,27160000,988.794,tonne,3357.875,TR
CBAM-07261331,25232900,236.288,tonne,1839.833,UA
CBAM-28580846,72083900,906.435,tonne,105.981,MA
CBAM-63123867,76011000,965.055,tonne,2680.323,CN
CBAM-36473754,28070010,921.026,tonne,4171.506,IN
CBAM-30208811,31021000,1.375,tonne,741.427,TR
CBAM-62000648,27160000,926.389,tonne,3825.677,UA
CBAM-99365678,25232900,988.879,tonne,873.67,MA
CBAM-56179423,72083900,570.116,tonne,4895.06,CN
CBAM-24413660,76011000,219.403,tonne,3937.512,IN
CBAM-46036077,28070010,706.686,tonne,1992.638,TR
CBAM-98291358,31021000,828.236,tonne,3638.353,UA
CBAM-55667716,27160000,458.757,tonne,1394.718,MA
CBAM-36950179,25232900,102.269,tonne,4927.819,CN
CBAM-23817394,72083900,475.922,tonne,894.934,IN
CBAM-43374317,76011000,330.811,tonne,3020.06,TR
CBAM-55605565,28070010,92.376,tonne,5000.791,UA
CBAM-77519447,31021000,965.124,tonne,1317.298,MA
CBAM-13469049,27160000,244.128,tonne,2380.81,CN
CBAM-51297250,25232900,281.802,tonne,4700.198,IN
CBAM-30679860,72083900,319.606,tonne,673.123,TR
CBAM-80888837,76011000,325.481,tonne,4405.613,UA
CBAM-13923462,28070010,535.955,tonne,1892.934,MA
CBAM-27953024,31021000,971.14,tonne,913.022,CN
CBAM-10143916,27160000,662.696,tonne,4928.636,IN
CBAM-04404158,25232900,362.89,tonne,4388.031,TR
CBAM-79351788,72083900,667.17,tonne,55.084,UA
CBAM-24466055,76011000,807.25,tonne,84.784,MA
CBAM-83118287,28070010,745.138,tonne,2681.947,CN
CBAM-95002428,31021000,835.82,tonne,4835.314,IN
CBAM-57461924,27160000,147.805,tonne,3776.276,TR
CBAM-89211504,25232900,898.478,tonne,3944.486,UA
CBAM-55455535,72083900,673.088,tonne,3718.683,MA
CBAM-99710047,76011000,485.893,tonne,4161.453,CN
CBAM-54414282,28070010,712.603,tonne,4761.506,IN
CBAM-91731396,31021000,468.878,tonne,22.422,TR
CBAM-08465061,27160000,176.486,tonne,3155.782,UA
CBAM-84979238,25232900,437.504,tonne,534.768,MA
CBAM-91375060,72083900,672.612,tonne,2099.4,CN
CBAM-74611167,76011000,652.622,tonne,352.343,IN
CBAM-14447629,28070010,830.318,tonne,1072.738,TR
CBAM-55791126,31021000,814.605,tonne,1911.034,UA
CBAM-55614900,27160000,409.389,tonne,3855.713,MA
CBAM-93666182,25232900,960.589,tonne,994.344,CN
CBAM-60282832,72083900,682.276,tonne,1254.498,IN
CBAM-19420974,76011000,713.378,tonne,1646.896,TR
CBAM-54777875,28070010,498.246,tonne,2097.198,UA
CBAM-02108726,31021000,45.585,tonne,3152.176,MA
CBAM-10412261,27160000,280.62,tonne,288.429,CN
CBAM-73822757,25232900,831.744,tonne,4869.123,IN
CBAM-20150076,72083900,845.553,tonne,3568.297,TR
CBAM-88826004,76011000,140.845,tonne,2418.358,UA
CBAM-35361719,28070010,873.865,tonne,2352.732,MA
CBAM-01443009,31021000,201.229,tonne,3849.02,CN
CBAM-82783871,27160000,178.45,tonne,386.488,IN
CBAM-22105933,25232900,162.201,tonne,3789.403,TR
CBAM-61320544,72083900,522.04,tonne,4656.401,UA
CBAM-57928538,76011000,708.021,tonne,4938.193,MA
CBAM-11153096,28070010,25.207,tonne,42.658,CN
CBAM-58273930,31021000,901.276,tonne,2959.08,IN
CBAM-95212256,27160000,288.051,tonne,3416.312,TR
CBAM-95573796,25232900,524.375,tonne,4010.06,UA
CBAM-86618139,72083900,117.754,tonne,4572.816,MA
CBAM-03391738,76011000,650.895,tonne,173.493,CN
CBAM-83861166,28070010,803.908,tonne,4120.855,IN
CBAM-05722539,31021000,197.909,tonne,2079.534,TR
CBAM-62161994,27160000,632.858,tonne,478.173,UA
CBAM-43485439,25232900,668.055,tonne,1336.233,MA
CBAM-66205737,72083900,479.811,tonne,170.867,CN
CBAM-06187978,76011000,296.056,tonne,405.984,IN
CBAM-54170870,28070010,844.809,tonne,3343.143,TR
CBAM-77367631,31021000,585.03,tonne,4538.55,UA
CBAM-38519538,27160000,809.922,tonne,4122.509,MA
CBAM-70426829,25232900,666.76,tonne,105.762,CN
CBAM-20721521,72083900,532.278,tonne,4258.303,IN
CBAM-00976534,76011000,723.298,tonne,349.668,TR
CBAM-88837048,28070010,958.295,tonne,1770.095,UA
CBAM-24612461,31021000,493.161,tonne,1626.693,MA
CBAM-90892753,27160000,410.222,tonne,1223.994,CN
CBAM-87795839,25232900,939.984,tonne,38.179,IN
CBAM-80910524,72083900,99.142,tonne,2260.826,TR
CBAM-60910565,76011000,143.845,tonne,987.428,UA
CBAM-30183677,28070010,288.211,tonne,1217.946,MA
CBAM-47141567,31021000,76.777,tonne,2365.865,CN
CBAM-15043458,27160000,647.133,tonne,3920.743,IN
CBAM-57447977,25232900,626.174,tonne,1853.22,TR
CBAM-80699202,72083900,916.062,tonne,4413.346,UA
CBAM-75389496,76011000,773.382,tonne,664.304,MA
CBAM-14857176,28070010,24.724,tonne,1733.075,CN
CBAM-16973763,31021000,314.471,tonne,3487.553,IN
CBAM-72841821,27160000,265,tonne,1686.593,TR
CBAM-87080438,25232900,883.979,tonne,2228.395,UA
CBAM-43958909,72083900,729.672,tonne,4472.673,MA
CBAM-33360457,76011000,666.456,tonne,615.457,CN
CBAM-08859450,28070010,553.8,tonne,3619.117,IN
CBAM-26326990,31021000,622.231,tonne,77.098,TR
CBAM-34882545,27160000,316.426,tonne,1803.23,UA
CBAM-58539621,25232900,242.2,tonne,1712.258,MA
CBAM-04027170,72083900,804.068,tonne,2658.628,CN
CBAM-74323585,76011000,678.8,tonne,3665.748,IN
CBAM-36321143,28070010,863.448,tonne,3550.23,TR
CBAM-10615212,31021000,206.817,tonne,506.874,UA
CBAM-90936066,27160000,998.69,tonne,4937.175,MA
CBAM-82636973,25232900,375.744,tonne,2167.998,CN
CBAM-85018200,72083900,348.876,tonne,3225.837,IN
CBAM-54244159,76011000,155.367,tonne,4720.451,TR
CBAM-70030303,28070010,347.672,tonne,3821.186,UA
CBAM-02369503,31021000,946.183,tonne,3384.346,MA
CBAM-12893928,27160000,166.008,tonne,2140.407,CN
CBAM-86045693,25232900,743.831,tonne,644.559,IN
CBAM-94116169,72083900,316.521,tonne,4154.897,TR
CBAM-01395369,76011000,939.495,tonne,1557.71,UA
CBAM-81280749,28070010,924.455,tonne,1297.56,MA
CBAM-74675102,31021000,98.047,tonne,2641.252,CN
CBAM-37815180,27160000,917.838,tonne,2695.579,IN
CBAM-99041357,25232900,910.557,tonne,280.153,TR
CBAM-52053267,72083900,255.015,tonne,3984.791,UA
CBAM-13445915,76011000,408.318,tonne,3574.155,MA
CBAM-10831487,28070010,667.795,tonne,1000.144,CN
CBAM-12764174,31021000,677.218,tonne,845.225,IN
CBAM-98229514,27160000,352.021,tonne,193.097,TR
CBAM-42737051,25232900,774.471,tonne,2090.913,UA
CBAM-97893040,72083900,207.403,tonne,2618.157,MA
CBAM-20385708,76011000,694.507,tonne,4366.189,CN
CBAM-39844517,28070010,877.182,tonne,1806.306,IN
CBAM-14182415,31021000,688.588,tonne,585.592,TR
CBAM-32154859,27160000,27.262,tonne,2210.29,UA
CBAM-68406714,25232900,340.124,tonne,4926.206,MA
CBAM-17633978,72083900,31.409,tonne,1880.998,CN
CBAM-72427914,76011000,885.081,tonne,4712.006,IN
CBAM-63425458,28070010,497.992,tonne,3488.364,TR
CBAM-47763563,31021000,917.823,tonne,4259.587,UA
CBAM-99151652,27160000,634.555,tonne,4528.156,MA
CBAM-61799517,25232900,207.304,tonne,2712.915,CN
CBAM-88001021,72083900,761.234,tonne,3495.39,IN
CBAM-17754826,76011000,258.131,tonne,1902.504,TR
CBAM-65818508,28070010,13.248,tonne,1194.781,UA
CBAM-74630422,31021000,443.299,tonne,4221.257,MA
CBAM-44578715,27160000,165.065,tonne,2743.319,CN
CBAM-13010747,25232900,663.708,tonne,1823.71,IN
CBAM-72029117,72083900,877.728,tonne,4963.813,TR
CBAM-03198340,76011000,984.194,tonne,91.018,UA
CBAM-71897432,28070010,293.957,tonne,1544.142,MA
CBAM-73683972,31021000,66.087,tonne,3789.719,CN
CBAM-51051930,27160000,414.399,tonne,4455.39,IN
CBAM-82578277,25232900,95.631,tonne,729.26,TR
CBAM-73212317,72083900,375.273,tonne,2472.644,UA
CBAM-92676926,76011000,22.77,tonne,3384.077,MA
CBAM-64416674,28070010,512.013,tonne,690.598,CN
CBAM-71288133,31021000,708.448,tonne,2468.424,IN
CBAM-00705392,27160000,930.364,tonne,2678.372,TR
CBAM-82416092,25232900,576.618,tonne,1903.602,UA
CBAM-11345137,72083900,897.508,tonne,898.18,MA
CBAM-15970539,76011000,113.043,tonne,4869.229,CN
CBAM-74035775,28070010,97.916,tonne,2180.883,IN
CBAM-14418477,31021000,849.223,tonne,2649.708,TR
CBAM-61504316,27160000,777.396,tonne,4485.061,UA
CBAM-38405398,25232900,516.998,tonne,2833.414,MA
CBAM-73775457,72083900,566.911,tonne,491.208,CN
CBAM-42034660,76011000,770.012,tonne,585.582,IN
CBAM-18026264,28070010,417.907,tonne,1446.909,TR
CBAM-99852276,31021000,779.464,tonne,1537.539,UA
CBAM-29163900,27160000,663.272,tonne,4968.536,MA
CBAM-23452425,25232900,38.489,tonne,1096.648,CN
CBAM-43474867,72083900,377.019,tonne,4194.405,IN
CBAM-91212336,76011000,960.716,tonne,4626.929,TR
CBAM-94463787,28070010,768.741,tonne,2022.452,UA
CBAM-71898383,31021000,21.443,tonne,1059.451,MA
CBAM-05531182,27160000,950.652,tonne,3173.355,CN
CBAM-50031136,25232900,933.95,tonne,1650.454,IN
CBAM-12410819,72083900,650.76,tonne,4496.683,TR
CBAM-18941837,76011000,291.68,tonne,1001.795,UA
CBAM-88306712,28070010,3.355,tonne,4241.816,MA
CBAM-86629338,31021000,625.622,tonne,3386.173,CN
CBAM-05749911,27160000,741.743,tonne,4038.275,IN
CBAM-67325112,25232900,823.631,tonne,4075.803,TR
CBAM-20365409,72083900,479.807,tonne,2244.372,UA
CBAM-36456796,76011000,617.22,tonne,1097.432,MA
CBAM-09333414,28070010,94.321,tonne,3306.843,CN
CBAM-79284657,31021000,864.315,tonne,609.017,IN
CBAM-74456575,27160000,851.67,tonne,564.156,TR
CBAM-56214458,25232900,599.799,tonne,105.926,UA
CBAM-46414891,72083900,874.513,tonne,1987.994,MA
CBAM-67918201,76011000,385.544,tonne,1450.441,CN
CBAM-34934628,28070010,897.733,tonne,3688.439,IN
CBAM-33115108,31021000,639.82,tonne,2323.895,TR
CBAM-35096528,27160000,330.924,tonne,886.297,UA
CBAM-10317700,25232900,59.845,tonne,758.311,MA
CBAM-53159396,72083900,581.167,tonne,2979.479,CN
CBAM-99934407,76011000,497.35,tonne,2378.094,IN
CBAM-44330120,28070010,482.16,tonne,534.606,TR
CBAM-48884737,31021000,859.153,tonne,2330.413,UA
CBAM-22924723,27160000,878.211,tonne,257.044,MA
CBAM-17208685,25232900,607.181,tonne,4096.904,CN
CBAM-87611213,72083900,790.705,tonne,4774.559,IN
CBAM-35173250,76011000,105.917,tonne,4319.159,TR
CBAM-79837577,28070010,333.869,tonne,2087.502,UA
CBAM-83052732,31021000,24.582,tonne,4355.401,MA
CBAM-14557790,27160000,83.388,tonne,2839.284,CN
CBAM-41323398,25232900,513.602,tonne,1989.647,IN
CBAM-96183215,72083900,426.168,tonne,1394.405,TR
CBAM-67828276,76011000,289.542,tonne,1564.894,UA
CBAM-45455926,28070010,628.67,tonne,4556.642,MA
CBAM-07109470,31021000,80.111,tonne,816.828,CN
CBAM-97592046,27160000,905.808,tonne,2246.562,IN
CBAM-26446796,25232900,124.953,tonne,2281.969,TR
CBAM-98998769,72083900,620.615,tonne,2518.26,UA
CBAM-45469308,76011000,723.055,tonne,3202.771,MA
CBAM-70285943,28070010,956.155,tonne,2113.017,CN
CBAM-75782380,31021000,196.407,tonne,4558.42,IN
CBAM-13379728,27160000,515.698,tonne,2179.392,TR
CBAM-36607861,25232900,686.696,tonne,1746.143,UA
CBAM-62635270,72083900,813.005,tonne,4326.812,MA
CBAM-33255310,76011000,285.377,tonne,1240.469,CN
CBAM-33559119,28070010,438.85,tonne,4260.811,IN
CBAM-58216502,31021000,280.991,tonne,574.476,TR
CBAM-19298446,27160000,95.424,tonne,3402.062,UA
CBAM-31769966,25232900,869.777,tonne,3633.66,MA
CBAM-00874203,72083900,619.603,tonne,2026.398,CN
CBAM-47676713,76011000,70.041,tonne,1638.322,IN
CBAM-75762050,28070010,489.285,tonne,1700.276,TR
CBAM-59358860,31021000,180.867,tonne,2803.179,UA
CBAM-29767912,27160000,451.658,tonne,2730.026,MA
CBAM-30408060,25232900,768.918,tonne,1493.825,CN
CBAM-69632565,72083900,475.707,tonne,4520.489,IN
CBAM-15908914,76011000,57.125,tonne,3224.979,TR
CBAM-75039069,28070010,218.442,tonne,841.041,UA
CBAM-03373547,31021000,781.836,tonne,488.931,MA
CBAM-18412430,27160000,270.681,tonne,1263.608,CN
CBAM-53106209,25232900,456.067,tonne,2708.517,IN
CBAM-36285200,72083900,8.988,tonne,2746.422,TR
CBAM-11100048,76011000,284.56,tonne,1334.556,UA
CBAM-49022215,28070010,731.062,tonne,2551.994,MA
CBAM-33322563,31021000,373.147,tonne,4550.684,CN
CBAM-57379559,27160000,589.795,tonne,2361.977,IN
CBAM-70159230,25232900,490.025,tonne,5001.085,TR
CBAM-50185162,72083900,688.602,tonne,748.452,UA
CBAM-91672700,76011000,21.521,tonne,2978.92,MA
CBAM-85204321,28070010,466.909,tonne,4765.812,CN
CBAM-20822486,31021000,218.808,tonne,3818.064,IN
CBAM-69606110,27160000,125.682,tonne,2041.04,TR
CBAM-65830411,25232900,576.466,tonne,1864.827,UA
CBAM-15119056,72083900,393.814,tonne,2876.703,MA
CBAM-78651916,76011000,771.539,tonne,2711.948,CN
CBAM-10900817,28070010,753.607,tonne,2053.606,IN
CBAM-05008180,31021000,366.581,tonne,2891.139,TR
CBAM-26075790,27160000,92.951,tonne,2296.999,UA
CBAM-39183136,25232900,997.639,tonne,3633.361,MA
CBAM-20162523,72083900,376.501,tonne,4512.633,CN
CBAM-32934335,76011000,278.463,tonne,1639.446,IN
CBAM-57662655,28070010,341.432,tonne,3861.987,TR
CBAM-86352794,31021000,477.866,tonne,1209.228,UA
CBAM-49102202,27160000,788.502,tonne,3374.849,MA
CBAM-56608569,25232900,765.726,tonne,3515.218,CN
CBAM-06636640,72083900,683.341,tonne,2906.193,IN
CBAM-71828389,76011000,270.173,tonne,932.7,TR
CBAM-07214477,28070010,600.093,tonne,2457.011,UA
CBAM-04044217,31021000,385.942,tonne,2245.16,MA
CBAM-25014789,27160000,318.163,tonne,4169.005,CN
CBAM-69789779,25232900,744.278,tonne,4763.131,IN
CBAM-70190692,72083900,601.626,tonne,572.288,TR
CBAM-01704591,76011000,855.896,tonne,4791.518,UA
CBAM-97584954,28070010,800.606,tonne,2395.697,MA
CBAM-77384729,31021000,951.342,tonne,4558.791,CN
CBAM-60946352,27160000,70.795,tonne,2255.016,IN
CBAM-19941413,25232900,757.373,tonne,126.782,TR
CBAM-93313758,72083900,939.569,tonne,2425.49,UA
CBAM-55381703,76011000,32.666,tonne,964.069,MA
CBAM-91316674,28070010,459.105,tonne,3065.177,CN
CBAM-46486059,31021000,245.841,tonne,833.684,IN
CBAM-29733543,27160000,957.067,tonne,2584.525,TR
CBAM-67771945,25232900,598.198,tonne,2702.016,UA
CBAM-81414569,72083900,536.065,tonne,4993.638,MA
CBAM-69736406,76011000,802.591,tonne,3451.726,CN
CBAM-83957202,28070010,609.156,tonne,3021.875,IN
CBAM-24577451,31021000,467.719,tonne,949.791,TR
CBAM-96361108,27160000,403.117,tonne,1278.68,UA
CBAM-08978919,25232900,940.777,tonne,4263.299,MA
CBAM-49041414,72083900,745.389,tonne,3334.407,CN
CBAM-97741620,76011000,335.955,tonne,2162.433,IN
CBAM-10133660,28070010,226.165,tonne,3395.696,TR
CBAM-46305914,31021000,858.363,tonne,3410.883,UA
CBAM-30341301,27160000,692.447,tonne,4048.464,MA
CBAM-23644118,25232900,412.241,tonne,68.257,CN
CBAM-61374302,72083900,972.567,tonne,1694.092,IN
CBAM-33939711,76011000,846.248,tonne,1887.207,TR
CBAM-00593257,28070010,363.096,tonne,3718.962,UA
CBAM-59486638,31021000,576.57,tonne,2936.859,MA
CBAM-58960847,27160000,345.465,tonne,2967.44,CN
CBAM-86185204,25232900,352.358,tonne,812.152,IN
CBAM-08350688,72083900,917.897,tonne,1207.219,TR
CBAM-32387592,76011000,727.268,tonne,4161.911,UA
CBAM-11444456,28070010,926.267,tonne,3336.358,MA
CBAM-26899576,31021000,707.043,tonne,680.504,CN
CBAM-17629536,27160000,911.711,tonne,3812.606,IN
CBAM-14368814,25232900,810.593,tonne,1403.27,TR
CBAM-18931811,72083900,340.24,tonne,1778.874,UA
CBAM-98485369,76011000,193.552,tonne,3676.866,MA
CBAM-00384792,28070010,5.303,tonne,2181.192,CN
CBAM-46542407,31021000,196.143,tonne,2284.025,IN
CBAM-64153781,27160000,100.701,tonne,864.458,TR
CBAM-85928252,25232900,732.037,tonne,2555.55,UA
CBAM-30130858,72083900,137.25,tonne,3775.36,MA
CBAM-22932144,76011000,755.769,tonne,1786.546,CN
CBAM-75117704,28070010,180.023,tonne,1357.397,IN
CBAM-63759951,31021000,942.064,tonne,663.903,TR
CBAM-75626982,27160000,358.675,tonne,4421.609,UA
CBAM-71543564,25232900,644.159,tonne,1804.505,MA
CBAM-69720512,72083900,464.525,tonne,3519.256,CN
CBAM-92907646,76011000,525.446,tonne,1959.516,IN
CBAM-93059500,28070010,268.504,tonne,647.878,TR
CBAM-76792872,31021000,864.591,tonne,3710.078,UA
CBAM-22894985,27160000,954.281,tonne,4090.382,MA
CBAM-51578029,25232900,256.472,tonne,255.939,CN
CBAM-22351481,72083900,197.016,tonne,4424.871,IN
CBAM-72821407,76011000,499.772,tonne,3803.526,TR
CBAM-00693499,28070010,247.564,tonne,1916.526,UA
CBAM-23017589,31021000,431.084,tonne,3176.169,MA
CBAM-52748835,27160000,626.82,tonne,533.801,CN
CBAM-91852023,25232900,579.793,tonne,1214.111,IN
CBAM-49101849,72083900,954.542,tonne,593.683,TR
CBAM-70785498,76011000,64.393,tonne,1226.421,UA
CBAM-71292258,28070010,466.304,tonne,4015.427,MA
CBAM-71126342,31021000,535.155,tonne,4627.928,CN
CBAM-58859341,27160000,76.214,tonne,4518.251,IN
CBAM-03407235,25232900,666.935,tonne,246.949,TR
CBAM-49295646,72083900,902.011,tonne,4980.346,UA
CBAM-19739591,76011000,28.954,tonne,540.215,MA
CBAM-47192713,28070010,794.025,tonne,3295.222,CN
CBAM-57212952,31021000,41.315,tonne,464.88,IN
CBAM-50614536,27160000,495.936,tonne,244.821,TR
CBAM-11467461,25232900,362.78,tonne,2422.995,UA
CBAM-36146044,72083900,456.607,tonne,2687.802,MA
CBAM-00082457,76011000,253.909,tonne,1833.647,CN
CBAM-52987701,28070010,21.125,tonne,2274.046,IN
CBAM-42129597,31021000,664.434,tonne,4979.781,TR
CBAM-04809948,27160000,684.726,tonne,671.831,UA
CBAM-87290510,25232900,117.734,tonne,2479.543,MA
CBAM-70405574,72083900,218.975,tonne,3474.294,CN
CBAM-21973962,76011000,550.721,tonne,3046.161,IN
CBAM-67498392,28070010,76.99,tonne,2062.217,TR
CBAM-71844091,31021000,609.444,tonne,659.04,UA
CBAM-88605132,27160000,842.053,tonne,1467.175,MA
CBAM-69057407,25232900,812.045,tonne,2657.218,CN
CBAM-14063845,72083900,405.603,tonne,2766.754,IN
CBAM-67133899,76011000,315.187,tonne,127.32,TR
CBAM-94573484,28070010,938.28,tonne,1739.569,UA
CBAM-86750254,31021000,231.845,tonne,4204.634,MA
CBAM-91359186,27160000,831.741,tonne,3476.354,CN
CBAM-89373184,25232900,490.903,tonne,685.047,IN
CBAM-85218606,72083900,949.241,tonne,470.781,TR
CBAM-38797389,76011000,34.217,tonne,2173.637,UA
CBAM-71488032,28070010,598.805,tonne,4616.782,MA
CBAM-34947762,31021000,578.856,tonne,4389.037,CN
CBAM-82452696,27160000,506.666,tonne,1133.006,IN
CBAM-58538150,25232900,626.281,tonne,4980.735,TR
CBAM-44431373,72083900,923.161,tonne,2980.748,UA
CBAM-86130281,76011000,646.371,tonne,686.745,MA
CBAM-38757923,28070010,896.038,tonne,1429.072,CN
CBAM-00341822,31021000,210.685,tonne,4096.486,IN
CBAM-42727493,27160000,770.013,tonne,2648.489,TR
CBAM-17964567,25232900,197.144,tonne,1137.3,UA
CBAM-32164190,72083900,390.502,tonne,2586.928,MA
CBAM-28523807,76011000,51.007,tonne,1345.521,CN
CBAM-27360420,28070010,257.892,tonne,1725.67,IN
CBAM-35260606,31021000,838.269,tonne,2235.289,TR
CBAM-77788974,27160000,32.085,tonne,3337.462,UA
CBAM-19268452,25232900,426.037,tonne,948.524,MA
CBAM-86091454,72083900,783.017,tonne,681.377,CN
CBAM-97480622,76011000,336.909,tonne,609.928,IN
CBAM-84094762,28070010,3.814,tonne,4476.39,TR
CBAM-28123980,31021000,18.733,tonne,2290.672,UA
CBAM-68226441,27160000,762.641,tonne,383.896,MA
CBAM-66950772,25232900,399.624,tonne,2873.269,CN
CBAM-18015452,72083900,683.206,tonne,427.1,IN
CBAM-06709341,76011000,938.508,tonne,4929.654,TR
CBAM-04677900,28070010,809.164,tonne,4043.157,UA
CBAM-00702998,31021000,926.3,tonne,2413.062,MA
CBAM-04497351,27160000,354.56,tonne,3051.367,CN
CBAM-12514621,25232900,6.342,tonne,253.368,IN
CBAM-28748076,72083900,957.551,tonne,4389.518,TR
CBAM-03701345,76011000,585.535,tonne,804.806,UA
CBAM-84861915,28070010,615.293,tonne,2756.776,MA
CBAM-51429977,31021000,921.367,tonne,2144.512,CN
CBAM-80052164,27160000,703.937,tonne,3649.733,IN
CBAM-58904794,25232900,650.141,tonne,549.469,TR
CBAM-33889735,72083900,476.821,tonne,3399.08,UA
CBAM-51062556,76011000,849.573,tonne,3709.597,MA
CBAM-96441767,28070010,79.525,tonne,4548.387,CN
CBAM-17720208,31021000,966.992,tonne,414.561,IN
CBAM-68719958,27160000,414.84,tonne,1625.653,TR
CBAM-19210625,25232900,61.174,tonne,225.566,UA
CBAM-57865841,72083900,610.488,tonne,2186.082,MA
CBAM-06079580,76011000,649.885,tonne,428.404,CN
CBAM-45179260,28070010,168.913,tonne,3067.864,IN
CBAM-49433164,31021000,200.877,tonne,2349.539,TR
CBAM-95727846,27160000,672.614,tonne,2814.305,UA
CBAM-79418004,25232900,142.374,tonne,4535.066,MA
CBAM-58275398,72083900,61.078,tonne,906.036,CN
CBAM-68300176,76011000,683.827,tonne,4578.571,IN
CBAM-37463832,28070010,837.635,tonne,3873.697,TR
CBAM-98344948,31021000,75.056,tonne,1627.501,UA
CBAM-45199109,27160000,1.107,tonne,1707.178,MA
CBAM-73145857,25232900,558.921,tonne,3750.704,CN
CBAM-22213082,72083900,785.443,tonne,2858.6,IN
CBAM-80246079,76011000,637.694,tonne,1164.872,TR
CBAM-89611545,28070010,934.723,tonne,4246.384,UA
CBAM-59496223,31021000,455.053,tonne,2727.483,MA
CBAM-54895048,27160000,22.308,tonne,2188.298,CN
CBAM-91732297,25232900,425.388,tonne,2276.527,IN
CBAM-03539800,72083900,710.627,tonne,2607.232,TR
CBAM-29370548,76011000,514.717,tonne,699.18,UA
CBAM-39595056,28070010,67.691,tonne,2230.96,MA
CBAM-33620140,31021000,46.315,tonne,38.501,CN
CBAM-06896248,27160000,528.618,tonne,4877.775,IN
CBAM-51712149,25232900,457.51,tonne,3254.881,TR
CBAM-89485458,72083900,299.23,tonne,2681.454,UA
CBAM-47227642,76011000,61.328,tonne,2316.105,MA
CBAM-89600938,28070010,490.267,tonne,2970.406,CN
CBAM-06663564,31021000,777.159,tonne,4536.877,IN
CBAM-40329484,27160000,324.295,tonne,1921.19,TR
CBAM-66112254,25232900,771.334,tonne,3477.424,UA
CBAM-51735843,72083900,736.197,tonne,382.171,MA
CBAM-32560635,76011000,210.435,tonne,1543.751,CN
CBAM-96975526,28070010,631.324,tonne,3144.417,IN
CBAM-90850917,31021000,297.809,tonne,2936.459,TR
CBAM-68452229,27160000,394.523,tonne,1852.417,UA
CBAM-00241046,25232900,81.938,tonne,923.68,MA
CBAM-25270316,72083900,501.521,tonne,4872.839,CN
CBAM-86652930,76011000,932.301,tonne,2989.449,IN
CBAM-62499716,28070010,939.933,tonne,2357.897,TR
CBAM-98631339,31021000,795.039,tonne,625.418,UA
CBAM-63204996,27160000,103.469,tonne,4681.337,MA
CBAM-11594528,25232900,195.594,tonne,82.354,CN
CBAM-40632222,72083900,633.49,tonne,118.445,IN
CBAM-43685049,76011000,782.546,tonne,4613.121,TR
CBAM-97179004,28070010,973.298,tonne,1320.327,UA
CBAM-96356281,31021000,373.967,tonne,5007.172,MA
CBAM-79819639,27160000,711.754,tonne,173.467,CN
CBAM-92965898,25232900,247.902,tonne,3383.621,IN
CBAM-89422849,72083900,230.202,tonne,4575.149,TR
CBAM-99235319,76011000,797.243,tonne,312.989,UA
CBAM-03458331,28070010,444.066,tonne,3338.899,MA
CBAM-93825778,31021000,890.617,tonne,3942.18,CN
CBAM-65001117,27160000,17.756,tonne,1190.045,IN
CBAM-19725995,25232900,486.236,tonne,440.726,TR
CBAM-16036782,72083900,26.326,tonne,1999.745,UA
CBAM-79928485,76011000,876.842,tonne,3636.872,MA
CBAM-62717400,28070010,949.514,tonne,2906.509,CN
CBAM-50421202,31021000,300.689,tonne,2439.07,IN
CBAM-79060747,27160000,198.379,tonne,1033.649,TR
CBAM-90628360,25232900,615.157,tonne,2520.887,UA
CBAM-61955055,72083900,24.866,tonne,4349.564,MA
CBAM-33164118,76011000,828.482,tonne,2566.801,CN
CBAM-19281308,28070010,224.066,tonne,2322.859,IN
CBAM-86612860,31021000,240.476,tonne,638.121,TR
CBAM-68901577,27160000,535.677,tonne,2588.913,UA
CBAM-09926846,25232900,128.717,tonne,2868.034,MA
CBAM-16766679,72083900,634.805,tonne,2840.22,CN
CBAM-77649042,76011000,898.994,tonne,1631.917,IN
CBAM-59716590,28070010,495.537,tonne,2187.875,TR
CBAM-08901022,31021000,942.091,tonne,1527.136,UA
CBAM-78653146,27160000,405.009,tonne,43.867,MA
CBAM-04251940,25232900,60.381,tonne,4325.066,CN
CBAM-95458386,72083900,680.555,tonne,3188.592,IN
CBAM-36569654,76011000,708.252,tonne,3644.91,TR
CBAM-52385811,28070010,520.732,tonne,1750.979,UA
CBAM-54799079,31021000,388.825,tonne,4171.208,MA
CBAM-16215935,27160000,10.835,tonne,4411.732,CN
CBAM-06458029,25232900,430.738,tonne,1588.051,IN
CBAM-69820358,72083900,689.772,tonne,1301.71,TR
CBAM-78433352,76011000,512.935,tonne,1715.071,UA
CBAM-11620305,28070010,312.84,tonne,899.084,MA
CBAM-00687346,31021000,925.725,tonne,472.404,CN
CBAM-32421028,27160000,956.805,tonne,3528.655,IN
CBAM-11701942,25232900,314.47,tonne,3858.797,TR
CBAM-86110686,72083900,286.473,tonne,1369.801,UA
CBAM-16008530,76011000,187.366,tonne,249.051,MA
CBAM-16062431,28070010,928.727,tonne,1786.344,CN
CBAM-18285075,31021000,938.332,tonne,4954.768,IN
CBAM-49505347,27160000,744.938,tonne,3604.735,TR
CBAM-64300342,25232900,770.784,tonne,3592.582,UA
CBAM-84334253,72083900,374.531,tonne,3804.339,MA
CBAM-51054396,76011000,618.157,tonne,3789.801,CN
CBAM-14268855,28070010,130.014,tonne,2095.551,IN
CBAM-38184297,31021000,343.05,tonne,2978.528,TR
CBAM-83894838,27160000,324.625,tonne,1860.628,UA
CBAM-20199342,25232900,156.425,tonne,978.314,MA
CBAM-86927604,72083900,944.451,tonne,3570.262,CN
CBAM-26656113,76011000,272.001,tonne,2134.813,IN
CBAM-75895109,28070010,880.165,tonne,1434.467,TR
CBAM-26787084,31021000,522.634,tonne,4012.133,UA
CBAM-54206064,27160000,925.25,tonne,1266.303,MA
CBAM-54421056,25232900,382.951,tonne,1687.92,CN
CBAM-88862133,72083900,771.289,tonne,2400.489,IN
CBAM-55947869,76011000,541.752,tonne,3275.534,TR
CBAM-86845473,28070010,477.625,tonne,1776.159,UA
CBAM-47916756,31021000,373.149,tonne,1902.674,MA
CBAM-31786679,27160000,606.807,tonne,3345.322,CN
CBAM-20100830,25232900,413.517,tonne,3082.982,IN
CBAM-42033561,72083900,989.001,tonne,1004.39,TR
CBAM-90095553,76011000,51.384,tonne,3411.247,UA
CBAM-05251041,28070010,397.849,tonne,3148.457,MA
CBAM-27114972,31021000,330.448,tonne,1681.509,CN
CBAM-73628742,27160000,388.838,tonne,3485.177,IN
CBAM-40416815,25232900,496.758,tonne,461.223,TR
CBAM-19420628,72083900,669.196,tonne,300.142,UA
CBAM-78435462,76011000,159.773,tonne,4830.932,MA
CBAM-16847612,28070010,178.634,tonne,597.206,CN
CBAM-62112105,31021000,367.146,tonne,3992.314,IN
CBAM-16301487,27160000,845.31,tonne,3452.643,TR
CBAM-58382659,25232900,387.3,tonne,1889.831,UA
CBAM-91330190,72083900,775.302,tonne,3758.369,MA
CBAM-71112070,76011000,776.026,tonne,4890.663,CN
CBAM-51171220,28070010,931.748,tonne,874.4,IN
CBAM-12028684,31021000,716.413,tonne,498.233,TR
CBAM-02904523,27160000,302.398,tonne,3884.716,UA
CBAM-91484105,25232900,943.457,tonne,4398.689,MA
CBAM-66718080,72083900,4.256,tonne,4537.52,CN
CBAM-81412368,76011000,346.849,tonne,2373.796,IN
CBAM-89023798,28070010,714.46,tonne,4485.628,TR
CBAM-13927128,31021000,382.16,tonne,1473.002,UA
CBAM-53933326,27160000,408.748,tonne,4843.514,MA
CBAM-87620397,25232900,265.203,tonne,4086.8,CN
CBAM-43955739,72083900,570.924,tonne,1215.758,IN
CBAM-09058658,76011000,394.936,tonne,4082.685,TR
CBAM-77434825,28070010,965.897,tonne,2609.568,UA
CBAM-31712256,31021000,310.185,tonne,507.364,MA
CBAM-46568229,27160000,294.978,tonne,4911.019,CN
CBAM-23425953,25232900,148.218,tonne,2353.482,IN
CBAM-30096594,72083900,102.522,tonne,4599.36,TR
CBAM-05135881,76011000,966.696,tonne,4835.352,UA
CBAM-09372983,28070010,344.75,tonne,3177.962,MA
CBAM-45326050,31021000,734.212,tonne,2180.464,CN
CBAM-06362811,27160000,474.484,tonne,60.011,IN
CBAM-35371587,25232900,90.708,tonne,4365.488,TR
CBAM-11095345,72083900,432.384,tonne,1272.757,UA
CBAM-16146535,76011000,23.274,tonne,2213.537,MA
CBAM-60677203,28070010,516.98,tonne,2466.381,CN
CBAM-70924943,31021000,775.618,tonne,2233.623,IN
CBAM-49869027,27160000,448.075,tonne,862.224,TR
CBAM-59424118,25232900,988.093,tonne,4666.371,UA
CBAM-51328792,72083900,681.029,tonne,4153.323,MA
CBAM-95651081,76011000,161.375,tonne,1418.51,CN
CBAM-71640484,28070010,460.101,tonne,4915.045,IN
CBAM-46617882,31021000,770.434,tonne,1805.092,TR
CBAM-42837290,27160000,600.583,tonne,2725.558,UA
CBAM-78639182,25232900,316.988,tonne,623.752,MA
CBAM-02175125,72083900,230.342,tonne,968.828,CN
CBAM-47640207,76011000,728.561,tonne,4612.768,IN
CBAM-02333793,28070010,399.655,tonne,1675.423,TR
CBAM-77463343,31021000,574.669,tonne,4143.562,UA
CBAM-59737697,27160000,751.654,tonne,313.581,MA
CBAM-86745131,25232900,864.318,tonne,4960.703,CN
CBAM-54125586,72083900,395.235,tonne,630.87,IN
CBAM-90781447,76011000,539.45,tonne,3040.335,TR
CBAM-43325269,28070010,781.826,tonne,3663.455,UA
CBAM-38345506,31021000,505.979,tonne,4909.734,MA
CBAM-87508356,27160000,649.295,tonne,3664.276,CN
CBAM-72319246,25232900,760.12,tonne,4503.782,IN
CBAM-05950055,72083900,426.336,tonne,755.135,TR
CBAM-45786713,76011000,30.443,tonne,4972.293,UA
CBAM-78711279,28070010,523.524,tonne,3599.904,MA
CBAM-63509159,31021000,256.262,tonne,3173.605,CN
CBAM-58888877,27160000,831.095,tonne,1548.486,IN
CBAM-89744336,25232900,557.513,tonne,3859.828,TR
CBAM-48226632,72083900,394.387,tonne,36.33,UA
CBAM-71941811,76011000,294.53,tonne,919.139,MA
CBAM-80703128,28070010,836.5,tonne,1723.816,CN
CBAM-81901698,31021000,665.718,tonne,745.201,IN
CBAM-26307286,27160000,926.192,tonne,107.788,TR
CBAM-15219798,25232900,286.031,tonne,3914.146,UA
CBAM-90218109,72083900,190.222,tonne,3080.419,MA
CBAM-64353991,76011000,426.15,tonne,567.345,CN
CBAM-36920544,28070010,165.581,tonne,2049.342,IN
CBAM-73554029,31021000,879.253,tonne,4492.736,TR
CBAM-14140196,27160000,91.524,tonne,3448.095,UA
CBAM-90518210,25232900,744.058,tonne,4037.55,MA
CBAM-88299904,72083900,421.189,tonne,2685.595,CN
CBAM-68128186,76011000,321.074,tonne,4031.953,IN
CBAM-78444850,28070010,549.245,tonne,1505.177,TR
CBAM-84758884,31021000,197.122,tonne,1734.013,UA
CBAM-70389071,27160000,816.638,tonne,735.812,MA
CBAM-56685513,25232900,73.97,tonne,352.042,CN
CBAM-47784870,72083900,945.804,tonne,2013.881,IN
CBAM-28287936,76011000,645.756,tonne,3263.847,TR
CBAM-02053134,28070010,723.157,tonne,109.442,UA
CBAM-43203834,31021000,170.185,tonne,2550.783,MA
CBAM-38273288,27160000,371.216,tonne,1113.51,CN
CBAM-74015951,25232900,511.828,tonne,313.608,IN
CBAM-83017196,72083900,613.542,tonne,1802.017,TR
CBAM-68904012,76011000,107.364,tonne,1141.458,UA
CBAM-18188049,28070010,903.864,tonne,4840.7,MA
CBAM-28808008,31021000,381.814,tonne,4649.805,CN
CBAM-35671149,27160000,84.298,tonne,4595.894,IN
CBAM-56506923,25232900,112.013,tonne,360.661,TR
CBAM-58858692,72083900,230.462,tonne,186.5,UA
CBAM-22534257,76011000,957.977,tonne,4021.099,MA
CBAM-77803156,28070010,757.559,tonne,592.079,CN
CBAM-08167938,31021000,97.397,tonne,2400.856,IN
CBAM-64542834,27160000,459.845,tonne,2669.545,TR
CBAM-21125789,25232900,972.29,tonne,2101.363,UA
CBAM-21181771,72083900,123.705,tonne,1293.03,MA
CBAM-90383706,76011000,343.023,tonne,4059.823,CN
CBAM-82164399,28070010,243.342,tonne,1347.788,IN
CBAM-10192448,31021000,168.174,tonne,4338.424,TR
CBAM-69235939,27160000,466.689,tonne,493.849,UA
CBAM-26842882,25232900,332.086,tonne,1625.164,MA
CBAM-27562385,72083900,249.356,tonne,1349.687,CN
CBAM-84973723,76011000,900.073,tonne,186.487,IN
CBAM-42235145,28070010,569.22,tonne,2314.105,TR
CBAM-68186481,31021000,359.302,tonne,4238.628,UA
CBAM-87657566,27160000,821.228,tonne,602.09,MA
CBAM-47447704,25232900,126.697,tonne,2189.532,CN
CBAM-51535458,72083900,145.512,tonne,399.93,IN
CBAM-24970273,76011000,683.047,tonne,2297.653,TR
CBAM-19740699,28070010,621.058,tonne,2796.285,UA
CBAM-72773522,31021000,240.186,tonne,3180.334,MA
CBAM-56765062,27160000,744.596,tonne,627.664,CN
CBAM-64179549,25232900,404.513,tonne,2413.949,IN
CBAM-01166214,72083900,813.032,tonne,3470.358,TR
CBAM-82196642,76011000,109.321,tonne,806.955,UA
CBAM-98300311,28070010,642.317,tonne,1917.83,MA
CBAM-19808842,31021000,488.037,tonne,541.673,CN
CBAM-72859795,27160000,471.463,tonne,661.374,IN
CBAM-10496248,25232900,146.64,tonne,2770.154,TR
CBAM-18495312,72083900,63.489,tonne,3620.271,UA
CBAM-56301056,76011000,575.771,tonne,2776.451,MA
CBAM-63146337,28070010,901.885,tonne,2771.482,CN
CBAM-08976012,31021000,25.301,tonne,2074.439,IN
CBAM-86491051,27160000,771.473,tonne,653.9,TR
CBAM-98567304,25232900,709.11,tonne,4862.108,UA
CBAM-47002447,72083900,774.785,tonne,2641.194,MA
CBAM-60014425,76011000,221.652,tonne,3089.226,CN
CBAM-55694899,28070010,510.211,tonne,2547.204,IN
CBAM-02005121,31021000,613.228,tonne,539.536,TR
CBAM-64555880,27160000,535.182,tonne,4652.434,UA
CBAM-02847708,25232900,213.252,tonne,2865.274,MA
CBAM-65182043,72083900,7.632,tonne,1757.116,CN
CBAM-46279943,76011000,527.58,tonne,247.561,IN
CBAM-13051822,28070010,150.193,tonne,290.283,TR
CBAM-53406954,31021000,332.298,tonne,4513.822,UA
CBAM-62133638,27160000,50.777,tonne,3713.063,MA
CBAM-29053581,25232900,712.733,tonne,4872.478,CN
CBAM-53893062,72083900,230.245,tonne,4324.513,IN
CBAM-12356423,76011000,357.869,tonne,3130.16,TR
CBAM-42545837,28070010,28.434,tonne,1971.588,UA
CBAM-71458449,31021000,856.87,tonne,4220.341,MA
CBAM-61343325,27160000,394.531,tonne,1788.023,CN
CBAM-04763532,25232900,559.684,tonne,1590.193,IN
CBAM-40321743,72083900,888.136,tonne,3910.013,TR
CBAM-88401269,76011000,447.531,tonne,244.834,UA
CBAM-08931019,28070010,446.312,tonne,334.834,MA
CBAM-95589627,31021000,812.17,tonne,3540.196,CN
CBAM-61304691,27160000,837.482,tonne,989.629,IN
CBAM-16522360,25232900,579.272,tonne,2026.189,TR
CBAM-98601140,72083900,734.697,tonne,423.517,UA
CBAM-16875545,76011000,368.632,tonne,1558.267,MA
CBAM-14116964,28070010,193.753,tonne,2178.747,CN
CBAM-16245940,31021000,269.325,tonne,3225.988,IN
CBAM-13223560,27160000,952.336,tonne,3487.655,TR
CBAM-18829479,25232900,739.55,tonne,1218.958,UA
CBAM-06655381,72083900,156.392,tonne,4085.062,MA
CBAM-90879592,76011000,981.123,tonne,1115.275,CN
CBAM-70358167,28070010,486.388,tonne,1290.529,IN
CBAM-05830685,31021000,644.61,tonne,4065.992,TR
CBAM-10829492,27160000,530.395,tonne,921.72,UA
CBAM-24017474,25232900,954.391,tonne,4669.696,MA
CBAM-60709865,72083900,716.694,tonne,2098.965,CN
CBAM-28511953,76011000,47.684,tonne,605.346,IN
CBAM-16731800,28070010,762.831,tonne,1011.024,TR
CBAM-46244475,31021000,940.844,tonne,1960.835,UA
CBAM-97466773,27160000,492.612,tonne,3146.247,MA
CBAM-50363170,25232900,823.418,tonne,1535.048,CN
CBAM-09943269,72083900,287.608,tonne,4926.353,IN
CBAM-61131308,76011000,64.252,tonne,3225.815,TR
CBAM-01320369,28070010,190.097,tonne,4043.058,UA
CBAM-81932456,31021000,862.66,tonne,1193.442,MA
CBAM-54351767,27160000,928.883,tonne,4544.595,CN
CBAM-88739423,25232900,753.375,tonne,1643.256,IN
CBAM-60775979,72083900,701.68,tonne,49.885,TR
CBAM-93040421,76011000,560.645,tonne,1617.026,UA
CBAM-19979271,28070010,358.035,tonne,3321.114,MA
CBAM-42203912,31021000,336.329,tonne,1409.811,CN
CBAM-07560552,27160000,53.213,tonne,1900.645,IN
CBAM-92188515,25232900,758.099,tonne,4120.574,TR
CBAM-91027926,72083900,647.361,tonne,3593.55,UA
CBAM-45362993,76011000,196.556,tonne,3822.602,MA
CBAM-68098919,28070010,264.798,tonne,2960.121,CN
CBAM-38463154,31021000,960.105,tonne,1259.147,IN
CBAM-09099732,27160000,979.043,tonne,2687.863,TR
CBAM-02142399,25232900,133.833,tonne,667.409,UA
CBAM-53857787,72083900,162.296,tonne,4639.172,MA
CBAM-01439302,76011000,134.029,tonne,175.942,CN
CBAM-53194381,28070010,347.164,tonne,1076.984,IN
CBAM-35042839,31021000,313.606,tonne,4078.589,TR
CBAM-79091833,27160000,448.421,tonne,4246.026,UA
CBAM-58725784,25232900,201.282,tonne,4512.052,MA
CBAM-33539500,72083900,702.726,tonne,234.343,CN
CBAM-82999792,76011000,313.258,tonne,1327.411,IN
CBAM-11604366,28070010,112.072,tonne,225.674,TR
CBAM-39243909,31021000,121.384,tonne,4869.43,UA
CBAM-62892367,27160000,205.831,tonne,4574.724,MA
CBAM-13289452,25232900,59.158,tonne,2743.938,CN
CBAM-35390242,72083900,610.726,tonne,2390.287,IN
CBAM-41040274,76011000,340.957,tonne,3139.089,TR
CBAM-48035869,28070010,578.835,tonne,2692.424,UA
CBAM-77850564,31021000,879.525,tonne,3742.041,MA
CBAM-42699608,27160000,560.091,tonne,1095.967,CN
CBAM-56401987,25232900,86.573,tonne,741.571,IN
CBAM-29011346,72083900,85.619,tonne,1155.216,TR
CBAM-00455602,76011000,333.786,tonne,2754.769,UA
CBAM-10249616,28070010,682.61,tonne,4584.565,MA
CBAM-84240698,31021000,591.353,tonne,2447.374,CN
CBAM-60417190,27160000,846.915,tonne,1957.419,IN
CBAM-36158016,25232900,57.918,tonne,4246.746,TR
CBAM-10693991,72083900,627.643,tonne,1427.039,UA
CBAM-08214743,76011000,512.716,tonne,2573.936,MA
CBAM-59777210,28070010,769.817,tonne,1821.198,CN
CBAM-34812583,31021000,952.066,tonne,4694.011,IN
CBAM-29921556,27160000,928.5,tonne,4664.121,TR
CBAM-27479932,25232900,870.271,tonne,3122.509,UA
CBAM-34692852,72083900,587.439,tonne,3655.007,MA
CBAM-93244564,76011000,771.712,tonne,3225.494,CN
CBAM-12160600,28070010,838.729,tonne,2093.976,IN
CBAM-30074823,31021000,398.579,tonne,1255.816,TR
CBAM-58191881,27160000,119.922,tonne,705.38,UA
CBAM-28526174,25232900,573.807,tonne,2090.54,MA
CBAM-84534203,72083900,723.064,tonne,3792.326,CN
CBAM-29670944,76011000,957.039,tonne,3602.974,IN
CBAM-09337317,28070010,45.493,tonne,4044.42,TR
CBAM-25858185,31021000,622.767,tonne,4545.734,UA
CBAM-00186036,27160000,491.694,tonne,159.378,MA
CBAM-08562993,25232900,604.602,tonne,2217.208,CN
CBAM-63965445,72083900,239.642,tonne,181.529,IN
CBAM-52031317,76011000,66.23,tonne,2071.749,TR
CBAM-28542851,28070010,985.001,tonne,1666.261,UA
CBAM-99464330,31021000,571.298,tonne,859.285,MA
CBAM-70005162,27160000,919.704,tonne,4765.63,CN
CBAM-44281416,25232900,791.068,tonne,2838.168,IN
CBAM-05238180,72083900,64.671,tonne,4185.486,TR
CBAM-43962939,76011000,635.868,tonne,1696.795,UA
CBAM-20794257,28070010,644.533,tonne,62.676,MA
CBAM-69589674,31021000,932.808,tonne,1175.708,CN
CBAM-79129538,27160000,47.773,tonne,2891.048,IN
CBAM-12277090,25232900,111.694,tonne,874.416,TR
CBAM-91556802,72083900,221.046,tonne,3766.931,UA
CBAM-94686430,76011000,210.328,tonne,841.38,MA
CBAM-58765935,28070010,555.945,tonne,81.898,CN
CBAM-69446182,31021000,925.245,tonne,4722.466,IN
CBAM-62859161,27160000,360.83,tonne,309.131,TR
CBAM-16337083,25232900,688.206,tonne,313.24,UA
CBAM-47193641,72083900,545.668,tonne,3304.461,MA
CBAM-97243922,76011000,777.916,tonne,473.894,CN
CBAM-03953468,28070010,481.738,tonne,403.461,IN
CBAM-56907492,31021000,305.625,tonne,1638.946,TR
CBAM-80243850,27160000,807.688,tonne,2015.3,UA
CBAM-64429421,25232900,134.54,tonne,3576.899,MA
CBAM-37065534,72083900,943.787,tonne,2802.772,CN
CBAM-55547420,76011000,224.242,tonne,1611.631,IN
CBAM-27250899,28070010,895.246,tonne,4305.594,TR
CBAM-96698826,31021000,847.31,tonne,762.483,UA
CBAM-52512439,27160000,512.805,tonne,4925.432,MA
CBAM-25572930,25232900,758.516,tonne,3533.861,CN
CBAM-02586262,72083900,497.392,tonne,4226.32,IN
CBAM-86600767,76011000,315.886,tonne,365.279,TR
CBAM-47852559,28070010,65.585,tonne,1563.814,UA
CBAM-51851204,31021000,390.501,tonne,4207.956,MA
CBAM-10203647,27160000,128.03,tonne,4495.326,CN
CBAM-61651840,25232900,628.828,tonne,4262.71,IN
CBAM-31626811,72083900,321.285,tonne,4437.948,TR
CBAM-44620495,76011000,893.437,tonne,4091.339,UA
CBAM-45178880,28070010,48.41,tonne,1650.378,MA
CBAM-78019398,31021000,249.269,tonne,2047.003,CN
CBAM-98230284,27160000,488.559,tonne,3002.981,IN
CBAM-30828466,25232900,180.081,tonne,2292.905,TR
CBAM-51150095,72083900,544.339,tonne,4891.802,UA
CBAM-17869069,76011000,351.697,tonne,2568.801,MA
CBAM-14381613,28070010,917.639,tonne,851.068,CN
CBAM-66872654,31021000,331.092,tonne,3987.869,IN
CBAM-15822823,27160000,295.484,tonne,3611.246,TR
CBAM-54416871,25232900,496.204,tonne,2012.403,UA
CBAM-51754110,72083900,121.075,tonne,1554.05,MA
CBAM-76548464,76011000,385.247,tonne,3388.099,CN
CBAM-23859825,28070010,441.768,tonne,4764.003,IN
CBAM-55438583,31021000,960.927,tonne,1189.148,TR
CBAM-26791200,27160000,381.322,tonne,794.982,UA
CBAM-94419338,25232900,407.909,tonne,2107.078,MA
CBAM-27828312,72083900,362.77,tonne,4801.563,CN
CBAM-40625360,76011000,7.145,tonne,4863.743,IN
CBAM-49816732,28070010,97.166,tonne,1579.099,TR
CBAM-15208693,31021000,885.083,tonne,3310.465,UA
CBAM-26099473,27160000,244.091,tonne,4249.092,MA
CBAM-41252287,25232900,746.89,tonne,4890,CN
CBAM-30738415,72083900,106.969,tonne,1698.346,IN
CBAM-97926364,76011000,365.8,tonne,4233.707,TR
CBAM-30293126,28070010,377.085,tonne,955.838,UA
CBAM-03799650,31021000,872.471,tonne,1321.446,MA
CBAM-17979097,27160000,15.914,tonne,1483.539,CN
CBAM-58039203,25232900,532.392,tonne,1343.46,IN
CBAM-10042550,72083900,509.449,tonne,3530.837,TR
CBAM-67833711,76011000,474.291,tonne,3006.016,UA
CBAM-56019252,28070010,405.931,tonne,3186.276,MA
CBAM-24696098,31021000,701.679,tonne,3010.936,CN
CBAM-67823269,27160000,216.358,tonne,2087.224,IN
CBAM-80460870,25232900,188.033,tonne,3937.654,TR
CBAM-78890416,72083900,475.442,tonne,503.645,UA
CBAM-88170085,76011000,88.673,tonne,4069.3,MA
CBAM-36147825,28070010,671.165,tonne,4416.114,CN
CBAM-79857832,31021000,134.654,tonne,4201.298,IN
CBAM-77019028,27160000,173.601,tonne,3438.05,TR
CBAM-14130788,25232900,916.586,tonne,4912.407,UA
CBAM-01832856,72083900,54.199,tonne,2349.057,MA
CBAM-25915769,76011000,633.361,tonne,4156.33,CN
CBAM-20823055,28070010,850.761,tonne,4546.005,IN
CBAM-85896962,31021000,189.518,tonne,4650.539,TR
CBAM-08399426,27160000,143.925,tonne,3225.348,UA
CBAM-89176907,25232900,825.657,tonne,4909.485,MA
CBAM-54587307,72083900,519.331,tonne,3818.678,CN
CBAM-02196874,76011000,568.712,tonne,3636.878,IN
CBAM-49562032,28070010,598.379,tonne,1029.733,TR
CBAM-19718482,31021000,331.093,tonne,2399.231,UA
CBAM-88769890,27160000,611.42,tonne,4978.054,MA
CBAM-30617601,25232900,108.701,tonne,2960.39,CN
CBAM-07851930,72083900,684.958,tonne,1816.413,IN
CBAM-47853242,76011000,718.386,tonne,2049.626,TR
CBAM-85754310,28070010,974.459,tonne,2549.632,UA
CBAM-22484546,31021000,888.742,tonne,1982.04,MA
CBAM-89327970,27160000,704.157,tonne,1270.081,CN
CBAM-06591475,25232900,960.543,tonne,2776.922,IN
CBAM-23061827,72083900,997.734,tonne,1375.017,TR
CBAM-62796628,76011000,477.28,tonne,3805.463,UA
CBAM-34070134,28070010,495.169,tonne,4488.449,MA
CBAM-65698416,31021000,104.639,tonne,3879.33,CN
CBAM-45481902,27160000,191.572,tonne,446.93,IN
CBAM-34663595,25232900,759.832,tonne,3508.581,TR
CBAM-59985290,72083900,714.953,tonne,4860.415,UA
CBAM-39561740,76011000,379.072,tonne,4791.137,MA
CBAM-99636959,28070010,467.808,tonne,1484.211,CN
CBAM-07734434,31021000,313.94,tonne,676.652,IN
CBAM-80636521,27160000,308.462,tonne,2417.594,TR
CBAM-71573788,25232900,56.174,tonne,4522.205,UA
CBAM-90032732,72083900,852.092,tonne,3672.746,MA
CBAM-21021032,76011000,527.381,tonne,1207.275,CN
CBAM-61785171,28070010,497.928,tonne,2671.153,IN
CBAM-72191889,31021000,505.4,tonne,4661.374,TR
CBAM-01552820,27160000,25.432,tonne,3656.57,UA
CBAM-90819090,25232900,333.507,tonne,1002.507,MA
CBAM-43925771,72083900,350.385,tonne,4233.719,CN
CBAM-26699251,76011000,450.857,tonne,2043.635,IN
CBAM-89061060,28070010,757.165,tonne,2178.411,TR
CBAM-17174505,31021000,104.763,tonne,1191.167,UA
CBAM-09060160,27160000,177.857,tonne,118.595,MA
CBAM-17602733,25232900,739.502,tonne,3557.677,CN
CBAM-02553584,72083900,613.448,tonne,23.237,IN
CBAM-29089140,76011000,633.23,tonne,1320.268,TR
CBAM-73082767,28070010,845.584,tonne,1025.081,UA
CBAM-07887717,31021000,235.874,tonne,1838.294,MA
CBAM-61031012,27160000,882.229,tonne,2250.342,CN
CBAM-91789885,25232900,647.053,tonne,3318.755,IN
CBAM-40182360,72083900,499.901,tonne,3286.54,TR
CBAM-01789518,76011000,852.051,tonne,3569.086,UA
CBAM-84536800,28070010,797.28,tonne,1127.952,MA
CBAM-33195047,31021000,416.88,tonne,4347.76,CN
CBAM-15397660,27160000,70.381,tonne,4675.243,IN
CBAM-93562324,25232900,312.874,tonne,3340.494,TR
CBAM-15402003,72083900,193.169,tonne,1989.471,UA
CBAM-51618568,76011000,922.505,tonne,507.848,MA
CBAM-94801911,28070010,177.947,tonne,2851.075,CN
CBAM-57317672,31021000,340.739,tonne,711.597,IN
CBAM-56027285,27160000,155.668,tonne,4225.591,TR
CBAM-49323277,25232900,606.231,tonne,950.235,UA
CBAM-62675274,72083900,820.018,tonne,4345.244,MA
CBAM-28733553,76011000,958.073,tonne,104.957,CN
CBAM-14277741,28070010,824.471,tonne,185.196,IN
CBAM-26837085,31021000,243.728,tonne,106.611,TR
CBAM-06126155,27160000,985.182,tonne,1436.242,UA
CBAM-87427818,25232900,683.133,tonne,1662.007,MA
CBAM-73711913,72083900,22.549,tonne,4764.807,CN
CBAM-42502718,76011000,675.808,tonne,4976.086,IN
CBAM-88982248,28070010,79.326,tonne,1171.195,TR
CBAM-42868658,31021000,767.823,tonne,3015.815,UA
CBAM-15937492,27160000,373.097,tonne,3203.927,MA
CBAM-15989176,25232900,27.307,tonne,4303.242,CN
CBAM-01079029,72083900,230.848,tonne,4278.968,IN
CBAM-87432002,76011000,203.223,tonne,379.57,TR
CBAM-64503725,28070010,940.922,tonne,2448.235,UA
CBAM-41843578,31021000,242.938,tonne,1612.108,MA
CBAM-44676640,27160000,770.324,tonne,4130.733,CN
CBAM-87875550,25232900,632.371,tonne,3722.705,IN
CBAM-49651179,72083900,115.263,tonne,3971.803,TR
CBAM-30303268,76011000,167.068,tonne,1053.868,UA
CBAM-41657230,28070010,100.325,tonne,3926.221,MA
CBAM-97412169,31021000,531.764,tonne,1546.168,CN
CBAM-73764306,27160000,369.23,tonne,3254.106,IN
CBAM-58499189,25232900,111.827,tonne,729.465,TR
CBAM-08750660,72083900,462.608,tonne,3779.869,UA
CBAM-15106460,76011000,98.622,tonne,3413.877,MA
CBAM-75432058,28070010,358.756,tonne,579.116,CN
CBAM-79287355,31021000,266.011,tonne,2845.358,IN
CBAM-29560501,27160000,383.58,tonne,320.258,TR
CBAM-03009807,25232900,230.47,tonne,3400.936,UA
CBAM-12977108,72083900,210.018,tonne,4852.933,MA
CBAM-99997688,76011000,202.196,tonne,652.828,CN
CBAM-86013879,28070010,184.577,tonne,3889.274,IN
CBAM-16522140,31021000,188.986,tonne,2281.868,TR
CBAM-92870966,27160000,128.191,tonne,4717.999,UA
CBAM-04847009,25232900,848.792,tonne,1960.013,MA
CBAM-54073459,72083900,408.734,tonne,4226.778,CN
CBAM-31632998,76011000,703.712,tonne,3047.572,IN
CBAM-74835646,28070010,399.264,tonne,3165.929,TR
CBAM-46966667,31021000,193.567,tonne,2520.565,UA
CBAM-83585241,27160000,278.037,tonne,2434.769,MA
CBAM-36417310,25232900,675.097,tonne,4644.79,CN
CBAM-98317261,72083900,22.998,tonne,642.506,IN
CBAM-50878067,76011000,618.896,tonne,4693.376,TR
CBAM-93395009,28070010,603.155,tonne,4621.115,UA
CBAM-93118597,31021000,187.801,tonne,4954.654,MA
CBAM-22618526,27160000,606.413,tonne,3776.414,CN
CBAM-48588798,25232900,434.876,tonne,3761.466,IN
CBAM-56046458,72083900,431.267,tonne,3716.431,TR
CBAM-48317961,76011000,480.367,tonne,2290.933,UA
CBAM-75066737,28070010,193.602,tonne,818.705,MA
CBAM-98346831,31021000,394.664,tonne,4913.208,CN
CBAM-30313448,27160000,214.754,tonne,3466.403,IN
CBAM-30466658,25232900,109.894,tonne,1031.83,TR
CBAM-72107533,72083900,229.568,tonne,2403.592,UA
CBAM-27182921,76011000,943.162,tonne,445.047,MA
CBAM-14872515,28070010,921.033,tonne,1929.281,CN
CBAM-98002030,31021000,854.897,tonne,306.976,IN
CBAM-31303247,27160000,874.937,tonne,4043.336,TR
CBAM-42581127,25232900,783.639,tonne,854.184,UA
CBAM-80796309,72083900,167.415,tonne,1046.682,MA
CBAM-00225472,76011000,340.278,tonne,3074.064,CN
CBAM-96147517,28070010,58.79,tonne,1402.099,IN
CBAM-55472601,31021000,331.252,tonne,26.514,TR
CBAM-12616930,27160000,40.662,tonne,2074.107,UA
CBAM-25583899,25232900,66.693,tonne,4664.248,MA
CBAM-35610760,72083900,574.569,tonne,2219.844,CN
CBAM-97154326,76011000,9.604,tonne,1073.651,IN
CBAM-26305951,28070010,527.19,tonne,109.226,TR
CBAM-76969488,31021000,446.036,tonne,632.83,UA
CBAM-95138922,27160000,292.419,tonne,120.352,MA
CBAM-93105642,25232900,867.241,tonne,2808.49,CN
CBAM-38594626,72083900,794.569,tonne,14.266,IN
CBAM-24381769,76011000,699.878,tonne,875.761,TR
CBAM-91566244,28070010,921.442,tonne,239.794,UA
CBAM-79260128,31021000,447.899,tonne,1348.498,MA
CBAM-23752049,27160000,160.529,tonne,5004.026,CN
CBAM-34053030,25232900,815.147,tonne,4422.357,IN
CBAM-92455991,72083900,673.932,tonne,328.717,TR
CBAM-62520087,76011000,999.287,tonne,1743.139,UA
CBAM-63140933,28070010,348.47,tonne,3142.049,MA
CBAM-12496388,31021000,184.985,tonne,3354.168,CN
CBAM-11563092,27160000,686.565,tonne,751.604,IN
CBAM-72765979,25232900,294.901,tonne,3384.206,TR
CBAM-49864243,72083900,52.576,tonne,4918.553,UA
CBAM-29379526,76011000,207.234,tonne,780.899,MA
CBAM-04472654,28070010,981.581,tonne,159.017,CN
CBAM-65054191,31021000,565.302,tonne,4247.792,IN
CBAM-45625000,27160000,652.287,tonne,2968.074,TR
CBAM-54807585,25232900,112.319,tonne,1125.042,UA
CBAM-05885947,72083900,21.975,tonne,2309.757,MA
CBAM-02770803,76011000,684.619,tonne,2117.46,CN
CBAM-62368385,28070010,889.559,tonne,473.349,IN
CBAM-30566234,31021000,192.074,tonne,3514.959,TR
CBAM-35450922,27160000,360.676,tonne,4098.966,UA
CBAM-63953813,25232900,764.984,tonne,3866.516,MA
CBAM-79249486,72083900,218.355,tonne,3408.696,CN
CBAM-59313939,76011000,228.451,tonne,601.464,IN
CBAM-59147698,28070010,618.835,tonne,2267.305,TR
CBAM-99914851,31021000,929.017,tonne,3108.407,UA
CBAM-16571503,27160000,753.453,tonne,2174.835,MA
CBAM-62107075,25232900,123.515,tonne,1617.92,CN
CBAM-09740511,72083900,645.309,tonne,2392.413,IN
CBAM-48624093,76011000,504.108,tonne,4325.242,TR
CBAM-24912007,28070010,77.177,tonne,4582.655,UA
CBAM-47334685,31021000,647.94,tonne,4985.95,MA
CBAM-89013538,27160000,232.34,tonne,1147.617,CN
CBAM-90802212,25232900,852.544,tonne,4418.9,IN
CBAM-80146569,72083900,681.69,tonne,4525.078,TR
CBAM-87126212,76011000,846.95,tonne,494.153,UA
CBAM-40073215,28070010,830.328,tonne,3300.037,MA
CBAM-01396016,31021000,116.064,tonne,1413.36,CN
CBAM-92000890,27160000,138.765,tonne,3937.366,IN
CBAM-40528198,25232900,436.426,tonne,2416.648,TR
CBAM-58697518,72083900,532.912,tonne,3840.38,UA
CBAM-46451049,76011000,997.901,tonne,2918.374,MA
CBAM-60514244,28070010,513.087,tonne,1386.114,CN
CBAM-22030749,31021000,57.024,tonne,1950.576,IN
CBAM-52331345,27160000,230.923,tonne,1244.135,TR
CBAM-39118934,25232900,83.841,tonne,353.729,UA
CBAM-55323858,72083900,732.122,tonne,967.224,MA
CBAM-73292335,76011000,85.937,tonne,4856.259,CN
CBAM-53947164,28070010,351.021,tonne,2384.129,IN
CBAM-36814812,31021000,881.082,tonne,1329.644,TR
CBAM-17942606,27160000,208.332,tonne,3343.992,UA
CBAM-81035081,25232900,632.541,tonne,1321.274,MA
CBAM-24256206,72083900,284.83,tonne,3825.177,CN
CBAM-11457674,76011000,55.439,tonne,4073.135,IN
CBAM-88295187,28070010,435.682,tonne,5001.398,TR
CBAM-08682703,31021000,130.244,tonne,228.874,UA
CBAM-24429759,27160000,90.362,tonne,4432.536,MA
CBAM-80061341,25232900,368.767,tonne,3167.796,CN
CBAM-32302989,72083900,200.937,tonne,2557.676,IN
CBAM-29686813,76011000,895.755,tonne,4059.937,TR
CBAM-33382356,28070010,923.787,tonne,1451.32,UA
CBAM-95256797,31021000,3.598,tonne,4984.174,MA
CBAM-18635012,27160000,245.391,tonne,712.84,CN
CBAM-97610502,25232900,180.043,tonne,3773.828,IN
CBAM-19447582,72083900,793.653,tonne,4142.778,TR
CBAM-71390575,76011000,806.166,tonne,4448.663,UA
CBAM-58833863,28070010,883.292,tonne,4588.033,MA
CBAM-91073004,31021000,254.166,tonne,4050.739,CN
CBAM-89233176,27160000,698.664,tonne,3976.913,IN
CBAM-20881053,25232900,348.22,tonne,2109.272,TR
CBAM-23543626,72083900,870.117,tonne,4134.167,UA
CBAM-29902081,76011000,913.147,tonne,1220.247,MA
CBAM-56251266,28070010,36.039,tonne,463.861,CN
CBAM-59046013,31021000,361.24,tonne,3384.045,IN
CBAM-86908358,27160000,291.969,tonne,2101.54,TR
CBAM-61623056,25232900,50.422,tonne,4214.513,UA
CBAM-71165553,72083900,140.433,tonne,2431.598,MA
CBAM-88556329,76011000,608.137,tonne,4493.289,CN
CBAM-68940128,28070010,117.013,tonne,1671.024,IN
CBAM-37765198,31021000,96.873,tonne,4859.33,TR
CBAM-00653825,27160000,894.848,tonne,4600.566,UA
CBAM-13969138,25232900,444.756,tonne,4983.297,MA
CBAM-22562734,72083900,756.083,tonne,4648.438,CN
CBAM-24765817,76011000,449.618,tonne,2646.157,IN
CBAM-46065222,28070010,80.822,tonne,2323.971,TR
CBAM-76224320,31021000,641.548,tonne,4481.185,UA
CBAM-94164440,27160000,888.317,tonne,857.815,MA
CBAM-87946292,25232900,503.117,tonne,2396.641,CN
CBAM-65428247,72083900,39.759,tonne,2002.546,IN
CBAM-61709397,76011000,656.364,tonne,2679.499,TR
CBAM-58865344,28070010,954.845,tonne,2034.208,UA
CBAM-69216105,31021000,111.8,tonne,2551.654,MA
CBAM-74829325,27160000,732.095,tonne,4806.81,CN
CBAM-70116839,25232900,621.554,tonne,2452.933,IN
CBAM-31707333,72083900,384.158,tonne,1049.747,TR
CBAM-14866729,76011000,398.882,tonne,3157.119,UA
CBAM-81591421,28070010,538.981,tonne,922.228,MA
CBAM-53517123,31021000,619.081,tonne,4428.176,CN
CBAM-91742501,27160000,207.645,tonne,4202.876,IN
CBAM-19124775,25232900,252.589,tonne,3353.211,TR
CBAM-75621519,72083900,256.011,tonne,2342.284,UA
CBAM-14289544,76011000,92.565,tonne,1991.87,MA
CBAM-53351425,28070010,104.271,tonne,1713.273,CN
CBAM-42555683,31021000,930.558,tonne,3074.909,IN
CBAM-79774505,27160000,351.002,tonne,170.595,TR
CBAM-47656089,25232900,193.481,tonne,4789.408,UA
CBAM-20468006,72083900,709.847,tonne,2996.211,MA
CBAM-95285918,76011000,936.108,tonne,1432.11,CN
CBAM-81388721,28070010,827.963,tonne,2576.213,IN
CBAM-23970359,31021000,717.965,tonne,3340.856,TR
CBAM-51177761,27160000,27.954,tonne,1031.941,UA
CBAM-64648730,25232900,738.334,tonne,1168.469,MA
CBAM-90239200,72083900,424.806,tonne,2883.73,CN
CBAM-51439409,76011000,971.971,tonne,2689.346,IN
CBAM-29894150,28070010,871.541,tonne,2472.454,TR
CBAM-78979759,31021000,88.45,tonne,423.958,UA
CBAM-98475057,27160000,762.176,tonne,952.19,MA
CBAM-21912342,25232900,491.727,tonne,2758.445,CN
CBAM-89096754,72083900,693.863,tonne,2820.237,IN
CBAM-32519643,76011000,649.736,tonne,747.955,TR
CBAM-49702213,28070010,122.25,tonne,656.213,UA
CBAM-33981594,31021000,110.328,tonne,2875.823,MA
CBAM-12098125,27160000,618.007,tonne,2206.903,CN
CBAM-91027204,25232900,583.187,tonne,574.222,IN
CBAM-13228482,72083900,781.388,tonne,3249.007,TR
CBAM-72404599,76011000,692.268,tonne,4572.383,UA
CBAM-88736265,28070010,458.863,tonne,2242.376,MA
CBAM-10680682,31021000,371.513,tonne,4466.618,CN
CBAM-49151415,27160000,257.618,tonne,577.319,IN
CBAM-18088344,25232900,390.368,tonne,3344.771,TR
CBAM-66957088,72083900,391.484,tonne,2927.367,UA
CBAM-03917594,76011000,558.592,tonne,4657.019,MA
CBAM-59537289,28070010,457.31,tonne,1243.128,CN
CBAM-40814007,31021000,943.23,tonne,1167.455,IN
CBAM-02404459,27160000,291.662,tonne,1788.439,TR
CBAM-44789664,25232900,176.495,tonne,1924.263,UA
CBAM-72431030,72083900,705.634,tonne,2697.825,MA
CBAM-27417429,76011000,150.664,tonne,453.829,CN
CBAM-59994902,28070010,652.57,tonne,998.642,IN
CBAM-33393992,31021000,799.087,tonne,1719.179,TR
CBAM-13670033,27160000,24.531,tonne,2996.172,UA
CBAM-02793524,25232900,716.909,tonne,3788.723,MA
CBAM-88696240,72083900,154.63,tonne,118.015,CN
CBAM-22511534,76011000,881.481,tonne,2971.715,IN
CBAM-30771543,28070010,184.956,tonne,3997.432,TR
CBAM-78948670,31021000,823.967,tonne,1731.795,UA
CBAM-17876808,27160000,979.249,tonne,2271.751,MA
CBAM-22561456,25232900,543.939,tonne,959.006,CN
CBAM-48153809,72083900,145.94,tonne,3499.792,IN
CBAM-58023083,76011000,200.541,tonne,4414.236,TR
CBAM-92797701,28070010,650.148,tonne,3690.678,UA
CBAM-61045591,31021000,90.86,tonne,3850.961,MA
CBAM-43151524,27160000,912.439,tonne,1894.345,CN
CBAM-73929197,25232900,77.332,tonne,2687.695,IN
CBAM-76458916,72083900,406.315,tonne,2037.268,TR
CBAM-21736870,76011000,209.385,tonne,3293.701,UA
CBAM-66989417,28070010,18.893,tonne,4666.128,MA
CBAM-93009419,31021000,444.376,tonne,2584.646,CN
CBAM-45455373,27160000,446.416,tonne,414.725,IN
CBAM-30606581,25232900,393.187,tonne,2965.166,TR
CBAM-86463853,72083900,17.637,tonne,1254.354,UA
CBAM-82435817,76011000,463.424,tonne,1907.062,MA
CBAM-50690670,28070010,17.431,tonne,2404.039,CN
CBAM-36840504,31021000,372.418,tonne,2199.384,IN
CBAM-09685591,27160000,634.39,tonne,4197.309,TR
CBAM-38723822,25232900,660.103,tonne,447.316,UA
CBAM-14855331,72083900,185.16,tonne,4003.905,MA
CBAM-65835273,76011000,970.883,tonne,3348.685,CN
CBAM-31077955,28070010,859.99,tonne,3091.314,IN
CBAM-73281901,31021000,448.472,tonne,2929.091,TR
CBAM-29601453,27160000,620.062,tonne,4011.11,UA
CBAM-49284627,25232900,15.43,tonne,2638.316,MA
CBAM-04358738,72083900,962.757,tonne,2726.508,CN
CBAM-35853230,76011000,29.259,tonne,1196.2,IN
CBAM-54410800,28070010,501.571,tonne,1642.614,TR
CBAM-86900036,31021000,621.252,tonne,277.007,UA
CBAM-40712709,27160000,1.644,tonne,4937.412,MA
CBAM-91500487,25232900,207.382,tonne,4347.424,CN
CBAM-46974835,72083900,676.421,tonne,2245.687,IN
CBAM-21378439,76011000,570.004,tonne,2639.697,TR
CBAM-22096063,28070010,7.459,tonne,1030.696,UA
CBAM-67814773,31021000,263.98,tonne,1258.205,MA
CBAM-56345681,27160000,937.376,tonne,3556.434,CN
CBAM-81830748,25232900,276.282,tonne,3881.887,IN
CBAM-04422893,72083900,301.927,tonne,1696.15,TR
CBAM-17027702,76011000,454.748,tonne,454.213,UA
CBAM-67820704,28070010,701.082,tonne,4032.491,MA
CBAM-96076609,31021000,853.383,tonne,859.463,CN
CBAM-59343079,27160000,759.947,tonne,1524.614,IN
CBAM-22050779,25232900,245.814,tonne,1632.96,TR
CBAM-41545926,72083900,704.031,tonne,3885.332,UA
CBAM-92688747,76011000,880.227,tonne,4191.357,MA
CBAM-69112733,28070010,551.787,tonne,3601.488,CN
CBAM-45670914,31021000,489.519,tonne,2747.436,IN
CBAM-99674425,27160000,692.442,tonne,4303.281,TR
CBAM-36219930,25232900,486.58,tonne,4405.615,UA
CBAM-66614035,72083900,375.9,tonne,2234.965,MA
CBAM-98501310,76011000,828.955,tonne,1586.146,CN
CBAM-00956362,28070010,21.47,tonne,1018.652,IN
CBAM-95532042,31021000,382.497,tonne,4209.112,TR
CBAM-86504293,27160000,589.721,tonne,3080.696,UA
CBAM-16473226,25232900,960.935,tonne,3421.657,MA
CBAM-82631338,72083900,359.271,tonne,1620.406,CN
CBAM-12820948,76011000,104.551,tonne,748.993,IN
CBAM-89346397,28070010,888.785,tonne,4372.988,TR
CBAM-74594955,31021000,848.877,tonne,2191.526,UA
CBAM-12547575,27160000,417.547,tonne,1030.163,MA
CBAM-48543773,25232900,832.051,tonne,2107.858,CN
CBAM-08199549,72083900,587.44,tonne,1073.103,IN
CBAM-07344296,76011000,236.555,tonne,973.902,TR
CBAM-46241321,28070010,559.296,tonne,2615.349,UA
CBAM-84352337,31021000,403.198,tonne,863.282,MA
CBAM-21993858,27160000,248.075,tonne,1702.187,CN
CBAM-15104857,25232900,575.384,tonne,4007.713,IN
CBAM-13268865,72083900,756.069,tonne,3270.966,TR
CBAM-76136596,76011000,850.389,tonne,3471.841,UA
CBAM-16696483,28070010,394.351,tonne,4378.176,MA
CBAM-98057746,31021000,22.643,tonne,3379.662,CN
CBAM-29357928,27160000,677.095,tonne,4013.299,IN
CBAM-82663003,25232900,16.827,tonne,1134.516,TR
CBAM-47715823,72083900,875.52,tonne,1671.097,UA
CBAM-47764475,76011000,20.42,tonne,2930.119,MA
CBAM-69417311,28070010,681.211,tonne,4621.704,CN
CBAM-31232588,31021000,638.584,tonne,1921.644,IN
CBAM-47708238,27160000,183.068,tonne,2859.324,TR
CBAM-49037305,25232900,746.732,tonne,757.557,UA
CBAM-42025345,72083900,686.447,tonne,356.15,MA
CBAM-54880655,76011000,66.769,tonne,780.606,CN
CBAM-15929140,28070010,641.056,tonne,4505.031,IN
CBAM-92940527,31021000,472.546,tonne,1763.47,TR
CBAM-67477837,27160000,532.437,tonne,1369.223,UA
CBAM-97302950,25232900,858.612,tonne,3518.948,MA
CBAM-02120836,72083900,228.317,tonne,424.671,CN
CBAM-63901093,76011000,95.304,tonne,2348.378,IN
CBAM-82474282,28070010,277.547,tonne,4905.804,TR
CBAM-59346714,31021000,888.976,tonne,2171.887,UA
CBAM-92692641,27160000,795.524,tonne,87.676,MA
CBAM-37326598,25232900,892.096,tonne,287.532,CN
CBAM-41539179,72083900,822.228,tonne,2888.918,IN
CBAM-09457576,76011000,626.667,tonne,889.519,TR
CBAM-64571202,28070010,253.153,tonne,4089.526,UA
CBAM-07081261,31021000,562.4,tonne,4377.752,MA
CBAM-51944357,27160000,776.01,tonne,3824.738,CN
CBAM-15062708,25232900,319.447,tonne,3357.784,IN
CBAM-30129179,72083900,937.517,tonne,3603.341,TR
CBAM-92095847,76011000,788.363,tonne,3545.237,UA
CBAM-15456809,28070010,126.62,tonne,283.58,MA
CBAM-65172670,31021000,158.403,tonne,3449.957,CN
CBAM-30122967,27160000,112.04,tonne,4809.759,IN
CBAM-37314754,25232900,408.513,tonne,1240.042,TR
CBAM-76675556,72083900,937.838,tonne,567.087,UA
CBAM-29242981,76011000,887.298,tonne,1920.355,MA
CBAM-81181014,28070010,63.162,tonne,2790.878,CN
CBAM-35470132,31021000,728.908,tonne,186.842,IN
CBAM-97831840,27160000,599.681,tonne,3330.782,TR
CBAM-32029194,25232900,401.058,tonne,1569.452,UA
CBAM-59142939,72083900,624.902,tonne,2916.342,MA
CBAM-00876756,76011000,136.637,tonne,4087.543,CN
CBAM-35057468,28070010,95.918,tonne,2371.969,IN
CBAM-89787248,31021000,36.027,tonne,2148.615,TR
CBAM-33741881,27160000,933.945,tonne,470.023,UA
CBAM-95601593,25232900,955.321,tonne,3613.534,MA
CBAM-78119944,72083900,440.03,tonne,3772.274,CN
CBAM-41985973,76011000,35.55,tonne,2498.768,IN
CBAM-14255530,28070010,8.342,tonne,5004.066,TR
CBAM-42518737,31021000,4.629,tonne,2502.876,UA
CBAM-90249421,27160000,592.843,tonne,75.752,MA
CBAM-11763268,25232900,464.927,tonne,1497.144,CN
CBAM-24758513,72083900,972.87,tonne,4517.906,IN
CBAM-06178360,76011000,930.392,tonne,4827.57,TR
CBAM-09447726,28070010,263.295,tonne,641.869,UA
CBAM-12624000,31021000,260.656,tonne,2347.544,MA
CBAM-22264579,27160000,809.551,tonne,1420.512,CN
CBAM-23318272,25232900,644.974,tonne,4427.579,IN
CBAM-74555379,72083900,387.861,tonne,3431.844,TR
CBAM-12118161,76011000,478.445,tonne,3477.064,UA
CBAM-91867025,28070010,322.779,tonne,1480.572,MA
CBAM-27855866,31021000,470.136,tonne,2541.752,CN
CBAM-35211118,27160000,462.333,tonne,764.451,IN
CBAM-12831002,25232900,76.814,tonne,2213.632,TR
CBAM-61678970,72083900,184.585,tonne,2825.332,UA
CBAM-64618395,76011000,285.403,tonne,237.198,MA
CBAM-00295142,28070010,45.633,tonne,1540.37,CN
CBAM-58251477,31021000,175.724,tonne,4854.558,IN
CBAM-97484978,27160000,523.554,tonne,3637.364,TR
CBAM-49539774,25232900,854.331,tonne,2155.506,UA
CBAM-46842782,72083900,509.795,tonne,2043.796,MA
CBAM-11756332,76011000,930.823,tonne,4490.119,CN
CBAM-63259084,28070010,311.345,tonne,422.298,IN
CBAM-38126087,31021000,387.585,tonne,1966.94,TR
CBAM-05058798,27160000,540.817,tonne,4946.095,UA
CBAM-90618040,25232900,826.348,tonne,2610.661,MA
CBAM-78639702,72083900,373.151,tonne,3963.43,CN
CBAM-81528695,76011000,2.6,tonne,1270.795,IN
CBAM-76587557,28070010,736.584,tonne,1496.729,TR
CBAM-95247199,31021000,62.782,tonne,665.849,UA
CBAM-10074070,27160000,593.31,tonne,4585.077,MA
CBAM-98809501,25232900,695.9,tonne,760.275,CN
CBAM-27674948,72083900,931.205,tonne,1777.753,IN
CBAM-13173935,76011000,359.291,tonne,198.725,TR
CBAM-51070487,28070010,961.889,tonne,140.118,UA
CBAM-07296879,31021000,411.353,tonne,3775.188,MA
CBAM-53084454,27160000,338.536,tonne,596.661,CN
CBAM-79772545,25232900,700.504,tonne,2497.756,IN
CBAM-96806432,72083900,263.719,tonne,2350.307,TR
CBAM-41398277,76011000,169.679,tonne,1581.71,UA
CBAM-96210226,28070010,680.037,tonne,4655.074,MA
CBAM-03428105,31021000,385.368,tonne,549.448,CN
CBAM-43908243,27160000,361.877,tonne,4554.082,IN
CBAM-36573786,25232900,447.18,tonne,3003.896,TR
CBAM-93111765,72083900,513.064,tonne,3611.666,UA
CBAM-22432657,76011000,735.004,tonne,4802.459,MA
CBAM-23822753,28070010,870.685,tonne,3079.065,CN
CBAM-92695111,31021000,554.365,tonne,2347.205,IN
CBAM-11261768,27160000,467.916,tonne,253.687,TR
CBAM-66593057,25232900,987.564,tonne,4692.657,UA
CBAM-57247895,72083900,76.154,tonne,2094.612,MA
CBAM-87182727,76011000,127.559,tonne,505.262,CN
CBAM-32009030,28070010,453.373,tonne,1023.909,IN
CBAM-96547103,31021000,813.029,tonne,3156.289,TR
CBAM-55036212,27160000,578.711,tonne,2158.99,UA
CBAM-00539121,25232900,77.175,tonne,4739.847,MA
CBAM-15638084,72083900,156.152,tonne,3044.763,CN
CBAM-11611167,76011000,10.089,tonne,2671.707,IN
CBAM-78625216,28070010,203.263,tonne,4897.06,TR
CBAM-13506733,31021000,585.338,tonne,3389.173,UA
CBAM-59796742,27160000,574.117,tonne,3676.073,MA
CBAM-80016581,25232900,421.811,tonne,3483.319,CN
CBAM-70499461,72083900,949.563,tonne,2506.589,IN
CBAM-35703113,76011000,111.772,tonne,4940.582,TR
CBAM-54842387,28070010,77.261,tonne,603.416,UA
CBAM-81978016,31021000,8.797,tonne,2596.813,MA
CBAM-31224699,27160000,590.16,tonne,3489.433,CN
CBAM-01488060,25232900,904.916,tonne,2898.743,IN
CBAM-11467659,72083900,857.518,tonne,4615.73,TR
CBAM-69697831,76011000,679.47,tonne,1816.438,UA
CBAM-54601012,28070010,711.179,tonne,3463.709,MA
CBAM-82664213,31021000,136.578,tonne,3656.987,CN
CBAM-81556896,27160000,470.341,tonne,1738.465,IN
CBAM-56026592,25232900,343.556,tonne,4076.999,TR
CBAM-75612388,72083900,139.94,tonne,264.589,UA
CBAM-52759557,76011000,8.167,tonne,18.503,MA
CBAM-01475755,28070010,164.138,tonne,607.683,CN
CBAM-64929640,31021000,352.826,tonne,1770.603,IN
CBAM-50761726,27160000,956.126,tonne,3497.081,TR
CBAM-99261744,25232900,359.043,tonne,3415.491,UA
CBAM-42563121,72083900,123.116,tonne,1275.571,MA
CBAM-63753870,76011000,613.454,tonne,3084.215,CN
CBAM-81113702,28070010,245.559,tonne,3451.061,IN
CBAM-44935316,31021000,817.415,tonne,1289.816,TR
CBAM-89186168,27160000,119.263,tonne,480.581,UA
CBAM-72241759,25232900,280.96,tonne,4784.554,MA
CBAM-35097657,72083900,89.403,tonne,1210.901,CN
CBAM-15391270,76011000,472.652,tonne,3738.096,IN
CBAM-41934752,28070010,706.658,tonne,2126.116,TR
CBAM-67462123,31021000,94.691,tonne,4115.914,UA
CBAM-24722123,27160000,344.765,tonne,2238.276,MA
CBAM-51587578,25232900,196.129,tonne,3127.477,CN
CBAM-25389072,72083900,21.556,tonne,3027.604,IN
CBAM-76737087,76011000,934.768,tonne,739.806,TR
CBAM-26218265,28070010,625.827,tonne,1217.388,UA
CBAM-47674179,31021000,2.391,tonne,282.327,MA
CBAM-31237222,27160000,397.628,tonne,347.361,CN
CBAM-38470908,25232900,524.024,tonne,1913.753,IN
CBAM-06216787,72083900,109.315,tonne,936.387,TR
CBAM-23938106,76011000,918.465,tonne,4958.513,UA
CBAM-68444403,28070010,973.226,tonne,167.405,MA
CBAM-09826289,31021000,865.642,tonne,3975.782,CN
CBAM-76077041,27160000,560.35,tonne,1571.662,IN
CBAM-08029009,25232900,954.148,tonne,2181.702,TR
CBAM-28576566,72083900,937.074,tonne,950.316,UA
CBAM-62484500,76011000,379.18,tonne,2766.673,MA
CBAM-51402344,28070010,4.826,tonne,2726.752,CN
CBAM-62153692,31021000,161.928,tonne,3436.159,IN
CBAM-63515190,27160000,834.097,tonne,4296.869,TR
CBAM-79379370,25232900,418.956,tonne,4834.182,UA
CBAM-84721464,72083900,384.651,tonne,1826.864,MA
CBAM-43889656,76011000,430.076,tonne,349.72,CN
CBAM-97724801,28070010,383.629,tonne,191.79,IN
CBAM-18562156,31021000,620.171,tonne,4137.748,TR
CBAM-24175667,27160000,364.417,tonne,2252.056,UA
CBAM-00058217,25232900,516.227,tonne,639.392,MA
CBAM-26355565,72083900,778.136,tonne,3772.946,CN
CBAM-18021603,76011000,567.501,tonne,1945.99,IN
CBAM-10514726,28070010,271.747,tonne,209.318,TR
CBAM-15039346,31021000,423.805,tonne,4313.508,UA
CBAM-36676521,27160000,773.084,tonne,1938.033,MA
CBAM-10838255,25232900,248.113,tonne,372.891,CN
CBAM-18407156,72083900,858.149,tonne,1308.634,IN
CBAM-69323574,76011000,836.13,tonne,2144.761,TR
CBAM-58651339,28070010,176.125,tonne,1705.421,UA
CBAM-99342935,31021000,77.255,tonne,4789.936,MA
CBAM-03749326,27160000,344.905,tonne,919.918,CN
CBAM-73277462,25232900,381.471,tonne,4192.109,IN
CBAM-13507487,72083900,264.746,tonne,2420.73,TR
CBAM-55374093,76011000,781.707,tonne,4783.814,UA
CBAM-34779261,28070010,578.5,tonne,1710.921,MA
CBAM-58235668,31021000,292.654,tonne,1294.63,CN
CBAM-41332785,27160000,996.093,tonne,2727.996,IN
CBAM-77396993,25232900,547.683,tonne,4252.721,TR
CBAM-01921329,72083900,910.695,tonne,3254.29,UA
CBAM-75343636,76011000,683.454,tonne,1445.654,MA
CBAM-56237341,28070010,95.839,tonne,58.822,CN
CBAM-89148470,31021000,293.43,tonne,1935.862,IN
CBAM-62337000,27160000,95.774,tonne,3791.989,TR
CBAM-96390094,25232900,629.467,tonne,3181.195,UA
CBAM-17846514,72083900,778.165,tonne,4038.294,MA
CBAM-51995759,76011000,446.414,tonne,355.069,CN
CBAM-90494963,28070010,743.07,tonne,2766.991,IN
CBAM-90497735,31021000,383.387,tonne,4795.44,TR
CBAM-95143431,27160000,917.464,tonne,2597.387,UA
CBAM-76205224,25232900,665.6,tonne,3957.098,MA
CBAM-19207302,72083900,915.805,tonne,1445.763,CN
CBAM-99684719,76011000,378.651,tonne,4046.992,IN
CBAM-87222686,28070010,956.01,tonne,225.728,TR
CBAM-68131766,31021000,629.539,tonne,1885.088,UA
CBAM-14269984,27160000,244.391,tonne,228.54,MA
CBAM-44131914,25232900,151.304,tonne,2181.236,CN
CBAM-52418818,72083900,741.524,tonne,4355.657,IN
CBAM-38291859,76011000,192.773,tonne,191.234,TR
CBAM-55302034,28070010,40.276,tonne,1544.049,UA
CBAM-66513705,31021000,55.541,tonne,517.049,MA
CBAM-57737984,27160000,99.705,tonne,3714.657,CN
CBAM-89679879,25232900,510.645,tonne,76.66,IN
CBAM-30952884,72083900,664.649,tonne,4835.456,TR
CBAM-66257739,76011000,211.744,tonne,4883.956,UA
CBAM-67985890,28070010,993.745,tonne,4031.294,MA
CBAM-16286311,31021000,110.268,tonne,1155.607,CN
CBAM-98600873,27160000,544.118,tonne,316.378,IN
CBAM-62448937,25232900,653.189,tonne,1957.066,TR
CBAM-64444910,72083900,710.791,tonne,4533.846,UA
CBAM-16540859,76011000,957.486,tonne,2731.995,MA
CBAM-94031818,28070010,214.458,tonne,1185.34,CN
CBAM-61819886,31021000,188.511,tonne,912.587,IN
CBAM-11588154,27160000,629.037,tonne,422.437,TR
CBAM-06393987,25232900,921.162,tonne,744.001,UA
CBAM-04174635,72083900,567.518,tonne,1324.743,MA
CBAM-30112410,76011000,243.326,tonne,1140.508,CN
CBAM-05567394,28070010,805.21,tonne,1128.931,IN
CBAM-15366224,31021000,561.844,tonne,1781.836,TR
CBAM-07489837,27160000,745.64,tonne,2739.271,UA
CBAM-16476567,25232900,226.429,tonne,4336.996,MA
CBAM-99288194,72083900,34.376,tonne,1923.605,CN
CBAM-28665278,76011000,489.912,tonne,4454.156,IN
CBAM-20513995,28070010,713.821,tonne,999.262,TR
CBAM-72977190,31021000,300.868,tonne,2210.698,UA
CBAM-75289667,27160000,13.779,tonne,4538.321,MA
CBAM-03610383,25232900,607.82,tonne,2970.414,CN
CBAM-98910378,72083900,749.891,tonne,1124.55,IN
CBAM-33719239,76011000,970.36,tonne,4425.145,TR
CBAM-90409861,28070010,311.709,tonne,805.427,UA
CBAM-10489994,31021000,463.789,tonne,2351.662,MA
CBAM-83855342,27160000,928.471,tonne,2939.226,CN
CBAM-45486125,25232900,253.523,tonne,4848.769,IN
CBAM-95862314,72083900,573.61,tonne,3610.87,TR
CBAM-31285404,76011000,919.892,tonne,2310.238,UA
CBAM-04292707,28070010,730.779,tonne,1098.006,MA
CBAM-68642158,31021000,659.098,tonne,3006.653,CN
CBAM-65738853,27160000,491.341,tonne,3144.112,IN
CBAM-60819522,25232900,47.091,tonne,211.794,TR
CBAM-09867894,72083900,689.552,tonne,4289.378,UA
CBAM-85255973,76011000,25.871,tonne,1634.768,MA
CBAM-93370496,28070010,449.433,tonne,4306.192,CN
CBAM-43704256,31021000,704.013,tonne,1142.788,IN
CBAM-31037696,27160000,752.633,tonne,4562.042,TR
CBAM-58494904,25232900,887.067,tonne,4875.99,UA
CBAM-29088279,72083900,546.048,tonne,4338.252,MA
CBAM-57833667,76011000,566.395,tonne,4754.925,CN
CBAM-89643173,28070010,615.765,tonne,346.622,IN
CBAM-95307775,31021000,644.942,tonne,144.078,TR
CBAM-35205135,27160000,534.117,tonne,3025.113,UA
CBAM-11691022,25232900,35.354,tonne,3074.657,MA
CBAM-39427113,72083900,719.511,tonne,83.413,CN
CBAM-65406406,76011000,425.101,tonne,492.558,IN
CBAM-22657687,28070010,450.711,tonne,2856.624,TR
CBAM-23689358,31021000,394.023,tonne,3082.185,UA
CBAM-94131811,27160000,136.303,tonne,3445.356,MA
CBAM-60158312,25232900,217.223,tonne,476.95,CN
CBAM-57572392,72083900,139.114,tonne,1936.818,IN
CBAM-92149350,76011000,851.902,tonne,4972.036,TR
CBAM-13224387,28070010,811.112,tonne,4348.318,UA
CBAM-63973929,31021000,595.818,tonne,599.194,MA
CBAM-09985494,27160000,663.118,tonne,2111.518,CN
CBAM-77104322,25232900,989.118,tonne,572.522,IN
CBAM-86073149,72083900,576.959,tonne,2029.138,TR
CBAM-73208159,76011000,345.61,tonne,2385.201,UA
CBAM-34019326,28070010,189.24,tonne,624.42,MA
CBAM-03027351,31021000,610.768,tonne,1209.389,CN
CBAM-32180525,27160000,100.241,tonne,1779.187,IN
CBAM-42984295,25232900,796.322,tonne,2788.002,TR
CBAM-42709260,72083900,316.395,tonne,4573.04,UA
CBAM-29166897,76011000,345.493,tonne,234.794,MA
CBAM-26659119,28070010,839.573,tonne,2597.903,CN
CBAM-11940828,31021000,327.204,tonne,2693.19,IN
CBAM-68524738,27160000,580.291,tonne,607.821,TR
CBAM-65547426,25232900,628.707,tonne,1150.991,UA
CBAM-47972048,72083900,848.478,tonne,75.228,MA
CBAM-99482635,76011000,894.338,tonne,1752.531,CN
CBAM-84630431,28070010,580.736,tonne,2913.841,IN
CBAM-21164713,31021000,657.417,tonne,2463.756,TR
CBAM-91623150,27160000,287.342,tonne,4164.823,UA
CBAM-37369142,25232900,630.446,tonne,1816.104,MA
CBAM-78355909,72083900,726.157,tonne,2475.872,CN
CBAM-56402156,76011000,92.996,tonne,4194.369,IN
CBAM-89670555,28070010,264.954,tonne,2048.083,TR
CBAM-93765791,31021000,138.135,tonne,1844.513,UA
CBAM-43948015,27160000,391.712,tonne,1134.804,MA
CBAM-80520269,25232900,231.762,tonne,4622.154,CN
CBAM-06958268,72083900,340.142,tonne,1220.538,IN
CBAM-61495859,76011000,138.107,tonne,3538.655,TR
CBAM-25163187,28070010,864.674,tonne,1253.508,UA
CBAM-42606809,31021000,577.63,tonne,2672.59,MA
CBAM-79234277,27160000,631.341,tonne,4115.399,CN
CBAM-79347133,25232900,571.734,tonne,164.873,IN
CBAM-97227415,72083900,574.111,tonne,2118.16,TR
CBAM-43448465,76011000,889.051,tonne,2580.854,UA
CBAM-74082871,28070010,378.373,tonne,4605.27,MA
CBAM-89881073,31021000,590.325,tonne,1551.328,CN
CBAM-85796597,27160000,508.909,tonne,242.688,IN
CBAM-41054637,25232900,743.102,tonne,23.891,TR
CBAM-51739228,72083900,843.883,tonne,2564.757,UA
CBAM-74036885,76011000,524.823,tonne,4627.27,MA
CBAM-52345008,28070010,880.942,tonne,1454.886,CN
CBAM-14635809,31021000,876.862,tonne,551.563,IN
CBAM-09967520,27160000,173.197,tonne,1314.756,TR
CBAM-30412244,25232900,290.142,tonne,1815.168,UA
CBAM-34161286,72083900,330.71,tonne,4935.441,MA
CBAM-42118013,76011000,680.451,tonne,1941.293,CN
CBAM-94604929,28070010,921.934,tonne,2344.891,IN
CBAM-60718238,31021000,77.871,tonne,4605.902,TR
CBAM-22952581,27160000,402.449,tonne,1393.851,UA
CBAM-58390916,25232900,305.631,tonne,3306.462,MA
CBAM-84754080,72083900,636.385,tonne,1589.735,CN
CBAM-71785597,76011000,429.861,tonne,2226.739,IN
CBAM-46897273,28070010,938.033,tonne,728.498,TR
CBAM-50726159,31021000,600.968,tonne,2184.804,UA
CBAM-59319501,27160000,931.701,tonne,3245.271,MA
CBAM-04057079,25232900,681.041,tonne,953.276,CN
CBAM-57060457,72083900,527.74,tonne,4184.065,IN
CBAM-08223804,76011000,694.173,tonne,1268.019,TR
CBAM-39474945,28070010,994.231,tonne,4738.869,UA
CBAM-72716310,31021000,853.485,tonne,2150.263,MA
CBAM-67779259,27160000,246.805,tonne,176.764,CN
CBAM-03611516,25232900,411.186,tonne,1722.732,IN
CBAM-88398497,72083900,887.688,tonne,4220.127,TR
CBAM-08757213,76011000,185.709,tonne,1833.591,UA
CBAM-15533848,28070010,699.256,tonne,4862.072,MA
CBAM-14076170,31021000,547.063,tonne,605.353,CN
CBAM-33790486,27160000,571.404,tonne,2665.935,IN
CBAM-11327693,25232900,361.152,tonne,3907.147,TR
CBAM-40745067,72083900,279.562,tonne,477.508,UA
CBAM-22928114,76011000,456.582,tonne,4028.926,MA
CBAM-21437579,28070010,55.126,tonne,1682.105,CN
CBAM-24680889,31021000,368.113,tonne,4624.461,IN
CBAM-91263574,27160000,579.357,tonne,2793.961,TR
CBAM-98438516,25232900,442.373,tonne,421.508,UA
CBAM-67589219,72083900,235.458,tonne,2458.331,MA
CBAM-51584835,76011000,812.467,tonne,4005.354,CN
CBAM-25076575,28070010,704.007,tonne,4457.308,IN
CBAM-40128713,31021000,140.942,tonne,918.819,TR
CBAM-38777017,27160000,321.338,tonne,1612.956,UA
CBAM-31779691,25232900,146.978,tonne,4813.255,MA
CBAM-00448407,72083900,673.219,tonne,1780.423,CN
CBAM-75734327,76011000,102.752,tonne,2468.809,IN
CBAM-80417716,28070010,446.655,tonne,993.338,TR
CBAM-59478266,31021000,91.863,tonne,3763.97,UA
CBAM-51569829,27160000,915.931,tonne,4715.624,MA
CBAM-35841377,25232900,581.357,tonne,3803.492,CN
CBAM-02320589,72083900,656.36,tonne,3492.173,IN
CBAM-09520272,76011000,428.843,tonne,2768.243,TR
CBAM-82310195,28070010,945.28,tonne,3918.701,UA
CBAM-81241709,31021000,968.016,tonne,4376.151,MA
CBAM-59167478,27160000,737.874,tonne,3831.743,CN
CBAM-76813218,25232900,476.151,tonne,568.298,IN
CBAM-35926738,72083900,981.483,tonne,174.261,TR
CBAM-31765237,76011000,154.521,tonne,3835.637,UA
CBAM-52557543,28070010,357.077,tonne,4967.507,MA
CBAM-54416377,31021000,301.106,tonne,2758.902,CN
CBAM-82857644,27160000,67.955,tonne,1830.769,IN
CBAM-83211989,25232900,485.517,tonne,3252.749,TR
CBAM-02571174,72083900,693.52,tonne,2868.524,UA
CBAM-21911158,76011000,684.723,tonne,1326.762,MA
CBAM-30950278,28070010,391.669,tonne,2080.134,CN
CBAM-13425039,31021000,838.746,tonne,2459.383,IN
CBAM-23481282,27160000,206.796,tonne,4957.223,TR
CBAM-56193380,25232900,56.679,tonne,2310.364,UA
CBAM-96892692,72083900,396.237,tonne,1673.062,MA
CBAM-89954951,76011000,789.288,tonne,4902.613,CN
CBAM-86896454,28070010,590.172,tonne,1206.258,IN
CBAM-76088558,31021000,763.114,tonne,1110.274,TR
CBAM-65519725,27160000,978.199,tonne,3370.966,UA
CBAM-75658983,25232900,388.578,tonne,1563.448,MA
CBAM-19772461,72083900,198.307,tonne,3418.821,CN
CBAM-88732023,76011000,544.342,tonne,3438.131,IN
CBAM-96938397,28070010,524.655,tonne,3095.347,TR
CBAM-86198136,31021000,439.158,tonne,721.556,UA
CBAM-97398802,27160000,822.436,tonne,930.578,MA
CBAM-83619579,25232900,647.731,tonne,4614.604,CN
CBAM-09893042,72083900,106.453,tonne,4316.487,IN
CBAM-76990532,76011000,543.49,tonne,3992.289,TR
CBAM-87487833,28070010,386.397,tonne,2694.015,UA
CBAM-55574337,31021000,130.798,tonne,102.288,MA
CBAM-71629288,27160000,606.469,tonne,3858.448,CN
CBAM-29527817,25232900,363.137,tonne,721.4,IN
CBAM-78908374,72083900,900.632,tonne,2955.824,TR
CBAM-80837401,76011000,928.57,tonne,3090.005,UA
CBAM-21496396,28070010,366.51,tonne,3169.302,MA
CBAM-79684290,31021000,386.519,tonne,4553.517,CN
CBAM-32778563,27160000,818.272,tonne,2200.855,IN
CBAM-05617760,25232900,893.968,tonne,4959.366,TR
CBAM-30699437,72083900,513.857,tonne,4241.689,UA
CBAM-65652377,76011000,264.883,tonne,1707.535,MA
CBAM-70367145,28070010,285.651,tonne,2849.265,CN
CBAM-32444212,31021000,582.802,tonne,4319.903,IN
CBAM-24650944,27160000,135.731,tonne,4099.458,TR
CBAM-01883176,25232900,15.047,tonne,2130.615,UA
CBAM-79969486,72083900,452.873,tonne,1237.62,MA
CBAM-08664058,76011000,844.563,tonne,4999.954,CN
CBAM-69399895,28070010,643.853,tonne,3600.014,IN
CBAM-12752075,31021000,138.49,tonne,3053.082,TR
CBAM-42258469,27160000,884.712,tonne,653.841,UA
CBAM-21398030,25232900,161.009,tonne,1817.638,MA
CBAM-62650731,72083900,409.04,tonne,2596.312,CN
CBAM-38823189,76011000,268.919,tonne,2917.144,IN
CBAM-94582171,28070010,829.641,tonne,3957.449,TR
CBAM-93865790,31021000,793.011,tonne,3194.155,UA
CBAM-78469323,27160000,432.86,tonne,2310.852,MA
CBAM-81815264,25232900,695.066,tonne,3499.31,CN
CBAM-56640923,72083900,228.524,tonne,330.727,IN
CBAM-30663327,76011000,663.444,tonne,366.378,TR
CBAM-78863990,28070010,557.547,tonne,2839.832,UA
CBAM-28010539,31021000,951.451,tonne,2491.141,MA
CBAM-16141632,27160000,831.783,tonne,641.093,CN
CBAM-74938773,25232900,224.095,tonne,3625.586,IN
CBAM-11853898,72083900,442.026,tonne,2360.964,TR
CBAM-30781214,76011000,204.964,tonne,2609.699,UA
CBAM-08252060,28070010,816.267,tonne,3857.537,MA
CBAM-08064267,31021000,230.053,tonne,900.372,CN
CBAM-11679831,27160000,859.138,tonne,2433.335,IN
CBAM-49986616,25232900,996.037,tonne,888.628,TR
CBAM-59990705,72083900,392.385,tonne,808.633,UA
CBAM-56113804,76011000,780.839,tonne,1565.829,MA
CBAM-75932261,28070010,58.45,tonne,4992.68,CN
CBAM-16444013,31021000,872.639,tonne,4648.255,IN
CBAM-79813992,27160000,245.147,tonne,1584.23,TR
CBAM-85491683,25232900,145.978,tonne,2980.159,UA
CBAM-23800788,72083900,723.909,tonne,3580.62,MA
CBAM-64888562,76011000,665.273,tonne,4744.47,CN
CBAM-84683580,28070010,827.612,tonne,4810.637,IN
CBAM-00416384,31021000,43.904,tonne,3641.47,TR
CBAM-74343189,27160000,442.223,tonne,1568.559,UA
CBAM-62209771,25232900,517.97,tonne,3349.246,MA
CBAM-80100106,72083900,454.818,tonne,14.903,CN
CBAM-61129086,76011000,488.764,tonne,187.309,IN
CBAM-88995354,28070010,502.875,tonne,1230.044,TR
CBAM-05423376,31021000,261.48,tonne,686.197,UA
CBAM-49196646,27160000,360.663,tonne,2176.231,MA
CBAM-35296947,25232900,600.769,tonne,2571.182,CN
CBAM-65248810,72083900,156.163,tonne,4332.557,IN
CBAM-13939158,76011000,703.734,tonne,2086.13,TR
CBAM-68013297,28070010,131.749,tonne,2775.421,UA
CBAM-15781810,31021000,712.137,tonne,2614.929,MA
CBAM-12988925,27160000,636.008,tonne,4842.917,CN
CBAM-26519497,25232900,825.588,tonne,4437.305,IN
CBAM-25928307,72083900,184.141,tonne,3529.276,TR
CBAM-54606555,76011000,24.393,tonne,3152.362,UA
CBAM-82142262,28070010,162.65,tonne,2283.149,MA
CBAM-89447020,31021000,873.74,tonne,3878.795,CN
CBAM-68480267,27160000,837.395,tonne,2893.529,IN
CBAM-47180123,25232900,82.104,tonne,131.261,TR
CBAM-37936457,72083900,518.831,tonne,2501.784,UA
CBAM-71464714,76011000,135.455,tonne,4107.342,MA
CBAM-81229175,28070010,349.29,tonne,2027.581,CN
CBAM-52408043,31021000,853.721,tonne,4944.875,IN
CBAM-98522788,27160000,507.617,tonne,2617.668,TR
CBAM-06362597,25232900,877.486,tonne,4987.218,UA
CBAM-56823301,72083900,763.387,tonne,783.449,MA
CBAM-07587927,76011000,536.944,tonne,177.209,CN
CBAM-13168241,28070010,575.256,tonne,2383.376,IN
CBAM-71163677,31021000,46.996,tonne,2063.739,TR
CBAM-06262731,27160000,168.916,tonne,4752.846,UA
CBAM-26162721,25232900,729.833,tonne,926.137,MA
CBAM-94561259,72083900,527.663,tonne,2359.974,CN
CBAM-35054654,76011000,479.594,tonne,4810.223,IN
CBAM-64183270,28070010,953.236,tonne,122.518,TR
CBAM-49117968,31021000,287.982,tonne,4388.082,UA
CBAM-47851977,27160000,858.653,tonne,4620.952,MA
CBAM-18559729,25232900,487.237,tonne,60.34,CN
CBAM-05792355,72083900,793.402,tonne,458.92,IN
CBAM-46383397,76011000,905.848,tonne,2777.926,TR
CBAM-41679690,28070010,271.936,tonne,2642.362,UA
CBAM-05762932,31021000,119.287,tonne,204.702,MA
CBAM-57313634,27160000,803.915,tonne,4105.966,CN
CBAM-68387479,25232900,749.782,tonne,567.957,IN
CBAM-67407776,72083900,233.08,tonne,2222.814,TR
CBAM-52515991,76011000,856.607,tonne,1192.247,UA
CBAM-93455462,28070010,973.944,tonne,4667.553,MA
CBAM-07492531,31021000,930.556,tonne,49.934,CN
CBAM-03783566,27160000,83.561,tonne,1634.379,IN
CBAM-29847068,25232900,176.319,tonne,3290.573,TR
CBAM-32615610,72083900,117.117,tonne,2598.047,UA
CBAM-81380858,76011000,145.835,tonne,3263.426,MA
CBAM-37814818,28070010,61.865,tonne,3361.491,CN
CBAM-75481011,31021000,959.008,tonne,2348.292,IN
CBAM-15029097,27160000,37.212,tonne,3660.426,TR
CBAM-51780174,25232900,837.314,tonne,564.768,UA
CBAM-45893693,72083900,322.048,tonne,1031.618,MA
CBAM-60638168,76011000,241.817,tonne,4677.922,CN
CBAM-32955312,28070010,206.995,tonne,3933.884,IN
CBAM-14928994,31021000,264.353,tonne,3429.139,TR
CBAM-29436727,27160000,155.503,tonne,3760.117,UA
CBAM-88852695,25232900,869.67,tonne,4505.711,MA
CBAM-77921618,72083900,214.255,tonne,889.97,CN
CBAM-82152203,76011000,652.705,tonne,2040.495,IN
CBAM-84089727,28070010,271.586,tonne,978.479,TR
CBAM-23655359,31021000,283.302,tonne,542.86,UA
CBAM-77752251,27160000,338.399,tonne,3321.012,MA
CBAM-79819234,25232900,374.333,tonne,2513.41,CN
CBAM-77229567,72083900,9.208,tonne,4645.048,IN
CBAM-29069762,76011000,750.15,tonne,3600.741,TR
CBAM-68985856,28070010,435.088,tonne,4687.616,UA
CBAM-53349714,31021000,858.484,tonne,419.132,MA
CBAM-07288265,27160000,133.253,tonne,261.481,CN
CBAM-47092146,25232900,501.709,tonne,2416.218,IN
CBAM-59257202,72083900,800.093,tonne,1074.125,TR
CBAM-82359879,76011000,998.529,tonne,3852.182,UA
CBAM-21365017,28070010,337.347,tonne,2458.234,MA
CBAM-39757398,31021000,292.081,tonne,2185.83,CN
CBAM-44722128,27160000,949.48,tonne,4030.524,IN
CBAM-68041148,25232900,300.275,tonne,3236.647,TR
CBAM-10634651,72083900,305.024,tonne,1942.418,UA
CBAM-22357757,76011000,670.405,tonne,3528.296,MA
CBAM-99407828,28070010,883.322,tonne,4168.169,CN
CBAM-15084303,31021000,443.24,tonne,3948.293,IN
CBAM-97361747,27160000,703.382,tonne,1057.044,TR
CBAM-57896581,25232900,596.707,tonne,1024.901,UA
CBAM-31214637,72083900,947.222,tonne,4171.475,MA
CBAM-23334318,76011000,275.938,tonne,2739.408,CN
CBAM-13724727,28070010,506.463,tonne,3266.454,IN
CBAM-51747250,31021000,528.346,tonne,4563.565,TR
CBAM-55978010,27160000,561.468,tonne,4700.658,UA
CBAM-99739325,25232900,384.794,tonne,544.665,MA
CBAM-53733971,72083900,343.083,tonne,730.861,CN
CBAM-84886953,76011000,127.884,tonne,507.373,IN
CBAM-42360482,28070010,584.711,tonne,3061.227,TR
CBAM-22717696,31021000,619.543,tonne,2723.276,UA
CBAM-23067878,27160000,65.237,tonne,219.969,MA
CBAM-21589916,25232900,228.562,tonne,420.533,CN
CBAM-01726033,72083900,385.944,tonne,2168.289,IN
CBAM-84637045,76011000,844.267,tonne,2794.769,TR
CBAM-94689097,28070010,59.815,tonne,318.928,UA
CBAM-86778511,31021000,372.709,tonne,4644.398,MA
CBAM-20111663,27160000,659.839,tonne,535.784,CN
CBAM-13892800,25232900,753.838,tonne,4604.384,IN
CBAM-87581764,72083900,216.85,tonne,1181.58,TR
CBAM-79557025,76011000,417.878,tonne,1169.127,UA
CBAM-35451137,28070010,120.799,tonne,3863.857,MA
CBAM-33170960,31021000,227.018,tonne,4548.015,CN
CBAM-51831843,27160000,138.179,tonne,148.13,IN
CBAM-46404781,25232900,349.726,tonne,743.745,TR
CBAM-24657008,72083900,339.047,tonne,1948.812,UA
CBAM-24294045,76011000,978.966,tonne,4167.055,MA
CBAM-43503899,28070010,106.995,tonne,1392.929,CN
CBAM-68499661,31021000,98.359,tonne,3686.356,IN
CBAM-55416694,27160000,876.755,tonne,2012.946,TR
CBAM-37534914,25232900,866.521,tonne,4059.044,UA
CBAM-65825194,72083900,823.232,tonne,3571.955,MA
CBAM-05728427,76011000,262.998,tonne,1934.17,CN
CBAM-48218621,28070010,993.695,tonne,3483.692,IN
CBAM-44990780,31021000,425.677,tonne,4499.93,TR
CBAM-23397322,27160000,544.615,tonne,5006.537,UA
CBAM-59618103,25232900,731.138,tonne,2343.421,MA
CBAM-67140050,72083900,520.824,tonne,555.007,CN
CBAM-50440046,76011000,117.312,tonne,82.994,IN
CBAM-24507564,28070010,33.399,tonne,3268.164,TR
CBAM-59610567,31021000,162.544,tonne,1319.002,UA
CBAM-07928167,27160000,939.034,tonne,1039.837,MA
CBAM-62502527,25232900,697.26,tonne,1122.525,CN
CBAM-01225875,72083900,395.625,tonne,1956.261,IN
CBAM-35952522,76011000,630.88,tonne,134.236,TR
CBAM-61801703,28070010,63.381,tonne,3357.588,UA
CBAM-95153571,31021000,933.891,tonne,3678.161,MA
CBAM-47729432,27160000,728.406,tonne,2119.306,CN
CBAM-07567855,25232900,824.403,tonne,3810.994,IN
CBAM-02165968,72083900,375.131,tonne,2035.846,TR
CBAM-33699276,76011000,258.359,tonne,2489.644,UA
CBAM-38143928,28070010,356.852,tonne,1482.522,MA
CBAM-35789323,31021000,606.837,tonne,1634.641,CN
CBAM-80382458,27160000,596.764,tonne,411.906,IN
CBAM-03711222,25232900,626.365,tonne,2703.22,TR
CBAM-35801443,72083900,765.209,tonne,3534.402,UA
CBAM-81814800,76011000,51.071,tonne,2692.464,MA
CBAM-28246149,28070010,203.85,tonne,3336.124,CN
CBAM-12564557,31021000,986.663,tonne,3113.641,IN
CBAM-28785660,27160000,654.564,tonne,4879,TR
CBAM-80866543,25232900,936.958,tonne,176.424,UA
CBAM-31884063,72083900,619.485,tonne,31.653,MA
CBAM-11376261,76011000,680.109,tonne,86.872,CN
CBAM-77711102,28070010,229.54,tonne,644.365,IN
CBAM-55370169,31021000,701.365,tonne,3099.208,TR
CBAM-22850137,27160000,32.963,tonne,3906.961,UA
CBAM-74101404,25232900,294.787,tonne,4942.122,MA
CBAM-04177323,72083900,560.588,tonne,1055.849,CN
CBAM-35461523,76011000,666.879,tonne,2336.113,IN
CBAM-46010179,28070010,977.367,tonne,4837.406,TR
CBAM-96651948,31021000,517.288,tonne,1346.417,UA
CBAM-28215771,27160000,722.531,tonne,4448.524,MA
CBAM-91479647,25232900,788.81,tonne,3813.257,CN
CBAM-04636010,72083900,219.118,tonne,2863.569,IN
CBAM-92314870,76011000,921.415,tonne,1247.698,TR
CBAM-26330637,28070010,343.892,tonne,3474.383,UA
CBAM-83934442,31021000,927.525,tonne,2332.869,MA
CBAM-79689149,27160000,581.298,tonne,4058.544,CN
CBAM-10517204,25232900,439.104,tonne,4820.364,IN
CBAM-25929725,72083900,75.252,tonne,1988.264,TR
CBAM-94063630,76011000,814.117,tonne,3427.53,UA
CBAM-60904807,28070010,268.566,tonne,4941.917,MA
CBAM-15959208,31021000,238.696,tonne,2673.175,CN
CBAM-94626368,27160000,846.911,tonne,1399.994,IN
CBAM-12718811,25232900,611.142,tonne,1045.133,TR
CBAM-81147832,72083900,705.8,tonne,2337.099,UA
CBAM-23584464,76011000,933.957,tonne,3556.329,MA
CBAM-03172229,28070010,264.979,tonne,4319.452,CN
CBAM-65498008,31021000,895.373,tonne,4160.069,IN
CBAM-92244720,27160000,604.309,tonne,1189.431,TR
CBAM-91196146,25232900,525.399,tonne,4349.687,UA
CBAM-74282989,72083900,929.786,tonne,3041.393,MA
CBAM-06152787,76011000,567.426,tonne,3251.154,CN
CBAM-19585397,28070010,574.968,tonne,1258.026,IN
CBAM-60645930,31021000,561.312,tonne,300.975,TR
CBAM-95409314,27160000,326.744,tonne,318.846,UA
CBAM-05895966,25232900,981.974,tonne,3641.334,MA
CBAM-89559295,72083900,135.104,tonne,1409.541,CN
CBAM-79565829,76011000,609.448,tonne,753.124,IN
CBAM-74236787,28070010,976.799,tonne,4863.641,TR
CBAM-87571224,31021000,44.216,tonne,3428.42,UA
CBAM-24572733,27160000,461.088,tonne,2003.214,MA
CBAM-76922630,25232900,849.218,tonne,4215.533,CN
CBAM-32477224,72083900,432.611,tonne,3869.878,IN
CBAM-51515097,76011000,962.128,tonne,1460.193,TR
CBAM-08082122,28070010,594.721,tonne,1527.803,UA
CBAM-34841200,31021000,963.812,tonne,5000.432,MA
CBAM-77462628,27160000,460.977,tonne,2159.264,CN
CBAM-08307941,25232900,525.645,tonne,3930.905,IN
CBAM-90203864,72083900,165.202,tonne,546.369,TR
CBAM-16651628,76011000,384.174,tonne,247.124,UA
CBAM-03868176,28070010,230.887,tonne,2286.706,MA
CBAM-29478496,31021000,446.401,tonne,1768.104,CN
CBAM-32642578,27160000,370.779,tonne,3101.31,IN
CBAM-13477797,25232900,838.364,tonne,4880.408,TR
CBAM-03444505,72083900,502.678,tonne,179.484,UA
CBAM-94036431,76011000,13.348,tonne,3781.102,MA
CBAM-88245261,28070010,83.395,tonne,832.946,CN
CBAM-51064222,31021000,547.688,tonne,1467.084,IN
CBAM-74678472,27160000,372.537,tonne,2840.088,TR
CBAM-48591821,25232900,567.596,tonne,948.927,UA
CBAM-40774550,72083900,596.338,tonne,72.363,MA
CBAM-30910769,76011000,323.313,tonne,1570.987,CN
CBAM-69625633,28070010,478.84,tonne,1348.838,IN
CBAM-20259524,31021000,212.425,tonne,4141.756,TR
CBAM-04963580,27160000,879.082,tonne,4264.41,UA
CBAM-20917820,25232900,378.736,tonne,2534.29,MA
CBAM-14427254,72083900,243.819,tonne,3021.834,CN
CBAM-36577866,76011000,970.984,tonne,1458.412,IN
CBAM-26595350,28070010,489.268,tonne,2930.807,TR
CBAM-73435862,31021000,911.83,tonne,849.359,UA
CBAM-03880427,27160000,929.8,tonne,2620.55,MA
CBAM-73513356,25232900,179.95,tonne,2961.747,CN
CBAM-24562894,72083900,982.921,tonne,4612.577,IN
CBAM-26623940,76011000,746.348,tonne,2369.878,TR
CBAM-85361432,28070010,894.78,tonne,2146.084,UA
CBAM-27143235,31021000,752.88,tonne,342.202,MA
CBAM-08558546,27160000,788.833,tonne,4822.765,CN
CBAM-94104975,25232900,776.716,tonne,4795.2,IN
CBAM-31739711,72083900,960.178,tonne,2507.917,TR
CBAM-58824613,76011000,723.673,tonne,4612.279,UA
CBAM-36163066,28070010,237.053,tonne,1754.818,MA
CBAM-44333181,31021000,891.793,tonne,2154.423,CN
CBAM-78795402,27160000,283.104,tonne,3452.546,IN
CBAM-73811991,25232900,578.144,tonne,4754.252,TR
CBAM-45603967,72083900,395.019,tonne,3085.131,UA
CBAM-04276131,76011000,715.597,tonne,3848.464,MA
CBAM-78548682,28070010,306.838,tonne,3064.499,CN
CBAM-00710699,31021000,69.523,tonne,2818.863,IN
CBAM-39821530,27160000,731.326,tonne,3404.002,TR
CBAM-08681203,25232900,150.629,tonne,1543.981,UA
CBAM-92674316,72083900,174.466,tonne,963.82,MA
CBAM-88154441,76011000,8.098,tonne,2412.428,CN
CBAM-89070225,28070010,470.414,tonne,1587.656,IN
CBAM-77552568,31021000,685.275,tonne,3006.18,TR
CBAM-06689248,27160000,286.377,tonne,4479.048,UA
CBAM-59010842,25232900,991.498,tonne,2552.852,MA
CBAM-22253829,72083900,950.621,tonne,1972.577,CN
CBAM-85669810,76011000,30.679,tonne,4547.807,IN
CBAM-93201627,28070010,943.525,tonne,2967.323,TR
CBAM-13321057,31021000,193.079,tonne,3281.404,UA
CBAM-70270284,27160000,655.822,tonne,3689.88,MA
CBAM-12368369,25232900,246.89,tonne,2615.839,CN
CBAM-11216350,72083900,169.648,tonne,1365.335,IN
CBAM-39019800,76011000,828.706,tonne,1638.745,TR
CBAM-80563092,28070010,19.201,tonne,2738.503,UA
CBAM-40277583,31021000,220.54,tonne,2339.699,MA
CBAM-16823687,27160000,664.919,tonne,12.361,CN
CBAM-74336899,25232900,117.766,tonne,1657.905,IN
CBAM-49838141,72083900,639.763,tonne,2551.398,TR
CBAM-73957260,76011000,560.552,tonne,3878.416,UA
CBAM-47952823,28070010,76.683,tonne,2814.259,MA
CBAM-84551117,31021000,323.331,tonne,4014.772,CN
CBAM-01945479,27160000,257.668,tonne,4446.427,IN
CBAM-43674966,25232900,886.026,tonne,1616.191,TR
CBAM-35211950,72083900,841.679,tonne,3110.424,UA
CBAM-64628974,76011000,924.81,tonne,1033.833,MA
CBAM-53497676,28070010,289.677,tonne,1113.958,CN
CBAM-67599985,31021000,350.514,tonne,4513.387,IN
CBAM-00275924,27160000,802.457,tonne,2100.159,TR
CBAM-70559696,25232900,83.691,tonne,3705.724,UA
CBAM-26348651,72083900,668.963,tonne,2086.474,MA
CBAM-89740038,76011000,718.695,tonne,5009.103,CN
CBAM-48475317,28070010,908.476,tonne,1438.94,IN
CBAM-03282044,31021000,748.791,tonne,75.31,TR
CBAM-06448540,27160000,664.326,tonne,1145.377,UA
CBAM-88610875,25232900,823.769,tonne,3438.364,MA
CBAM-64098094,72083900,297.631,tonne,883.763,CN
CBAM-61138787,76011000,434.014,tonne,4150.854,IN
CBAM-26322753,28070010,373.033,tonne,1294.325,TR
CBAM-02167173,31021000,333.13,tonne,1879.781,UA
CBAM-53736103,27160000,651.097,tonne,2334.062,MA
CBAM-47346379,25232900,228.406,tonne,2598.264,CN
CBAM-35923854,72083900,754.241,tonne,2224.667,IN
CBAM-78220383,76011000,126.942,tonne,3366.309,TR
CBAM-72863142,28070010,764.925,tonne,3959.445,UA
CBAM-72443034,31021000,715.133,tonne,4085.073,MA
CBAM-59598890,27160000,23.389,tonne,112.739,CN
CBAM-54646475,25232900,462.826,tonne,4763.2,IN
CBAM-59563759,72083900,822.786,tonne,4278.018,TR
CBAM-34458420,76011000,998.414,tonne,657.721,UA
CBAM-91355046,28070010,793.533,tonne,1901.957,MA
CBAM-43415000,31021000,42.994,tonne,947.266,CN
CBAM-69476495,27160000,557.153,tonne,3733.571,IN
CBAM-19645628,25232900,452.534,tonne,1841.168,TR
CBAM-13181954,72083900,112.909,tonne,2762.53,UA
CBAM-56120386,76011000,308.474,tonne,546.504,MA
CBAM-56255979,28070010,476.537,tonne,138.234,CN
CBAM-46999588,31021000,847.542,tonne,3379.286,IN
CBAM-13974771,27160000,619.432,tonne,1874.629,TR
CBAM-81936523,25232900,812.771,tonne,885.892,UA
CBAM-41793333,72083900,159.823,tonne,2318.47,MA
CBAM-98158114,76011000,350.399,tonne,2613.382,CN
CBAM-37774274,28070010,37.654,tonne,3656.202,IN
CBAM-34512338,31021000,497.985,tonne,2108.475,TR
CBAM-44092723,27160000,285.518,tonne,964.897,UA
CBAM-94116159,25232900,108.943,tonne,712.067,MA
CBAM-28551242,72083900,829.22,tonne,4211.657,CN
CBAM-46763278,76011000,362.298,tonne,4444.467,IN
CBAM-56290689,28070010,266.827,tonne,4963.629,TR
CBAM-49719981,31021000,478.935,tonne,4851.844,UA
CBAM-23723518,27160000,709.508,tonne,218.426,MA
CBAM-79851425,25232900,208.587,tonne,505.413,CN
CBAM-13695314,72083900,896.22,tonne,1187.246,IN
CBAM-34054528,76011000,783.224,tonne,2113.011,TR
CBAM-99509059,28070010,235.755,tonne,4110.338,UA
CBAM-70402835,31021000,862.397,tonne,960.839,MA
CBAM-55646903,27160000,501.7,tonne,2545.502,CN
CBAM-00724465,25232900,459.119,tonne,1419.44,IN
CBAM-54603581,72083900,146.486,tonne,3658.272,TR
CBAM-28834353,76011000,630.194,tonne,4047.528,UA
CBAM-36857643,28070010,925.473,tonne,2207.895,MA
CBAM-67876123,31021000,919.486,tonne,4681.322,CN
CBAM-48537551,27160000,154.231,tonne,4111.289,IN
CBAM-31099002,25232900,786.656,tonne,3851.714,TR
CBAM-23499718,72083900,489.043,tonne,1686.893,UA
CBAM-03550496,76011000,189.94,tonne,33.366,MA
CBAM-24206761,28070010,868.278,tonne,2497.552,CN
CBAM-85857414,31021000,555.551,tonne,797.697,IN
CBAM-43948465,27160000,849.226,tonne,4051.802,TR
CBAM-83268922,25232900,26.29,tonne,2927.965,UA
CBAM-35221784,72083900,232.771,tonne,416.099,MA
CBAM-30050201,76011000,568.623,tonne,3802.174,CN
CBAM-73790085,28070010,458.727,tonne,3281.913,IN
CBAM-04428559,31021000,449.246,tonne,4030.779,TR
CBAM-84562496,27160000,760.726,tonne,2966.808,UA
CBAM-37392603,25232900,437.661,tonne,1040.413,MA
CBAM-89433617,72083900,295.287,tonne,1029.407,CN
CBAM-99812673,76011000,527.234,tonne,3610.049,IN
CBAM-09226790,28070010,381.273,tonne,1844.864,TR
CBAM-96625894,31021000,327.523,tonne,562.518,UA
CBAM-00313538,27160000,401.743,tonne,3779.023,MA
CBAM-17364350,25232900,280.638,tonne,4674.324,CN
CBAM-63673411,72083900,449.945,tonne,3135.198,IN
CBAM-96544992,76011000,405.245,tonne,4764.114,TR
CBAM-38079111,28070010,374.869,tonne,4144.005,UA
CBAM-03031299,31021000,394.706,tonne,2953.759,MA
CBAM-74274742,27160000,276.534,tonne,4398.932,CN
CBAM-80546209,25232900,707.483,tonne,4407.532,IN
CBAM-62834162,72083900,146.619,tonne,399.654,TR
CBAM-27544837,76011000,40.951,tonne,4439.109,UA
CBAM-41272202,28070010,134.033,tonne,3726.158,MA
CBAM-61221227,31021000,903.587,tonne,1277.284,CN
CBAM-80365907,27160000,367.432,tonne,807.559,IN
CBAM-52279760,25232900,811.085,tonne,1486.693,TR
CBAM-66055138,72083900,891.504,tonne,824.649,UA
CBAM-09454444,76011000,803.99,tonne,134.888,MA
CBAM-31006215,28070010,645.538,tonne,2478.542,CN
CBAM-60527547,31021000,65.599,tonne,306.934,IN
CBAM-28949745,27160000,983.59,tonne,3141.869,TR
CBAM-21453636,25232900,755,tonne,3785.268,UA
CBAM-82763618,72083900,468.908,tonne,2949.291,MA
CBAM-60707877,76011000,3.38,tonne,3194.403,CN
CBAM-54489510,28070010,29.628,tonne,1482.47,IN
CBAM-25257703,31021000,206.208,tonne,4142.789,TR
CBAM-00096960,27160000,717.353,tonne,3312.482,UA
CBAM-87101538,25232900,341.273,tonne,1152.347,MA
CBAM-31894438,72083900,667.966,tonne,413.646,CN
CBAM-50434771,76011000,608.492,tonne,3393.4,IN
CBAM-91932942,28070010,779.272,tonne,421.858,TR
CBAM-62715729,31021000,608.764,tonne,3890.709,UA
CBAM-94048371,27160000,740.397,tonne,3395.686,MA
CBAM-87937984,25232900,367.192,tonne,1842.214,CN
CBAM-71535442,72083900,347.516,tonne,1640.488,IN
CBAM-83311005,76011000,785.822,tonne,865.296,TR
CBAM-77728246,28070010,765.807,tonne,443.546,UA
CBAM-99584284,31021000,440.608,tonne,951.196,MA
CBAM-33839833,27160000,880.714,tonne,3675.594,CN
CBAM-85955315,25232900,692.178,tonne,1979.65,IN
CBAM-16936423,72083900,966.111,tonne,283.039,TR
CBAM-76118546,76011000,111.228,tonne,3979.971,UA
CBAM-17776059,28070010,819.496,tonne,1475.427,MA
CBAM-76967870,31021000,460.905,tonne,3121.811,CN
CBAM-98119329,27160000,30.79,tonne,2467.953,IN
CBAM-50695270,25232900,501.184,tonne,2827.444,TR
CBAM-64745053,72083900,416.205,tonne,1272.499,UA
CBAM-73976468,76011000,548.945,tonne,2345.474,MA
CBAM-72418059,28070010,231,tonne,1341.132,CN
CBAM-04555961,31021000,815.564,tonne,2906.392,IN
CBAM-98195250,27160000,665.048,tonne,4730.474,TR
CBAM-85883051,25232900,146.188,tonne,4304.224,UA
CBAM-62487066,72083900,253.537,tonne,396.894,MA
CBAM-36753324,76011000,738.428,tonne,2609.223,CN
CBAM-52680335,28070010,984.17,tonne,997.259,IN
CBAM-98791928,31021000,479.447,tonne,3780.856,TR
CBAM-79113604,27160000,974.664,tonne,5004.86,UA
CBAM-74799049,25232900,508.852,tonne,3774.259,MA
CBAM-60226148,72083900,81.26,tonne,4618.263,CN
CBAM-36277008,76011000,73.108,tonne,469.301,IN
CBAM-33233324,28070010,794.702,tonne,2915.205,TR
CBAM-50537845,31021000,790.301,tonne,3997.43,UA
CBAM-79680310,27160000,830.589,tonne,2086.481,MA
CBAM-52549859,25232900,378.801,tonne,45.407,CN
CBAM-16456373,72083900,888.03,tonne,545.004,IN
CBAM-41221983,76011000,164.363,tonne,4324.776,TR
CBAM-95788169,28070010,826.864,tonne,4504.288,UA
CBAM-68426866,31021000,398.003,tonne,2629.396,MA
CBAM-83431116,27160000,687.997,tonne,2485.675,CN
CBAM-87461026,25232900,407.616,tonne,4208.244,IN
CBAM-93856753,72083900,713.24,tonne,1188.258,TR
CBAM-38834319,76011000,690.477,tonne,3212.621,UA
CBAM-14953980,28070010,59.652,tonne,1967.601,MA
CBAM-96559891,31021000,817.972,tonne,2664.207,CN
CBAM-95543555,27160000,85.462,tonne,3856.154,IN
CBAM-10047530,25232900,998.848,tonne,3306.002,TR
CBAM-27050688,72083900,372.215,tonne,3055.833,UA
CBAM-94802626,76011000,997.66,tonne,3156.373,MA
CBAM-92196739,28070010,781.881,tonne,4296.076,CN
CBAM-24484635,31021000,419.464,tonne,733.597,IN
CBAM-04981631,27160000,644.582,tonne,572.883,TR
CBAM-39343136,25232900,593.247,tonne,459.795,UA
CBAM-28336274,72083900,953.591,tonne,3021.907,MA
CBAM-43803184,76011000,78.882,tonne,4188.438,CN
CBAM-74078890,28070010,268.428,tonne,3505.861,IN
CBAM-56640776,31021000,675.35,tonne,4303.118,TR
CBAM-85338020,27160000,883.637,tonne,488.553,UA
CBAM-97716674,25232900,512.262,tonne,4544.752,MA
CBAM-89674567,72083900,149.323,tonne,876.124,CN
CBAM-52536721,76011000,92.506,tonne,3831.401,IN
CBAM-17684410,28070010,831.354,tonne,599.167,TR
CBAM-18452630,31021000,277.929,tonne,4998.37,UA
CBAM-40649868,27160000,500.642,tonne,4001.74,MA
CBAM-56477184,25232900,69.425,tonne,595.35,CN
CBAM-23508067,72083900,851.243,tonne,111.372,IN
CBAM-35623413,76011000,778.936,tonne,3852.229,TR
CBAM-89380559,28070010,95.073,tonne,1972.821,UA
CBAM-40838609,31021000,62.526,tonne,1439.328,MA
CBAM-04228655,27160000,289.868,tonne,4762.196,CN
CBAM-27861066,25232900,442.211,tonne,412.491,IN
CBAM-45117100,72083900,231.181,tonne,1284.924,TR
CBAM-18854355,76011000,445.163,tonne,1049.632,UA
CBAM-46755345,28070010,591.965,tonne,2211.306,MA
CBAM-45946941,31021000,764.939,tonne,2042.209,CN
CBAM-85555950,27160000,600.683,tonne,48.001,IN
CBAM-48955109,25232900,824.14,tonne,890.108,TR
CBAM-85748794,72083900,694.839,tonne,4314.498,UA
CBAM-46734007,76011000,319.366,tonne,2643.763,MA
CBAM-87167070,28070010,771.585,tonne,3737.639,CN
CBAM-22075003,31021000,640.475,tonne,1264.958,IN
CBAM-65541633,27160000,651.155,tonne,998.856,TR
CBAM-44217836,25232900,399.788,tonne,2525.821,UA
CBAM-28009801,72083900,40.725,tonne,2877.854,MA
CBAM-43462630,76011000,957.919,tonne,2886.494,CN
CBAM-20781196,28070010,708.402,tonne,1251.428,IN
CBAM-48353571,31021000,73.745,tonne,2527.299,TR
CBAM-83210397,27160000,273.776,tonne,579.147,UA
CBAM-30461560,25232900,100.678,tonne,3145.956,MA
CBAM-60731542,72083900,115.765,tonne,4040.773,CN
CBAM-63749410,76011000,810.836,tonne,1890.009,IN
CBAM-86615832,28070010,978.507,tonne,4218.259,TR
CBAM-77989442,31021000,901.101,tonne,3009.9,UA
CBAM-43525535,27160000,874.598,tonne,4614.449,MA
CBAM-77347352,25232900,198.393,tonne,2977.602,CN
CBAM-11035189,72083900,95.889,tonne,1006.903,IN
CBAM-96214800,76011000,357.672,tonne,4185.222,TR
CBAM-70810241,28070010,755.898,tonne,1488.789,UA
CBAM-94529543,31021000,563.452,tonne,3746.138,MA
CBAM-78693275,27160000,86.22,tonne,750.754,CN
CBAM-01300036,25232900,97.952,tonne,3735.857,IN
CBAM-68786326,72083900,871.003,tonne,2762.494,TR
CBAM-08004112,76011000,285.84,tonne,2728.347,UA
CBAM-00389936,28070010,723.196,tonne,2952.893,MA
CBAM-48795377,31021000,856.732,tonne,3883.902,CN
CBAM-00592549,27160000,733.555,tonne,855.851,IN
CBAM-41622871,25232900,74.454,tonne,1635.352,TR
CBAM-18058437,72083900,726.652,tonne,1246.64,UA
CBAM-55120541,76011000,121.536,tonne,2520.017,MA
CBAM-97722170,28070010,210.551,tonne,1808.062,CN
CBAM-82210503,31021000,941.869,tonne,1266.563,IN
CBAM-06189189,27160000,911.214,tonne,1224.658,TR
CBAM-08153192,25232900,223.028,tonne,2497.488,UA
CBAM-04346218,72083900,883.587,tonne,3469.789,MA
CBAM-92299138,76011000,307.095,tonne,1434.914,CN
CBAM-96613333,28070010,465.061,tonne,3037.857,IN
CBAM-89676881,31021000,984.354,tonne,449.886,TR
CBAM-84898137,27160000,494.504,tonne,450.817,UA
CBAM-74800628,25232900,602.139,tonne,4509.89,MA
CBAM-10788384,72083900,662.634,tonne,3186.594,CN
CBAM-22591564,76011000,202.468,tonne,1895.242,IN
CBAM-48710133,28070010,69.61,tonne,432.87,TR
CBAM-93394108,31021000,135.893,tonne,886.193,UA
CBAM-71632994,27160000,180.929,tonne,719.508,MA
CBAM-43076310,25232900,82.176,tonne,4114.171,CN
CBAM-57650070,72083900,608.004,tonne,4109.443,IN
CBAM-68167150,76011000,906.831,tonne,3823.288,TR
CBAM-99908968,28070010,402.007,tonne,1745.96,UA
CBAM-18822909,31021000,780.61,tonne,4305.381,MA
CBAM-16286883,27160000,331.421,tonne,3627.029,CN
CBAM-04470440,25232900,599.313,tonne,14.035,IN
CBAM-57927598,72083900,142.043,tonne,4262.956,TR
CBAM-39023808,76011000,837.083,tonne,4712.21,UA
CBAM-36377098,28070010,194.616,tonne,2038.327,MA
CBAM-84902622,31021000,474.019,tonne,1744.876,CN
CBAM-64035478,27160000,314.373,tonne,4877.215,IN
CBAM-62972942,25232900,817.745,tonne,1540.9,TR
CBAM-85554219,72083900,307.655,tonne,445.057,UA
CBAM-80297449,76011000,534.081,tonne,283.676,MA
CBAM-47655918,28070010,125.775,tonne,1919.461,CN
CBAM-46861697,31021000,275.164,tonne,4415.789,IN
CBAM-77517162,27160000,18.467,tonne,3482.309,TR
CBAM-68081512,25232900,520.62,tonne,347.849,UA
CBAM-88154940,72083900,513.981,tonne,4752.599,MA
CBAM-48354293,76011000,535.152,tonne,749.558,CN
CBAM-26239885,28070010,829.563,tonne,1868.593,IN
CBAM-06074215,31021000,885.924,tonne,1759.397,TR
CBAM-29147065,27160000,779.171,tonne,4551.673,UA
CBAM-67793397,25232900,202.55,tonne,1186.38,MA
CBAM-21609363,72083900,192.962,tonne,946.191,CN
CBAM-35030700,76011000,450.005,tonne,33.633,IN
CBAM-70690600,28070010,684.416,tonne,3788.347,TR
CBAM-33606552,31021000,442.735,tonne,590.161,UA
CBAM-86281246,27160000,270.394,tonne,3410.231,MA
CBAM-69072613,25232900,495.882,tonne,4418.265,CN
CBAM-33667599,72083900,237.312,tonne,2276.55,IN
CBAM-40147521,76011000,388.222,tonne,542.806,TR
CBAM-12895393,28070010,854.038,tonne,2604.339,UA
CBAM-28476862,31021000,43.978,tonne,3961.564,MA
CBAM-19788133,27160000,835.294,tonne,4152.59,CN
CBAM-02284679,25232900,414.267,tonne,2708.132,IN
CBAM-51232487,72083900,274.793,tonne,3342.651,TR
CBAM-57740194,76011000,575.146,tonne,4247.556,UA
CBAM-37257166,28070010,246.734,tonne,2052.025,MA
CBAM-34808964,31021000,244.274,tonne,4021.708,CN
CBAM-68259065,27160000,378.854,tonne,1573.789,IN
CBAM-99571375,25232900,457.699,tonne,2669.084,TR
CBAM-92110704,72083900,480.192,tonne,2614.389,UA
CBAM-03673634,76011000,709.704,tonne,1487.002,MA
CBAM-45176669,28070010,900.062,tonne,3086.11,CN
CBAM-89390155,31021000,435.925,tonne,574.369,IN
CBAM-15221352,27160000,893.342,tonne,2482.692,TR
CBAM-55831995,25232900,758.823,tonne,1921.075,UA
CBAM-97601187,72083900,700.726,tonne,624.173,MA
CBAM-40867720,76011000,60.867,tonne,3260.762,CN
CBAM-82516778,28070010,941.22,tonne,2025.909,IN
CBAM-45594077,31021000,192.307,tonne,4733.759,TR
CBAM-72418010,27160000,732.158,tonne,2112.27,UA
CBAM-25428728,25232900,204.958,tonne,569.573,MA
CBAM-99468360,72083900,961.31,tonne,1680.046,CN
CBAM-17029345,76011000,830.933,tonne,1182.816,IN
CBAM-85667706,28070010,721.44,tonne,4204.249,TR
CBAM-67518827,31021000,678.88,tonne,2725.631,UA
CBAM-81066442,27160000,166.948,tonne,1597.009,MA
CBAM-93248940,25232900,391.841,tonne,4696.703,CN
CBAM-53468297,72083900,57.632,tonne,4503.04,IN
CBAM-26610186,76011000,890.102,tonne,4859.21,TR
CBAM-04873613,28070010,275.742,tonne,2978.69,UA
CBAM-96956526,31021000,854.203,tonne,1313.875,MA
CBAM-52881958,27160000,802.695,tonne,1970.715,CN
CBAM-29515753,25232900,883.016,tonne,2248.164,IN
CBAM-26150995,72083900,975.605,tonne,3638.656,TR
CBAM-82749653,76011000,760.529,tonne,3376.083,UA
CBAM-43211552,28070010,80.063,tonne,181.24,MA
CBAM-46669204,31021000,403.057,tonne,4442.66,CN
CBAM-66550477,27160000,276.627,tonne,1021.014,IN
CBAM-93826850,25232900,522.669,tonne,1526.976,TR
CBAM-39499651,72083900,343.417,tonne,1452.122,UA
CBAM-69700166,76011000,20.908,tonne,3124.447,MA
CBAM-16469538,28070010,199.018,tonne,3849.338,CN
CBAM-89627666,31021000,232.431,tonne,3169.162,IN
CBAM-66721828,27160000,161.446,tonne,1628.61,TR
CBAM-74353727,25232900,846.407,tonne,1520.463,UA
CBAM-64430502,72083900,26.207,tonne,2942.336,MA
CBAM-93287993,76011000,541.043,tonne,936.108,CN
CBAM-44066646,28070010,376.489,tonne,3398.288,IN
CBAM-74415880,31021000,903.685,tonne,2705.272,TR
CBAM-43753501,27160000,523.628,tonne,1221.852,UA
CBAM-40492774,25232900,826.09,tonne,1682.974,MA
CBAM-73250348,72083900,564.793,tonne,1066.23,CN
CBAM-00746919,76011000,751.339,tonne,2128.632,IN
CBAM-82532249,28070010,846.421,tonne,905.236,TR
CBAM-01350247,31021000,132.202,tonne,2258.526,UA
CBAM-74252918,27160000,664.567,tonne,1383.452,MA
CBAM-87640845,25232900,354.978,tonne,1172.928,CN
CBAM-87225420,72083900,26.132,tonne,858.422,IN
CBAM-63542902,76011000,147.357,tonne,2513.039,TR
CBAM-67652186,28070010,544.258,tonne,268.096,UA
CBAM-86971359,31021000,614.287,tonne,302.739,MA
CBAM-49947421,27160000,394.658,tonne,3334.779,CN
CBAM-90758986,25232900,492.491,tonne,3330.068,IN
CBAM-61134633,72083900,282.069,tonne,3317.848,TR
CBAM-38811807,76011000,566.435,tonne,487.054,UA
CBAM-51817691,28070010,20.155,tonne,1121.931,MA
CBAM-57758128,31021000,223.477,tonne,2329.89,CN
CBAM-41844299,27160000,901.471,tonne,3476.667,IN
CBAM-44228824,25232900,336.733,tonne,825.972,TR
CBAM-13882368,72083900,278.652,tonne,4915.853,UA
CBAM-05475975,76011000,442.286,tonne,1203.267,MA
CBAM-83227021,28070010,940.688,tonne,2433.253,CN
CBAM-76978295,31021000,725.592,tonne,910.335,IN
CBAM-14306053,27160000,883.824,tonne,4179.832,TR
CBAM-42736192,25232900,934.509,tonne,1355.031,UA
CBAM-34568247,72083900,382.976,tonne,2369.715,MA
CBAM-78344133,76011000,886.529,tonne,2828.117,CN
CBAM-10478436,28070010,884.554,tonne,1066.847,IN
CBAM-34473474,31021000,206.333,tonne,3733.759,TR
CBAM-26313085,27160000,174.321,tonne,4903.609,UA
CBAM-11523241,25232900,520.419,tonne,745.499,MA
CBAM-28483731,72083900,400.025,tonne,3087.298,CN
CBAM-40899560,76011000,808.02,tonne,421.319,IN
CBAM-31300761,28070010,438.743,tonne,1545.328,TR
CBAM-43286048,31021000,320.474,tonne,1573.597,UA
CBAM-93308129,27160000,717.898,tonne,2653.06,MA
CBAM-28647190,25232900,252.693,tonne,3119.029,CN
CBAM-03146687,72083900,172.915,tonne,1625.892,IN
CBAM-20055115,76011000,498.422,tonne,4641.206,TR
CBAM-19171295,28070010,101.26,tonne,3374.497,UA
CBAM-82367217,31021000,311.087,tonne,1590.957,MA
CBAM-22063291,27160000,781.683,tonne,4361.016,CN
CBAM-09304409,25232900,556.369,tonne,4717.465,IN
CBAM-01106738,72083900,599.409,tonne,184.28,TR
CBAM-36695817,76011000,172.131,tonne,625.505,UA
CBAM-87175086,28070010,695.082,tonne,2776.586,MA
CBAM-80947316,31021000,871.904,tonne,4842.437,CN
CBAM-03687668,27160000,351.41,tonne,4374.838,IN
CBAM-30354468,25232900,982.581,tonne,4224.861,TR
CBAM-73957216,72083900,794.709,tonne,543.009,UA
CBAM-51543385,76011000,359.259,tonne,2468.684,MA
CBAM-65595238,28070010,781.878,tonne,2874.668,CN
CBAM-09473283,31021000,815.915,tonne,4911.009,IN
CBAM-04318662,27160000,724.378,tonne,370.813,TR
CBAM-85093284,25232900,359.855,tonne,1132.572,UA
CBAM-32046625,72083900,484.953,tonne,939.623,MA
CBAM-78087487,76011000,888.22,tonne,3603.094,CN
CBAM-57645237,28070010,528.906,tonne,4526.884,IN
CBAM-23185589,31021000,942.576,tonne,4725.102,TR
CBAM-28635486,27160000,501.863,tonne,3130.15,UA
CBAM-14359616,25232900,212.402,tonne,981.045,MA
CBAM-35411713,72083900,749.871,tonne,2171.425,CN
CBAM-34116736,76011000,807.796,tonne,47.427,IN
CBAM-68786515,28070010,598.089,tonne,2374.348,TR
CBAM-33494587,31021000,845.656,tonne,1884.334,UA
CBAM-54241837,27160000,433.56,tonne,700.962,MA
CBAM-72905618,25232900,620.877,tonne,1217.121,CN
CBAM-14333521,72083900,797.568,tonne,3866.503,IN
CBAM-20043301,76011000,984.884,tonne,3368.933,TR
CBAM-62813646,28070010,504.744,tonne,3737.31,UA
CBAM-11697540,31021000,57.381,tonne,2771.811,MA
CBAM-36882488,27160000,307.287,tonne,218.959,CN
CBAM-62986583,25232900,121.659,tonne,3693.843,IN
CBAM-77980930,72083900,710.665,tonne,170.407,TR
CBAM-91169017,76011000,998.061,tonne,4552.655,UA
CBAM-02298984,28070010,683.813,tonne,2871.155,MA
CBAM-00363385,31021000,778.318,tonne,1273.028,CN
CBAM-55833390,27160000,52.284,tonne,1259.707,IN
CBAM-78440134,25232900,89.912,tonne,2455.761,TR
CBAM-51369634,72083900,759.798,tonne,4656.524,UA
CBAM-70129642,76011000,262.144,tonne,57.995,MA
CBAM-65133709,28070010,623.809,tonne,472.254,CN
CBAM-87854035,31021000,833.032,tonne,3188.588,IN
CBAM-46377450,27160000,430.915,tonne,2254.079,TR
CBAM-29240238,25232900,669.689,tonne,825.025,UA
CBAM-69857316,72083900,470.42,tonne,1172.783,MA
CBAM-43451523,76011000,106.979,tonne,431.465,CN
CBAM-18519363,28070010,410.34,tonne,1929.358,IN
CBAM-32586086,31021000,715.028,tonne,3174.94,TR
CBAM-86395300,27160000,974.567,tonne,881.598,UA
CBAM-41812036,25232900,146.253,tonne,4010.439,MA
CBAM-73951594,72083900,625.588,tonne,1289.491,CN
CBAM-72370269,76011000,581.984,tonne,2095.83,IN
CBAM-00636365,28070010,469.225,tonne,1681.964,TR
CBAM-49618940,31021000,841.653,tonne,4522.109,UA
CBAM-32043112,27160000,104.54,tonne,4813.979,MA
CBAM-32672373,25232900,593.086,tonne,1382.719,CN
CBAM-59609339,72083900,495.776,tonne,5009.099,IN
CBAM-51184092,76011000,231.787,tonne,1053.698,TR
CBAM-48400233,28070010,62.712,tonne,2580.106,UA
CBAM-86695042,31021000,933.891,tonne,3463.577,MA
CBAM-72383563,27160000,819.166,tonne,151.857,CN
CBAM-10070586,25232900,81.713,tonne,697.477,IN
CBAM-46405187,72083900,897.362,tonne,55.29,TR
CBAM-51635599,76011000,358.069,tonne,4284.797,UA
CBAM-68880929,28070010,541.499,tonne,4803.038,MA
CBAM-72658562,31021000,156.501,tonne,3559.219,CN
CBAM-81891622,27160000,321.801,tonne,1413.441,IN
CBAM-21565632,25232900,55.683,tonne,2797.563,TR
CBAM-61029810,72083900,697.605,tonne,4879.071,UA
CBAM-18158680,76011000,458.666,tonne,3132.754,MA
CBAM-22894086,28070010,261.125,tonne,2445.142,CN
CBAM-10933855,31021000,195.422,tonne,3108.563,IN
CBAM-28661470,27160000,969.667,tonne,4466.831,TR
CBAM-32012257,25232900,360.039,tonne,1260.793,UA
CBAM-96232784,72083900,86.937,tonne,1955.94,MA
CBAM-55527742,76011000,159.111,tonne,430.713,CN
CBAM-33530323,28070010,194.619,tonne,181.89,IN
CBAM-28053925,31021000,239.656,tonne,4479.526,TR
CBAM-13520403,27160000,414.968,tonne,1619.302,UA
CBAM-85538736,25232900,532.302,tonne,3447.812,MA
CBAM-55849663,72083900,644.35,tonne,2045.239,CN
CBAM-71468418,76011000,910.098,tonne,2377.945,IN
CBAM-03649482,28070010,348.045,tonne,3276.257,TR
CBAM-27650071,31021000,261.531,tonne,4057.377,UA
CBAM-13444273,27160000,869.99,tonne,4232.287,MA
CBAM-38658627,25232900,313.698,tonne,2689.142,CN
CBAM-39012633,72083900,494.994,tonne,3391.008,IN
CBAM-36312966,76011000,471.753,tonne,1309.465,TR
CBAM-09846043,28070010,358.55,tonne,2218.073,UA
CBAM-30265523,31021000,402.711,tonne,1008.487,MA
CBAM-13223784,27160000,293.034,tonne,3461.825,CN
CBAM-22137135,25232900,290.888,tonne,3074.764,IN
CBAM-93397874,72083900,632.576,tonne,924.107,TR
CBAM-06090113,76011000,891.439,tonne,245.199,UA
CBAM-85610326,28070010,71.14,tonne,1671.692,MA
CBAM-41736248,31021000,773.252,tonne,3697.443,CN
CBAM-61620808,27160000,376.94,tonne,3550.057,IN
CBAM-66129194,25232900,179.851,tonne,2706.72,TR
CBAM-84370357,72083900,62.751,tonne,4876.878,UA
CBAM-30914508,76011000,297.817,tonne,3339.738,MA
CBAM-36092293,28070010,185.125,tonne,3231.169,CN
CBAM-10880531,31021000,970.158,tonne,2156.085,IN
CBAM-80824990,27160000,603.105,tonne,3555.601,TR
CBAM-60948577,25232900,425.733,tonne,2077.957,UA
CBAM-16216652,72083900,645.985,tonne,2456.115,MA
CBAM-11183906,76011000,298.035,tonne,2571.428,CN
CBAM-27695712,28070010,436.918,tonne,2420.367,IN
CBAM-60878342,31021000,350.03,tonne,4638.294,TR
CBAM-38501301,27160000,276.225,tonne,3897.256,UA
CBAM-67703481,25232900,791.48,tonne,4182.997,MA
CBAM-37363874,72083900,292.158,tonne,2673.119,CN
CBAM-03403207,76011000,978.27,tonne,1292.102,IN
CBAM-01510813,28070010,374.185,tonne,3347.915,TR
CBAM-35985411,31021000,828.031,tonne,1495.709,UA
CBAM-92492117,27160000,181.142,tonne,2710.414,MA
CBAM-04867127,25232900,944.117,tonne,894.878,CN
CBAM-22940924,72083900,727.452,tonne,711.522,IN
CBAM-67882552,76011000,747.966,tonne,1638.032,TR
CBAM-22209355,28070010,415.628,tonne,3977.329,UA
CBAM-01532464,31021000,542.471,tonne,1005.559,MA
CBAM-45379366,27160000,709.401,tonne,1638.599,CN
CBAM-73445566,25232900,308.317,tonne,1819.895,IN
CBAM-95559004,72083900,914.839,tonne,4025.296,TR
CBAM-09804387,76011000,984.464,tonne,4630.482,UA
CBAM-79518298,28070010,789.222,tonne,1272.016,MA
CBAM-64167463,31021000,739.126,tonne,4819.899,CN
CBAM-20015353,27160000,76.69,tonne,4884.536,IN
CBAM-19467362,25232900,85.115,tonne,1554.757,TR
CBAM-49954966,72083900,978.037,tonne,1651.815,UA
CBAM-24459597,76011000,703.67,tonne,937.524,MA
CBAM-28197859,28070010,203.183,tonne,4474.191,CN
CBAM-94617143,31021000,297.671,tonne,702.729,IN
CBAM-25337015,27160000,711.52,tonne,4061.489,TR
CBAM-57307064,25232900,817.418,tonne,4619.982,UA
CBAM-40727505,72083900,615.159,tonne,1091.431,MA
CBAM-60392536,76011000,862.1,tonne,2440.892,CN
CBAM-53993022,28070010,733.115,tonne,3163.018,IN
CBAM-57853842,31021000,987.344,tonne,1235.82,TR
CBAM-09840050,27160000,859.76,tonne,2772.357,UA
CBAM-09837315,25232900,468.246,tonne,3867.047,MA
CBAM-49506999,72083900,430.543,tonne,2605.968,CN
CBAM-56283200,76011000,420.366,tonne,4703.243,IN
CBAM-31306349,28070010,78.934,tonne,1815.654,TR
CBAM-91780159,31021000,766.207,tonne,377.269,UA
CBAM-92192226,27160000,224.917,tonne,4071.713,MA
CBAM-38628934,25232900,595.6,tonne,3030.542,CN
CBAM-92787902,72083900,379.681,tonne,472.416,IN
CBAM-12180761,76011000,756.389,tonne,1643.889,TR
CBAM-55561966,28070010,617.982,tonne,3380.502,UA
CBAM-89307742,31021000,808.559,tonne,1045.835,MA
CBAM-86089306,27160000,239.309,tonne,4675.186,CN
CBAM-75891912,25232900,558.509,tonne,2246.217,IN
CBAM-33247523,72083900,462.099,tonne,3127.278,TR
CBAM-94440217,76011000,157.68,tonne,2689.967,UA
CBAM-84909345,28070010,168.155,tonne,3189.416,MA
CBAM-95306428,31021000,560.358,tonne,4828.472,CN
CBAM-23906072,27160000,914.362,tonne,4120.278,IN
CBAM-34991664,25232900,643.932,tonne,4164,TR
CBAM-40425052,72083900,214.666,tonne,3594.143,UA
CBAM-22962648,76011000,248.171,tonne,954.853,MA
CBAM-50172831,28070010,173.274,tonne,4022.42,CN
CBAM-91626867,31021000,273.722,tonne,1635.754,IN
CBAM-00392542,27160000,796.84,tonne,3609.716,TR
CBAM-92926310,25232900,156.546,tonne,1815.456,UA
CBAM-44038100,72083900,31.729,tonne,2612.82,MA
CBAM-11429508,76011000,564.43,tonne,1194.413,CN
CBAM-03909235,28070010,888.191,tonne,2077.598,IN
CBAM-68449296,31021000,855.132,tonne,1751.832,TR
CBAM-64479612,27160000,251.575,tonne,104.635,UA
CBAM-16499408,25232900,236.801,tonne,2916.238,MA
CBAM-47925885,72083900,824.655,tonne,2169.857,CN
CBAM-81038736,76011000,266.889,tonne,3932.581,IN
CBAM-48668032,28070010,53.419,tonne,2882.857,TR
CBAM-29001306,31021000,982.952,tonne,3351.796,UA
CBAM-55756833,27160000,587.132,tonne,4665.723,MA
CBAM-94731131,25232900,798.061,tonne,2303.296,CN
CBAM-06063233,72083900,337.026,tonne,4107.535,IN
CBAM-27257982,76011000,132.021,tonne,2227.512,TR
CBAM-04823818,28070010,385.226,tonne,4771.558,UA
CBAM-70229709,31021000,461.25,tonne,141.851,MA
CBAM-34119260,27160000,67.356,tonne,4631.393,CN
CBAM-58101695,25232900,312.073,tonne,2466.579,IN
CBAM-57314608,72083900,103.783,tonne,646.002,TR
CBAM-92328222,76011000,91.789,tonne,4105.601,UA
CBAM-40597881,28070010,182.06,tonne,657.755,MA
CBAM-46207909,31021000,191.009,tonne,3261.641,CN
CBAM-45630102,27160000,539.699,tonne,2960.019,IN
CBAM-20009557,25232900,853.854,tonne,2709.664,TR
CBAM-86887412,72083900,769.996,tonne,1924.16,UA
CBAM-41608370,76011000,551.597,tonne,2377.497,MA
CBAM-11229190,28070010,705.01,tonne,2562.737,CN
CBAM-14569275,31021000,393.368,tonne,4275.795,IN
CBAM-76719941,27160000,274,tonne,4868.612,TR
CBAM-84143531,25232900,472.76,tonne,3952.67,UA
CBAM-77353246,72083900,870.62,tonne,1956.439,MA
CBAM-88951144,76011000,755.091,tonne,2976.703,CN
CBAM-20237113,28070010,776.282,tonne,2824.258,IN
CBAM-41487431,31021000,416.966,tonne,1264.96,TR
CBAM-88057780,27160000,815.63,tonne,4294.002,UA
CBAM-72698831,25232900,706.228,tonne,2864.975,MA
CBAM-86829817,72083900,409.885,tonne,2670.211,CN
CBAM-82811549,76011000,372.857,tonne,4897.113,IN
CBAM-83094206,28070010,135.46,tonne,4753.51,TR
CBAM-32495166,31021000,997.386,tonne,3807.623,UA
CBAM-03639572,27160000,958.983,tonne,4298.548,MA
CBAM-15935831,25232900,270.2,tonne,751.759,CN
CBAM-93760234,72083900,595.37,tonne,3399.383,IN
CBAM-24491781,76011000,732.963,tonne,2184.974,TR
CBAM-72388436,28070010,555.557,tonne,1081.665,UA
CBAM-40270907,31021000,649.056,tonne,3224.034,MA
CBAM-65783252,27160000,721.78,tonne,3087.919,CN
CBAM-18173623,25232900,81.065,tonne,1583.554,IN
CBAM-05280410,72083900,629,tonne,3485.678,TR
CBAM-96993595,76011000,732.294,tonne,3847.225,UA
CBAM-50605895,28070010,172.25,tonne,4334.126,MA
CBAM-27698589,31021000,993.074,tonne,4904.347,CN
CBAM-00492588,27160000,558.574,tonne,956.523,IN
CBAM-38883630,25232900,926.974,tonne,4267.978,TR
CBAM-49304214,72083900,801.874,tonne,3315.763,UA
CBAM-46240477,76011000,921.231,tonne,4067.053,MA
CBAM-28136443,28070010,490.861,tonne,1419.771,CN
CBAM-07377094,31021000,507.585,tonne,4331.521,IN
CBAM-56110537,27160000,560.852,tonne,2004.889,TR
CBAM-67817564,25232900,177.612,tonne,4317.607,UA
CBAM-42618429,72083900,594.427,tonne,4321.367,MA
CBAM-94017650,76011000,232.37,tonne,4529.546,CN
CBAM-30325444,28070010,929.432,tonne,398.322,IN
CBAM-68085563,31021000,957.176,tonne,3603.859,TR
CBAM-90345203,27160000,157.029,tonne,4418.004,UA
CBAM-51844369,25232900,733.107,tonne,2533.829,MA
CBAM-99242371,72083900,449.192,tonne,4680.822,CN
CBAM-01273491,76011000,754.638,tonne,932.056,IN
CBAM-11002207,28070010,67.555,tonne,4380.575,TR
CBAM-29390436,31021000,391.234,tonne,3504.728,UA
CBAM-13477370,27160000,388.742,tonne,3975.991,MA
CBAM-83429942,25232900,821.45,tonne,3308.144,CN
CBAM-98146932,72083900,990.117,tonne,2027.276,IN
CBAM-04024235,76011000,742.817,tonne,1645.86,TR
CBAM-57934712,28070010,689.795,tonne,4831.367,UA
CBAM-50984668,31021000,858.559,tonne,1704.38,MA
CBAM-08552986,27160000,833.884,tonne,4943.974,CN
CBAM-53248215,25232900,329.01,tonne,3159.471,IN
CBAM-29343109,72083900,194.555,tonne,2843.618,TR
CBAM-92297143,76011000,439.907,tonne,2173.864,UA
CBAM-53632922,28070010,465.38,tonne,274.892,MA
CBAM-40393746,31021000,204.871,tonne,4944.294,CN
CBAM-39871601,27160000,372.352,tonne,1173.402,IN
CBAM-86693376,25232900,678.983,tonne,1838.363,TR
CBAM-62534582,72083900,421.297,tonne,2447.681,UA
CBAM-59966571,76011000,934.762,tonne,3185.701,MA
CBAM-82199550,28070010,88.218,tonne,3757.773,CN
CBAM-52044787,31021000,376.111,tonne,4620.839,IN
CBAM-42775098,27160000,92.437,tonne,2312.953,TR
CBAM-13553858,25232900,146.653,tonne,4723.915,UA
CBAM-93132228,72083900,442.181,tonne,1079.299,MA
CBAM-78998944,76011000,648.412,tonne,3986.081,CN
CBAM-16658911,28070010,434.102,tonne,1228.845,IN
CBAM-08884921,31021000,662.004,tonne,2499.556,TR
CBAM-99538779,27160000,187.017,tonne,4310.327,UA
CBAM-39515081,25232900,886.621,tonne,454.731,MA
CBAM-50806479,72083900,216.632,tonne,1699.579,CN
CBAM-29789260,76011000,733.427,tonne,4608.816,IN
CBAM-59045170,28070010,406.087,tonne,883.145,TR
CBAM-75698175,31021000,204.437,tonne,1167.804,UA
CBAM-82429311,27160000,231.189,tonne,2778.102,MA
CBAM-64939631,25232900,368.51,tonne,2971.846,CN
CBAM-84312342,72083900,848.786,tonne,2123.133,IN
CBAM-31173507,76011000,987.656,tonne,2097.488,TR
CBAM-67187738,28070010,703.791,tonne,3810.105,UA
CBAM-29160432,31021000,271.248,tonne,3144.634,MA
CBAM-67990398,27160000,924.062,tonne,4279.768,CN
CBAM-05891299,25232900,238.713,tonne,3195.878,IN
CBAM-10623461,72083900,866.381,tonne,938.926,TR
CBAM-83152910,76011000,785.192,tonne,565.797,UA
CBAM-67433638,28070010,371.969,tonne,581.712,MA
CBAM-48444909,31021000,746.349,tonne,1452.312,CN
CBAM-29068538,27160000,182.728,tonne,3265.854,IN
CBAM-55183650,25232900,543.562,tonne,343.374,TR
CBAM-31006730,72083900,354.217,tonne,3746.51,UA
CBAM-52374037,76011000,47.257,tonne,257.776,MA
CBAM-55950081,28070010,901.906,tonne,1266.909,CN
CBAM-99063622,31021000,986.189,tonne,4441.074,IN
CBAM-19983311,27160000,144.985,tonne,4972.987,TR
CBAM-36507165,25232900,842.764,tonne,4751.857,UA
CBAM-72467836,72083900,26.906,tonne,4001.002,MA
CBAM-65608243,76011000,138.966,tonne,4057.097,CN
CBAM-13078727,28070010,343.171,tonne,3882.623,IN
CBAM-00166384,31021000,249.724,tonne,16.526,TR
CBAM-52432437,27160000,520.657,tonne,2796.141,UA
CBAM-88963921,25232900,655.238,tonne,392.465,MA
CBAM-65515462,72083900,796.611,tonne,247.359,CN
CBAM-95378926,76011000,476.522,tonne,155.721,IN
CBAM-09137888,28070010,665.02,tonne,3021.511,TR
CBAM-47438010,31021000,500.298,tonne,2832.494,UA
CBAM-90898871,27160000,474.607,tonne,1421.948,MA
CBAM-68479655,25232900,719.328,tonne,2928.799,CN
CBAM-46744763,72083900,944.776,tonne,3727.129,IN
CBAM-37541203,76011000,4.574,tonne,2629.27,TR
CBAM-65125713,28070010,467.408,tonne,809.827,UA
CBAM-44956548,31021000,588.885,tonne,3640.138,MA
CBAM-98167005,27160000,253.174,tonne,4817.761,CN
CBAM-96151541,25232900,761.115,tonne,1316.84,IN
CBAM-85449084,72083900,810.428,tonne,1257.691,TR
CBAM-06128925,76011000,581.272,tonne,1824.08,UA
CBAM-90996990,28070010,756.937,tonne,3380.997,MA
CBAM-07695374,31021000,852.977,tonne,2538.1,CN
CBAM-56503757,27160000,939.501,tonne,1288.471,IN
CBAM-63899713,25232900,125.404,tonne,3685.339,TR
CBAM-80508714,72083900,27.654,tonne,3774.045,UA
CBAM-78808818,76011000,631.875,tonne,507.155,MA
CBAM-77504685,28070010,245.854,tonne,53.324,CN
CBAM-03118005,31021000,401.609,tonne,279.55,IN
CBAM-16746644,27160000,894.677,tonne,960.11,TR
CBAM-02000868,25232900,793.44,tonne,3454.654,UA
CBAM-37797815,72083900,875.486,tonne,2954.344,MA
CBAM-77406810,76011000,456.69,tonne,3940.509,CN
CBAM-92951974,28070010,189.239,tonne,3223.974,IN
CBAM-42775311,31021000,879.961,tonne,2728.453,TR
CBAM-42667996,27160000,579.263,tonne,3179.25,UA
CBAM-00511830,25232900,575.453,tonne,4575.831,MA
CBAM-16387059,72083900,427.451,tonne,380.208,CN
CBAM-77367253,76011000,331.093,tonne,250.85,IN
CBAM-10549572,28070010,479.586,tonne,577.165,TR
CBAM-49524838,31021000,300.267,tonne,1083.13,UA
CBAM-11566949,27160000,70.888,tonne,4234.274,MA
CBAM-10433217,25232900,609.983,tonne,1028.573,CN
CBAM-26801109,72083900,481.66,tonne,616.852,IN
CBAM-49482471,76011000,399.369,tonne,4781.755,TR
CBAM-60811995,28070010,975.555,tonne,1793.479,UA
CBAM-47803076,31021000,529.095,tonne,4516.638,MA
CBAM-74952840,27160000,639.468,tonne,3915.469,CN
CBAM-04291059,25232900,43.902,tonne,3652.962,IN
CBAM-63523239,72083900,841.403,tonne,1023.102,TR
CBAM-64416481,76011000,842.115,tonne,3544.034,UA
CBAM-70416305,28070010,187.32,tonne,3071.627,MA
CBAM-43835829,31021000,905.531,tonne,2640.768,CN
CBAM-37060343,27160000,322.806,tonne,1690.357,IN
CBAM-04248368,25232900,468.708,tonne,4907.29,TR
CBAM-59131004,72083900,941.778,tonne,812.111,UA
CBAM-08012592,76011000,54.703,tonne,4492.372,MA
CBAM-88793631,28070010,815.162,tonne,513.668,CN
CBAM-83284151,31021000,629.817,tonne,4068.927,IN
CBAM-26455603,27160000,891.091,tonne,2902.78,TR
CBAM-43318589,25232900,551.107,tonne,4059.348,UA
CBAM-23581795,72083900,634.327,tonne,3183.274,MA
CBAM-16679456,76011000,60.185,tonne,4380.683,CN
CBAM-46251708,28070010,2.524,tonne,486.031,IN
CBAM-03570664,31021000,788.31,tonne,3663.77,TR
CBAM-48320251,27160000,607.168,tonne,1938.969,UA
CBAM-58945794,25232900,964.301,tonne,490.029,MA
CBAM-60590493,72083900,197.502,tonne,3855.405,CN
CBAM-79944338,76011000,886.115,tonne,3444.63,IN
CBAM-13182771,28070010,964.668,tonne,738.45,TR
CBAM-21856000,31021000,596.981,tonne,1448.413,UA
CBAM-27228437,27160000,318.775,tonne,3181.831,MA
CBAM-00626577,25232900,286.325,tonne,1236.531,CN
CBAM-58531582,72083900,224.22,tonne,4474.305,IN
CBAM-79510554,76011000,679.615,tonne,3231.312,TR
CBAM-06225634,28070010,151.421,tonne,2223.654,UA
CBAM-18090421,31021000,733.708,tonne,1509.687,MA
CBAM-00443249,27160000,293.267,tonne,4423.693,CN
CBAM-69523319,25232900,163.543,tonne,2190.97,IN
CBAM-28957867,72083900,319.094,tonne,2392.115,TR
CBAM-25807721,76011000,969.576,tonne,2270.628,UA
CBAM-96603536,28070010,304.738,tonne,30.762,MA
CBAM-69958658,31021000,764.81,tonne,152.869,CN
CBAM-84148768,27160000,404.217,tonne,313.666,IN
CBAM-17974757,25232900,118.596,tonne,994.538,TR
CBAM-18260325,72083900,944.93,tonne,2444.77,UA
CBAM-62571764,76011000,225.664,tonne,3880.435,MA
CBAM-91071859,28070010,45.897,tonne,521.883,CN
CBAM-65713199,31021000,814.395,tonne,558.798,IN
CBAM-74782030,27160000,629.261,tonne,202.329,TR
CBAM-70371525,25232900,813.685,tonne,627.873,UA
CBAM-96711613,72083900,179.397,tonne,2290.046,MA
CBAM-54414996,76011000,443.894,tonne,1177.047,CN
CBAM-12327778,28070010,887.899,tonne,3494.391,IN
CBAM-40006587,31021000,19.386,tonne,4706.659,TR
CBAM-83612238,27160000,96.7,tonne,3051.709,UA
CBAM-01980638,25232900,88.364,tonne,745.709,MA
CBAM-66208701,72083900,425.106,tonne,2505.752,CN
CBAM-72900838,76011000,830.161,tonne,317.22,IN
CBAM-99085726,28070010,426.822,tonne,3930.751,TR
CBAM-12005020,31021000,337.459,tonne,4474.779,UA
CBAM-49798154,27160000,54.687,tonne,2841.051,MA
CBAM-36053286,25232900,161.324,tonne,3164.154,CN
CBAM-38357947,72083900,790.009,tonne,4420.4,IN
CBAM-33697400,76011000,412.689,tonne,4170.641,TR
CBAM-06341768,28070010,374.203,tonne,1883.111,UA
CBAM-82421138,31021000,373.97,tonne,687.659,MA
CBAM-84291751,27160000,607.526,tonne,4509.441,CN
CBAM-25545841,25232900,47.477,tonne,2708.162,IN
CBAM-03038320,72083900,185.853,tonne,1942.757,TR
CBAM-36226169,76011000,565.267,tonne,2327.63,UA
CBAM-02109857,28070010,904.957,tonne,3525.01,MA
CBAM-20118786,31021000,495.345,tonne,1952.436,CN
CBAM-15824339,27160000,759.301,tonne,701.695,IN
CBAM-99333762,25232900,412.616,tonne,1815.727,TR
CBAM-06315569,72083900,930.376,tonne,1838.467,UA
CBAM-64663970,76011000,407.298,tonne,3997.034,MA
CBAM-21026958,28070010,386.463,tonne,4926.492,CN
CBAM-54554449,31021000,532.881,tonne,4906.382,IN
CBAM-01568853,27160000,398.588,tonne,4640.885,TR
CBAM-85362149,25232900,299.053,tonne,3628.458,UA
CBAM-65305748,72083900,494.198,tonne,3309.864,MA
CBAM-96960030,76011000,176.931,tonne,1273.432,CN
CBAM-41829836,28070010,509.197,tonne,3672.742,IN
CBAM-07011086,31021000,967.62,tonne,1717.213,TR
CBAM-93978753,27160000,516.678,tonne,346.205,UA
CBAM-79407770,25232900,684.73,tonne,2017.068,MA
CBAM-53727683,72083900,890.718,tonne,3118.899,CN
CBAM-66454107,76011000,176.494,tonne,774.713,IN
CBAM-11852247,28070010,170.221,tonne,4947.586,TR
CBAM-42545732,31021000,126.451,tonne,2540.99,UA
CBAM-59925613,27160000,73.086,tonne,3165.906,MA
CBAM-06623941,25232900,906.917,tonne,2415.707,CN
CBAM-82451696,72083900,955.407,tonne,3692.588,IN
CBAM-04705625,76011000,435.309,tonne,705.525,TR
CBAM-75445033,28070010,197.34,tonne,3639.313,UA
CBAM-16536216,31021000,96.833,tonne,1661.649,MA
CBAM-24213975,27160000,992.122,tonne,1501.571,CN
CBAM-44774628,25232900,858.395,tonne,538.508,IN
CBAM-38395906,72083900,754.764,tonne,729.947,TR
CBAM-53997037,76011000,93.29,tonne,3768.132,UA
CBAM-07672655,28070010,657.575,tonne,2627.087,MA
CBAM-72985542,31021000,866.498,tonne,213.119,CN
CBAM-14183475,27160000,758.683,tonne,2385.72,IN
CBAM-17052253,25232900,982.067,tonne,1090.373,TR
CBAM-00088407,72083900,27.547,tonne,3564.384,UA
CBAM-62803883,76011000,554.189,tonne,2861.512,MA
CBAM-22556715,28070010,915.441,tonne,2522.805,CN
CBAM-03408891,31021000,333.723,tonne,967.259,IN
CBAM-27192404,27160000,946.288,tonne,3805.074,TR
CBAM-12379912,25232900,55.805,tonne,501.066,UA
CBAM-43386839,72083900,569.012,tonne,3855.281,MA
CBAM-25617479,76011000,382.71,tonne,3790.108,CN
CBAM-37399370,28070010,11.113,tonne,4504.566,IN
CBAM-14969255,31021000,699.828,tonne,1523.994,TR
CBAM-49323967,27160000,288.658,tonne,1071.741,UA
CBAM-98714708,25232900,409.23,tonne,1456.955,MA
CBAM-34680234,72083900,67.06,tonne,3631.154,CN
CBAM-36646249,76011000,756.965,tonne,4044.97,IN
CBAM-03764903,28070010,673.926,tonne,3360.194,TR
CBAM-53194369,31021000,412.04,tonne,3122.712,UA
CBAM-95066065,27160000,207.818,tonne,3465.199,MA
CBAM-25784182,25232900,876.265,tonne,3797.042,CN
CBAM-34986121,72083900,407.04,tonne,1827.005,IN
CBAM-77964271,76011000,303.56,tonne,2346.41,TR
CBAM-20841987,28070010,402.507,tonne,2359.288,UA
CBAM-18703856,31021000,339.454,tonne,3089.562,MA
CBAM-35469721,27160000,297.897,tonne,4494.099,CN
CBAM-59294137,25232900,812.319,tonne,4911.23,IN
CBAM-06798283,72083900,742.142,tonne,1767.922,TR
CBAM-38857754,76011000,218.463,tonne,2387.155,UA
CBAM-63871578,28070010,542.686,tonne,3169.21,MA
CBAM-60824799,31021000,425.642,tonne,2867.728,CN
CBAM-26850305,27160000,833.307,tonne,2047.354,IN
CBAM-53646720,25232900,198.527,tonne,3125.23,TR
CBAM-64765405,72083900,327.745,tonne,4571.188,UA
CBAM-76500610,76011000,953.785,tonne,3990.023,MA
CBAM-90466245,28070010,521.162,tonne,1017.515,CN
CBAM-56679011,31021000,436.403,tonne,3051.472,IN
CBAM-87636550,27160000,835.245,tonne,3415.422,TR
CBAM-88318372,25232900,29.462,tonne,4562.245,UA
CBAM-95927372,72083900,155.914,tonne,3217.282,MA
CBAM-40411174,76011000,233.523,tonne,3645.58,CN
CBAM-10679442,28070010,692.692,tonne,1270.527,IN
CBAM-76192641,31021000,112.016,tonne,2901.716,TR
CBAM-47421244,27160000,694.703,tonne,15.975,UA
CBAM-88602942,25232900,763.249,tonne,2823.043,MA
CBAM-31962269,72083900,917.726,tonne,3686.2,CN
CBAM-10540464,76011000,995.79,tonne,1279.623,IN
CBAM-44538863,28070010,143.082,tonne,2552.026,TR
CBAM-44705810,31021000,436.389,tonne,4669.898,UA
CBAM-40260917,27160000,609.704,tonne,236.152,MA
CBAM-57002368,25232900,719.645,tonne,673.882,CN
CBAM-70377505,72083900,381.891,tonne,317.031,IN
CBAM-91878244,76011000,293.27,tonne,852.666,TR
CBAM-30120065,28070010,577.286,tonne,1294.815,UA
CBAM-30617369,31021000,126.313,tonne,2738.141,MA
CBAM-99171528,27160000,641.77,tonne,4356.625,CN
CBAM-11677676,25232900,562.336,tonne,884.79,IN
CBAM-44903182,72083900,646.242,tonne,398.191,TR
CBAM-90665484,76011000,731.366,tonne,958.512,UA
CBAM-99148322,28070010,576.092,tonne,3632.665,MA
CBAM-74151774,31021000,9.407,tonne,4873.107,CN
CBAM-00422609,27160000,135.916,tonne,2982.785,IN
CBAM-63505339,25232900,249.39,tonne,96.369,TR
CBAM-40588817,72083900,300.822,tonne,1775.455,UA
CBAM-43363477,76011000,384.173,tonne,2301.396,MA
CBAM-69986101,28070010,370.82,tonne,2354.075,CN
CBAM-10860639,31021000,980.304,tonne,1565.212,IN
CBAM-32882001,27160000,557.293,tonne,1378.941,TR
CBAM-84159690,25232900,108.626,tonne,4776.411,UA
CBAM-29812687,72083900,292.946,tonne,2765.874,MA
CBAM-92587504,76011000,506.263,tonne,461.084,CN
CBAM-76056589,28070010,544.776,tonne,1818.915,IN
CBAM-52029033,31021000,339.433,tonne,3763.857,TR
CBAM-29807788,27160000,144.41,tonne,2641.113,UA
CBAM-80072707,25232900,976.823,tonne,2651.011,MA
CBAM-83665254,72083900,921.055,tonne,2223.791,CN
CBAM-09891187,76011000,109.906,tonne,4286.815,IN
CBAM-30941019,28070010,261.771,tonne,3976.303,TR
CBAM-25986241,31021000,171.038,tonne,1900.31,UA
CBAM-75296171,27160000,111.318,tonne,2707.195,MA
CBAM-68230298,25232900,745.466,tonne,2977.129,CN
CBAM-91998340,72083900,771.688,tonne,4264.588,IN
CBAM-46220294,76011000,662.267,tonne,4302.727,TR
CBAM-65494687,28070010,621.669,tonne,202.219,UA
CBAM-18434551,31021000,983.598,tonne,2721.019,MA
CBAM-57334341,27160000,909.586,tonne,2755.679,CN
CBAM-11867685,25232900,266.469,tonne,589.183,IN
CBAM-73147088,72083900,936.48,tonne,2657.084,TR
CBAM-23170763,76011000,151.615,tonne,2489.314,UA
CBAM-27880106,28070010,32.065,tonne,4117.329,MA
CBAM-07294383,31021000,754.045,tonne,1296.007,CN
CBAM-38665122,27160000,715.294,tonne,2814.361,IN
CBAM-65577829,25232900,593.264,tonne,1468.686,TR
CBAM-69128979,72083900,71.671,tonne,2891.94,UA
CBAM-50315500,76011000,760.753,tonne,2600.483,MA
CBAM-93717320,28070010,921.04,tonne,4156.129,CN
CBAM-27863843,31021000,309.096,tonne,4246.057,IN
CBAM-32318754,27160000,983.66,tonne,1406.598,TR
CBAM-12424252,25232900,73.217,tonne,4589.413,UA
CBAM-63370095,72083900,266.766,tonne,2960.138,MA
CBAM-56109097,76011000,178.442,tonne,4023.009,CN
CBAM-83121318,28070010,861.43,tonne,3420.674,IN
CBAM-94326856,31021000,271.781,tonne,2148.365,TR
CBAM-60583311,27160000,712.632,tonne,494.097,UA
CBAM-65317513,25232900,286.946,tonne,2704.753,MA
CBAM-86268530,72083900,221.947,tonne,2054.988,CN
CBAM-76799309,76011000,309.568,tonne,4581.532,IN
CBAM-31228074,28070010,215.385,tonne,4352.667,TR
CBAM-40455652,31021000,553.933,tonne,3685.296,UA
CBAM-57910599,27160000,435.124,tonne,2708.783,MA
CBAM-86023933,25232900,295.726,tonne,2252.598,CN
CBAM-59378508,72083900,223.312,tonne,2849.784,IN
CBAM-90965621,76011000,751.358,tonne,4759.627,TR
CBAM-56899683,28070010,131.4,tonne,2898.453,UA
CBAM-31915228,31021000,823.563,tonne,584.808,MA
CBAM-88643149,27160000,625.219,tonne,4980.588,CN
CBAM-76843561,25232900,678.972,tonne,4038.932,IN
CBAM-00049714,72083900,273.772,tonne,3252.167,TR
CBAM-93261254,76011000,665.872,tonne,4142.984,UA
CBAM-27584291,28070010,490.438,tonne,485.66,MA
CBAM-07909840,31021000,433.994,tonne,4635.607,CN
CBAM-20017939,27160000,173.092,tonne,4053.273,IN
CBAM-14694838,25232900,278.346,tonne,4975.949,TR
CBAM-08275485,72083900,311.734,tonne,3894.217,UA
CBAM-82673953,76011000,217.448,tonne,609.953,MA
CBAM-12539974,28070010,603.427,tonne,3171.177,CN
CBAM-24525233,31021000,939.735,tonne,4246.699,IN
CBAM-58297818,27160000,529.667,tonne,147.29,TR
CBAM-75731680,25232900,986.866,tonne,2110.492,UA
CBAM-94526865,72083900,116.506,tonne,2480.644,MA
CBAM-19476245,76011000,126.781,tonne,4386.191,CN
CBAM-88785148,28070010,343.87,tonne,515.778,IN
CBAM-59858240,31021000,926.973,tonne,3347.758,TR
CBAM-95547306,27160000,332.697,tonne,3840.081,UA
CBAM-61657157,25232900,213.233,tonne,4081.819,MA
CBAM-88328440,72083900,690.54,tonne,3155.263,CN
CBAM-79030455,76011000,577.401,tonne,3921.328,IN
CBAM-90766974,28070010,780.956,tonne,2104.842,TR
CBAM-55432818,31021000,546.13,tonne,721.639,UA
CBAM-30740582,27160000,262.558,tonne,4001.409,MA
CBAM-44124104,25232900,388.86,tonne,3118.431,CN
CBAM-29313977,72083900,502.725,tonne,2220.985,IN
CBAM-03936562,76011000,465.197,tonne,4060.421,TR
CBAM-32436379,28070010,613.398,tonne,4198.536,UA
CBAM-08200907,31021000,739.736,tonne,4205.959,MA
CBAM-88478945,27160000,183.582,tonne,254.026,CN
CBAM-21424496,25232900,609.598,tonne,1076.071,IN
CBAM-17619896,72083900,171.736,tonne,2903.227,TR
CBAM-57153406,76011000,380.664,tonne,2361.669,UA
CBAM-50547127,28070010,183.181,tonne,1046.837,MA
CBAM-61883045,31021000,500.652,tonne,4566.646,CN
CBAM-86315672,27160000,672.227,tonne,1155.067,IN
CBAM-96406172,25232900,486.985,tonne,640.514,TR
CBAM-51162999,72083900,29.383,tonne,544.989,UA
CBAM-93336337,76011000,574.874,tonne,1421.536,MA
CBAM-53602356,28070010,655.542,tonne,1599.041,CN
CBAM-30246332,31021000,604.468,tonne,327.444,IN
CBAM-62864813,27160000,497.337,tonne,4130.76,TR
CBAM-46829098,25232900,701.648,tonne,1726.165,UA
CBAM-31244821,72083900,305.85,tonne,4174.888,MA
CBAM-60007424,76011000,82.282,tonne,4711.318,CN
CBAM-03658378,28070010,540.248,tonne,2922.956,IN
CBAM-18979252,31021000,235.156,tonne,496.978,TR
CBAM-54323023,27160000,565.201,tonne,658.924,UA
CBAM-54308136,25232900,979.726,tonne,3498.808,MA
CBAM-33227709,72083900,821.549,tonne,835.25,CN
CBAM-81065929,76011000,411.234,tonne,2357.868,IN
CBAM-51659898,28070010,4.98,tonne,2990.915,TR
CBAM-41810932,31021000,701.025,tonne,112.669,UA
CBAM-75019030,27160000,608.514,tonne,3676.377,MA
CBAM-85192631,25232900,420.151,tonne,346.328,CN
CBAM-52084586,72083900,768.889,tonne,4658.699,IN
CBAM-99634810,76011000,246.214,tonne,4990.912,TR
CBAM-64327046,28070010,417.4,tonne,3530.692,UA
CBAM-49100667,31021000,132.043,tonne,3207.231,MA
CBAM-00253462,27160000,823.546,tonne,4522.681,CN
CBAM-53516560,25232900,533.161,tonne,3344.35,IN
CBAM-13002237,72083900,846.561,tonne,1602.397,TR
CBAM-83279657,76011000,602.407,tonne,203.879,UA
CBAM-22866741,28070010,940.432,tonne,968.809,MA
CBAM-92221854,31021000,929.111,tonne,2875.263,CN
CBAM-66074758,27160000,361.31,tonne,1974.615,IN
CBAM-30862728,25232900,537.864,tonne,4223.571,TR
CBAM-76702586,72083900,113.109,tonne,2018.56,UA
CBAM-20910457,76011000,18.343,tonne,4522.067,MA
CBAM-04864226,28070010,875.608,tonne,1157.577,CN
CBAM-88531389,31021000,759.071,tonne,3217.892,IN
CBAM-45884175,27160000,729.604,tonne,4518.645,TR
CBAM-84086673,25232900,557.371,tonne,815.876,UA
CBAM-76372611,72083900,973.878,tonne,4788.518,MA
CBAM-89648113,76011000,719.61,tonne,4850.286,CN
CBAM-47489632,28070010,405.577,tonne,3658.766,IN
CBAM-05804378,31021000,29.378,tonne,4325.548,TR
CBAM-46577466,27160000,5.245,tonne,3518.232,UA
CBAM-95026465,25232900,925.36,tonne,4212.836,MA
CBAM-85419080,72083900,814.146,tonne,3983.328,CN
CBAM-23524883,76011000,751.323,tonne,704.603,IN
CBAM-29786143,28070010,475.095,tonne,1639.906,TR
CBAM-89984770,31021000,28.858,tonne,1893.272,UA
CBAM-54343180,27160000,758.977,tonne,2706.108,MA
CBAM-22585880,25232900,786.905,tonne,2296.042,CN
CBAM-34438926,72083900,23.917,tonne,3410.354,IN
CBAM-49461508,76011000,719.218,tonne,2126.999,TR
CBAM-07409276,28070010,607.25,tonne,3940.787,UA
CBAM-54189239,31021000,861.662,tonne,4401.15,MA
CBAM-70923237,27160000,24.736,tonne,934.568,CN
CBAM-85369188,25232900,634.235,tonne,4506.272,IN
CBAM-79146347,72083900,681.466,tonne,4825.987,TR
CBAM-43355256,76011000,51.871,tonne,1421.521,UA
CBAM-63752265,28070010,669.749,tonne,3641.967,MA
CBAM-29868688,31021000,473.711,tonne,4142.075,CN
CBAM-41027795,27160000,323.702,tonne,697.977,IN
CBAM-99920237,25232900,319.966,tonne,2478.084,TR
CBAM-09424269,72083900,114.985,tonne,2753.419,UA
CBAM-51075210,76011000,219.813,tonne,2619.924,MA
CBAM-04841900,28070010,741.83,tonne,3744.62,CN
CBAM-77110141,31021000,710.907,tonne,1230.386,IN
CBAM-40040146,27160000,496.82,tonne,1257.936,TR
CBAM-71424512,25232900,120.814,tonne,807.843,UA
CBAM-91386493,72083900,592.592,tonne,4620.535,MA
CBAM-58731215,76011000,656.153,tonne,1374.704,CN
CBAM-00566527,28070010,811.277,tonne,3265.777,IN
CBAM-11431827,31021000,456.666,tonne,4523.298,TR
CBAM-39755870,27160000,676.225,tonne,3162.458,UA
CBAM-92123263,25232900,15.548,tonne,1858.868,MA
CBAM-65314466,72083900,54.457,tonne,3224.188,CN
CBAM-99614271,76011000,750.108,tonne,648.075,IN
CBAM-19771068,28070010,393.992,tonne,2856.253,TR
CBAM-87911144,31021000,241.038,tonne,1389.04,UA
CBAM-57497532,27160000,269.411,tonne,3800.076,MA
CBAM-42993269,25232900,936.688,tonne,3597.893,CN
CBAM-90041608,72083900,637.987,tonne,1708.792,IN
CBAM-95064707,76011000,553.658,tonne,1058.991,TR
CBAM-08192981,28070010,287.281,tonne,3373.865,UA
CBAM-89691203,31021000,472.688,tonne,2893.662,MA
CBAM-36764058,27160000,104.3,tonne,2351.196,CN
CBAM-20288778,25232900,781.81,tonne,2869.079,IN
CBAM-32400799,72083900,931.877,tonne,1550.018,TR
CBAM-87097900,76011000,558.163,tonne,3333.493,UA
CBAM-55793724,28070010,796.069,tonne,3161.829,MA
CBAM-49620112,31021000,606.937,tonne,3878.934,CN
CBAM-60251970,27160000,983.613,tonne,3417.225,IN
CBAM-53422909,25232900,609.043,tonne,1726.398,TR
CBAM-53954565,72083900,602.422,tonne,107.315,UA
CBAM-32734866,76011000,828.171,tonne,2871.245,MA
CBAM-24765873,28070010,250.757,tonne,2689.68,CN
CBAM-64840627,31021000,159.452,tonne,2829.336,IN
CBAM-94437390,27160000,718.353,tonne,2352.569,TR
CBAM-35838756,25232900,735.566,tonne,4260.469,UA
CBAM-96168241,72083900,599.124,tonne,1841.695,MA
CBAM-97856842,76011000,544.147,tonne,863.264,CN
CBAM-55950421,28070010,29.479,tonne,1691.723,IN
CBAM-29367143,31021000,611.782,tonne,4412.468,TR
CBAM-01319941,27160000,258.262,tonne,45.011,UA
CBAM-66929468,25232900,255.97,tonne,1140.029,MA
CBAM-30953214,72083900,913.134,tonne,4454.593,CN
CBAM-25156671,76011000,314.242,tonne,3978.704,IN
CBAM-46518817,28070010,269.253,tonne,1171.084,TR
CBAM-67537763,31021000,640.522,tonne,1132.766,UA
CBAM-56412967,27160000,953.92,tonne,2697.171,MA
CBAM-36189250,25232900,280.947,tonne,3839.713,CN
CBAM-96607817,72083900,968.098,tonne,2412.314,IN
CBAM-62554339,76011000,641.004,tonne,1450.978,TR
CBAM-45519960,28070010,429.046,tonne,841.737,UA
CBAM-95459689,31021000,893.453,tonne,3144.156,MA
CBAM-40102657,27160000,624.232,tonne,1702.715,CN
CBAM-65890368,25232900,513.876,tonne,2323.392,IN
CBAM-65528894,72083900,70.426,tonne,2693.433,TR
CBAM-25232982,76011000,368.344,tonne,2507.189,UA
CBAM-87295994,28070010,229.821,tonne,925.738,MA
CBAM-69401888,31021000,367.638,tonne,4648.897,CN
CBAM-44583610,27160000,447.601,tonne,2307.205,IN
CBAM-32888235,25232900,427.459,tonne,2018.598,TR
CBAM-85814758,72083900,456.136,tonne,4608.316,UA
CBAM-35826698,76011000,338.115,tonne,3914.681,MA
CBAM-20135040,28070010,677.178,tonne,2869.654,CN
CBAM-18129135,31021000,614.246,tonne,322.069,IN
CBAM-50042066,27160000,271.045,tonne,4075.235,TR
CBAM-44893511,25232900,591.131,tonne,1840.118,UA
CBAM-67908207,72083900,780.601,tonne,3315.318,MA
CBAM-22445323,76011000,804.632,tonne,4558.722,CN
CBAM-94708789,28070010,939.367,tonne,3577.123,IN
CBAM-88398197,31021000,564.039,tonne,72.669,TR
CBAM-59297958,27160000,679.825,tonne,3379.225,UA
CBAM-80542063,25232900,793.726,tonne,2757.899,MA
CBAM-62288136,72083900,816.081,tonne,3324.936,CN
CBAM-78321170,76011000,141.762,tonne,2443.7,IN
CBAM-64945893,28070010,222.433,tonne,2613.136,TR
CBAM-17325811,31021000,283.221,tonne,2770.804,UA
CBAM-32350943,27160000,252.165,tonne,3453.575,MA
CBAM-95832404,25232900,738.113,tonne,2580.71,CN
CBAM-82490016,72083900,900.363,tonne,4955.476,IN
CBAM-32805663,76011000,758.448,tonne,2581.152,TR
CBAM-29404592,28070010,620.436,tonne,4157.983,UA
CBAM-80974786,31021000,68.604,tonne,3801.631,MA
CBAM-50204087,27160000,97.1,tonne,540.914,CN
CBAM-98449324,25232900,301.421,tonne,1078.417,IN
CBAM-24755961,72083900,614.333,tonne,2226.615,TR
CBAM-38667718,76011000,452.114,tonne,4783.382,UA
CBAM-74634316,28070010,85.183,tonne,2680.604,MA
CBAM-37477497,31021000,328.595,tonne,3687.518,CN
CBAM-32434483,27160000,661.504,tonne,2837.236,IN
CBAM-03139147,25232900,209.645,tonne,3744.708,TR
CBAM-95776272,72083900,468.191,tonne,193.754,UA
CBAM-03470633,76011000,512.842,tonne,2352.808,MA
CBAM-52031545,28070010,371.454,tonne,1429.554,CN
CBAM-92253521,31021000,243.371,tonne,3272.404,IN
CBAM-19630942,27160000,948.332,tonne,4057.133,TR
CBAM-11752741,25232900,295.426,tonne,2895.152,UA
CBAM-85509055,72083900,612.177,tonne,4555.532,MA
CBAM-00525778,76011000,135.33,tonne,695.943,CN
CBAM-49208076,28070010,75.255,tonne,2550.411,IN
CBAM-35470806,31021000,258.597,tonne,2058.317,TR
CBAM-85627014,27160000,709.282,tonne,574.054,UA
CBAM-41368849,25232900,946.955,tonne,2229.861,MA
CBAM-03393416,72083900,153.003,tonne,2746.861,CN
CBAM-10531359,76011000,761.074,tonne,1378.157,IN
CBAM-52833047,28070010,314.065,tonne,756.561,TR
CBAM-96540604,31021000,252.88,tonne,2556.66,UA
CBAM-49655154,27160000,389.226,tonne,27.105,MA
CBAM-05689627,25232900,201.463,tonne,4429.911,CN
CBAM-59088338,72083900,478.568,tonne,2927.806,IN
CBAM-05120592,76011000,887.385,tonne,2086.693,TR
CBAM-33419600,28070010,253.4,tonne,1257.399,UA
CBAM-26301993,31021000,809.794,tonne,2744.543,MA
CBAM-97772821,27160000,656.034,tonne,3728.993,CN
CBAM-27738934,25232900,556.901,tonne,3892.667,IN
CBAM-33469107,72083900,29.685,tonne,2192.43,TR
CBAM-43604330,76011000,479.553,tonne,2393.38,UA
CBAM-85194833,28070010,346.182,tonne,877.077,MA
CBAM-23785283,31021000,265.402,tonne,3555.588,CN
CBAM-44396213,27160000,723.961,tonne,2647.333,IN
CBAM-21219179,25232900,865.535,tonne,4005.3,TR
CBAM-39619876,72083900,913.162,tonne,1888.536,UA
CBAM-35009193,76011000,183.925,tonne,1712.67,MA
CBAM-41370844,28070010,724.896,tonne,1692.118,CN
CBAM-24782488,31021000,243.637,tonne,1080.095,IN
CBAM-82116505,27160000,716.152,tonne,552.95,TR
CBAM-65541353,25232900,91.67,tonne,765.981,UA
CBAM-38815010,72083900,645.875,tonne,2365.076,MA
CBAM-38095397,76011000,189.097,tonne,3257.139,CN
CBAM-94085485,28070010,981.069,tonne,3226.068,IN
CBAM-42495778,31021000,311.266,tonne,4928.294,TR
CBAM-76066833,27160000,773.168,tonne,1238.9,UA
CBAM-55399910,25232900,163.501,tonne,317.653,MA
CBAM-06097466,72083900,776.021,tonne,2300.275,CN
CBAM-74791323,76011000,314.114,tonne,2741.415,IN
CBAM-67825367,28070010,310.7,tonne,994.218,TR
CBAM-66108498,31021000,190.221,tonne,2518.61,UA
CBAM-87982209,27160000,877.607,tonne,209.144,MA
CBAM-61284714,25232900,461.702,tonne,569.696,CN
CBAM-61098819,72083900,732.19,tonne,2133.115,IN
CBAM-13024692,76011000,144.313,tonne,3020.253,TR
CBAM-39279256,28070010,842.431,tonne,240.075,UA
CBAM-44096005,31021000,487.371,tonne,4584.108,MA
CBAM-22994092,27160000,777.585,tonne,912.842,CN
CBAM-74377745,25232900,163.976,tonne,2795.787,IN
CBAM-95063151,72083900,142.573,tonne,749.109,TR
CBAM-84752000,76011000,269.549,tonne,2737.337,UA
CBAM-59774096,28070010,438.359,tonne,1679.505,MA
CBAM-10758851,31021000,732.537,tonne,1247.204,CN
CBAM-93031577,27160000,412.338,tonne,4589.794,IN
CBAM-10604325,25232900,720.894,tonne,1197.716,TR
CBAM-27293135,72083900,894.953,tonne,1872.868,UA
CBAM-70620682,76011000,814.919,tonne,2677.632,MA
CBAM-27319248,28070010,90.113,tonne,3720.444,CN
CBAM-43556047,31021000,491.985,tonne,4001.525,IN
CBAM-18234384,27160000,681.713,tonne,401.477,TR
CBAM-53050951,25232900,760.808,tonne,2841.118,UA
CBAM-50234412,72083900,995.263,tonne,426.86,MA
CBAM-29325066,76011000,963.345,tonne,4030.81,CN
CBAM-38570249,28070010,925.457,tonne,2950.547,IN
CBAM-32987886,31021000,498.488,tonne,1372.407,TR
CBAM-42572446,27160000,521.206,tonne,59.517,UA
CBAM-16519371,25232900,617.341,tonne,4774.823,MA
CBAM-96801571,72083900,894.546,tonne,3714.23,CN
CBAM-30511323,76011000,123.225,tonne,4688.265,IN
CBAM-66636743,28070010,813.177,tonne,1380.087,TR
CBAM-22556603,31021000,987.646,tonne,209.868,UA
CBAM-62273352,27160000,937.83,tonne,617.449,MA
CBAM-23040332,25232900,432.282,tonne,544.64,CN
CBAM-74663928,72083900,836.863,tonne,4013.684,IN
CBAM-88533765,76011000,802.587,tonne,1121.386,TR
CBAM-55490220,28070010,19.178,tonne,4862.875,UA
CBAM-23272265,31021000,349.673,tonne,2264.436,MA
CBAM-73200166,27160000,753.445,tonne,4226.522,CN
CBAM-21865470,25232900,821.909,tonne,4138.571,IN
CBAM-80300281,72083900,75.11,tonne,4486.068,TR
CBAM-15331491,76011000,246.251,tonne,4038.418,UA
CBAM-06509973,28070010,725.792,tonne,1734.423,MA
CBAM-50377546,31021000,8.081,tonne,209.419,CN
CBAM-19282760,27160000,763.901,tonne,2439.818,IN
CBAM-04523315,25232900,583.106,tonne,3266.747,TR
CBAM-20484642,72083900,214.605,tonne,4707.984,UA
CBAM-12691900,76011000,403.535,tonne,1625.093,MA
CBAM-23448630,28070010,220.44,tonne,1446.909,CN
CBAM-59303717,31021000,170.762,tonne,4323.583,IN
CBAM-04710314,27160000,104.906,tonne,3580.429,TR
CBAM-83539257,25232900,691.245,tonne,1264.173,UA
CBAM-52481724,72083900,710.4,tonne,2263.143,MA
CBAM-27314909,76011000,762.696,tonne,3016.657,CN
CBAM-07477295,28070010,222.562,tonne,2176.962,IN
CBAM-02013976,31021000,867.497,tonne,1197.026,TR
CBAM-29960468,27160000,452.76,tonne,1605.357,UA
CBAM-59604486,25232900,725.899,tonne,3134.026,MA
CBAM-29066013,72083900,403.638,tonne,4764.61,CN
CBAM-44008278,76011000,713.406,tonne,3755.485,IN
CBAM-69710221,28070010,654.64,tonne,4699.375,TR
CBAM-69055531,31021000,254.864,tonne,391.47,UA
CBAM-46370175,27160000,503.752,tonne,2072.54,MA
CBAM-51040711,25232900,246.019,tonne,3802.553,CN
CBAM-21416151,72083900,6.332,tonne,676.304,IN
CBAM-05060510,76011000,279.755,tonne,1204.897,TR
CBAM-19033984,28070010,2.895,tonne,1549.825,UA
CBAM-25800624,31021000,404.382,tonne,4971.283,MA
CBAM-71977768,27160000,335.943,tonne,2359.732,CN
CBAM-12764710,25232900,451.975,tonne,1370.942,IN
CBAM-65478006,72083900,390.101,tonne,4965.259,TR
CBAM-57145210,76011000,80.275,tonne,313.35,UA
CBAM-80942026,28070010,723.405,tonne,2089.424,MA
CBAM-77260183,31021000,817.932,tonne,1167.049,CN
CBAM-39863219,27160000,96.701,tonne,3605.282,IN
CBAM-76246077,25232900,474.904,tonne,1578.195,TR
CBAM-46725339,72083900,545.522,tonne,3067.15,UA
CBAM-60223711,76011000,794.173,tonne,3352.597,MA
CBAM-44178074,28070010,834.81,tonne,4578.675,CN
CBAM-71836134,31021000,820.751,tonne,3484.664,IN
CBAM-74163451,27160000,180.502,tonne,3806.568,TR
CBAM-75464439,25232900,724.345,tonne,4359.694,UA
CBAM-67093584,72083900,637.55,tonne,2762.908,MA
CBAM-94907620,76011000,567.542,tonne,2395.958,CN
CBAM-28146969,28070010,197.825,tonne,1647.093,IN
CBAM-45893066,31021000,370.999,tonne,3695.369,TR
CBAM-63523964,27160000,523.499,tonne,3861.241,UA
CBAM-82250575,25232900,167.642,tonne,1069.667,MA
CBAM-49233577,72083900,746.453,tonne,3458.673,CN
CBAM-91400270,76011000,712.373,tonne,2748.541,IN
CBAM-80714769,28070010,836.428,tonne,4423.921,TR
CBAM-67265504,31021000,263.792,tonne,3789.586,UA
CBAM-14410584,27160000,820.141,tonne,586.831,MA
CBAM-63840436,25232900,801.464,tonne,2719.143,CN
CBAM-79069136,72083900,757.989,tonne,39.08,IN
CBAM-05504809,76011000,337.888,tonne,2569.299,TR
CBAM-27950310,28070010,419.446,tonne,546.396,UA
CBAM-30382917,31021000,744.065,tonne,4746.078,MA
CBAM-19259718,27160000,492.888,tonne,2349.259,CN
CBAM-68903741,25232900,282.645,tonne,4464.861,IN
CBAM-19733397,72083900,616.23,tonne,1768.914,TR
CBAM-26278664,76011000,352.763,tonne,1610.794,UA
CBAM-38899036,28070010,348.27,tonne,809.295,MA
CBAM-72958884,31021000,210.501,tonne,3136.884,CN
CBAM-80498354,27160000,913.969,tonne,3578.665,IN
CBAM-77570906,25232900,927.237,tonne,2016.904,TR
CBAM-72188368,72083900,163.305,tonne,168.388,UA
CBAM-33552981,76011000,640.82,tonne,292.303,MA
CBAM-78009754,28070010,441.797,tonne,2211.984,CN
CBAM-47219097,31021000,978.703,tonne,4398.803,IN
CBAM-75622988,27160000,793.71,tonne,2309.363,TR
CBAM-32697743,25232900,40.674,tonne,124.163,UA
CBAM-41643520,72083900,963.1,tonne,3898.77,MA
CBAM-88412827,76011000,751.847,tonne,1888.536,CN
CBAM-50020156,28070010,798.065,tonne,4743.672,IN
CBAM-22346869,31021000,361.607,tonne,4751.92,TR
CBAM-22922014,27160000,125.647,tonne,4715.889,UA
CBAM-60896223,25232900,1.975,tonne,2409.1,MA
CBAM-86975136,72083900,126.377,tonne,4911.541,CN
CBAM-78957349,76011000,267.556,tonne,2944.624,IN
CBAM-83374542,28070010,215.975,tonne,4952.346,TR
CBAM-98254371,31021000,85.694,tonne,4000.697,UA
CBAM-38134549,27160000,898.736,tonne,1019.536,MA
CBAM-79295462,25232900,822.282,tonne,1239.885,CN
CBAM-05782969,72083900,630.618,tonne,3842.888,IN
CBAM-60919352,76011000,381.084,tonne,1457.728,TR
CBAM-03343665,28070010,304.705,tonne,4125.539,UA
CBAM-25921331,31021000,909.712,tonne,3132.302,MA
CBAM-49542251,27160000,11.636,tonne,2210.031,CN
CBAM-76265534,25232900,456.525,tonne,4122.361,IN
CBAM-41936379,72083900,212.896,tonne,1294.488,TR
CBAM-92577027,76011000,563.516,tonne,1841.506,UA
CBAM-03582889,28070010,842.771,tonne,2279.131,MA
CBAM-11493447,31021000,699.049,tonne,1344.343,CN
CBAM-00609281,27160000,688.465,tonne,4090.618,IN
CBAM-63007364,25232900,747.846,tonne,935.623,TR
CBAM-28228621,72083900,291.213,tonne,1314.874,UA
CBAM-00899971,76011000,889.186,tonne,4962.713,MA
CBAM-13660123,28070010,603.592,tonne,614.235,CN
CBAM-06353818,31021000,560.394,tonne,1433.821,IN
CBAM-68654654,27160000,204.302,tonne,2205.592,TR
CBAM-20468361,25232900,812.841,tonne,3833.657,UA
CBAM-09345753,72083900,207.135,tonne,271.241,MA
CBAM-51680560,76011000,256.365,tonne,3198.105,CN
CBAM-66065325,28070010,256.464,tonne,2660.525,IN
CBAM-66331166,31021000,28.897,tonne,2080.831,TR
CBAM-13570858,27160000,656.371,tonne,1759.999,UA
CBAM-68132724,25232900,876.814,tonne,448.583,MA
CBAM-36039204,72083900,754.833,tonne,3597.39,CN
CBAM-91600222,76011000,587.952,tonne,2016.423,IN
CBAM-47127002,28070010,56.789,tonne,1046.589,TR
CBAM-74371936,31021000,93.21,tonne,2641.045,UA
CBAM-39419469,27160000,907.65,tonne,4541.803,MA
CBAM-83731660,25232900,262.429,tonne,1885.524,CN
CBAM-71176135,72083900,628.788,tonne,1586.063,IN
CBAM-93023139,76011000,916.214,tonne,4768.663,TR
CBAM-58975218,28070010,786.617,tonne,3805.811,UA
CBAM-84174998,31021000,529.758,tonne,3790.614,MA
CBAM-13314952,27160000,432.21,tonne,1061.889,CN
CBAM-03744346,25232900,334.319,tonne,3749.037,IN
CBAM-67923010,72083900,655.895,tonne,1724.181,TR
CBAM-57849495,76011000,407.317,tonne,4913.613,UA
CBAM-97054499,28070010,481.484,tonne,3326.459,MA
CBAM-48310311,31021000,494.694,tonne,1445.247,CN
CBAM-62562060,27160000,200.364,tonne,1231.589,IN
CBAM-08029089,25232900,353.685,tonne,4216.697,TR
CBAM-62542225,72083900,714.397,tonne,3682.122,UA
CBAM-79447651,76011000,550.731,tonne,4996.361,MA
CBAM-06451908,28070010,550.697,tonne,2677.274,CN
CBAM-86558436,31021000,909.278,tonne,3301.373,IN
CBAM-71289665,27160000,149.58,tonne,1563.749,TR
CBAM-10279823,25232900,849.491,tonne,1220.539,UA
CBAM-37784529,72083900,131.924,tonne,3441.611,MA
CBAM-88648987,76011000,908.693,tonne,4774.831,CN
CBAM-09956031,28070010,531.231,tonne,538.203,IN
CBAM-27900280,31021000,315.516,tonne,369.04,TR
CBAM-97043228,27160000,174.664,tonne,906.214,UA
CBAM-41612970,25232900,723.653,tonne,1142.339,MA
CBAM-48558994,72083900,139.925,tonne,1454.367,CN
CBAM-55798953,76011000,579.104,tonne,3703.01,IN
CBAM-94279541,28070010,513.27,tonne,3275.629,TR
CBAM-02168844,31021000,827.998,tonne,2334.311,UA
CBAM-20625544,27160000,474.148,tonne,79.874,MA
CBAM-55799818,25232900,370.843,tonne,857.042,CN
CBAM-86400245,72083900,184.057,tonne,2360.389,IN
CBAM-07548432,76011000,469.923,tonne,2250.27,TR
CBAM-61307782,28070010,872.844,tonne,4703.665,UA
CBAM-07524408,31021000,992.619,tonne,2343.704,MA
CBAM-50818048,27160000,867.247,tonne,746.876,CN
CBAM-49693060,25232900,796.19,tonne,3630.448,IN
CBAM-39443921,72083900,260.208,tonne,759.28,TR
CBAM-69874615,76011000,783.953,tonne,4305.568,UA
CBAM-77069336,28070010,140.253,tonne,1219.088,MA
CBAM-41549192,31021000,859.482,tonne,1224.196,CN
CBAM-57698082,27160000,646.832,tonne,1105.823,IN
CBAM-24667177,25232900,506.685,tonne,3767.315,TR
CBAM-14516960,72083900,301.839,tonne,4211.981,UA
CBAM-86734496,76011000,801.03,tonne,1283.37,MA
CBAM-08904332,28070010,882.528,tonne,3339.789,CN
CBAM-77049634,31021000,135.852,tonne,360.517,IN
CBAM-85880653,27160000,195.311,tonne,2531.083,TR
CBAM-12338557,25232900,323.912,tonne,2407.335,UA
CBAM-95989948,72083900,986.947,tonne,3368.7,MA
CBAM-70489845,76011000,345.516,tonne,1859.136,CN
CBAM-72722119,28070010,363.516,tonne,3396.925,IN
CBAM-37204663,31021000,22.27,tonne,3438.693,TR
CBAM-28604132,27160000,829.765,tonne,429.841,UA
CBAM-96935665,25232900,413.923,tonne,4910.711,MA
CBAM-77540723,72083900,996.281,tonne,3373.021,CN
CBAM-57144663,76011000,319.531,tonne,3628.064,IN
CBAM-75486386,28070010,335.561,tonne,4708.136,TR
CBAM-48759576,31021000,647.162,tonne,483.406,UA
CBAM-06308985,27160000,675.192,tonne,1178.503,MA
CBAM-58602366,25232900,917.812,tonne,3021.699,CN
CBAM-85371154,72083900,812.628,tonne,4649.834,IN
CBAM-61575095,76011000,849.138,tonne,3135.596,TR
CBAM-66430365,28070010,916.558,tonne,3236.393,UA
CBAM-30075441,31021000,758.486,tonne,1953.54,MA
CBAM-40275833,27160000,998.718,tonne,1118.309,CN
CBAM-83507431,25232900,769.221,tonne,3953.125,IN
CBAM-11113308,72083900,320.341,tonne,3261.65,TR
CBAM-95972440,76011000,593.235,tonne,1384.779,UA
CBAM-70334348,28070010,706.753,tonne,2550.007,MA
CBAM-80674689,31021000,431.1,tonne,2811.901,CN
CBAM-36373983,27160000,515.504,tonne,2786.935,IN
CBAM-63749867,25232900,771.549,tonne,127.559,TR
CBAM-48118466,72083900,694.468,tonne,3964.752,UA
CBAM-40898450,76011000,222.549,tonne,2921.715,MA
CBAM-36414509,28070010,359.452,tonne,3494.507,CN
CBAM-33991361,31021000,980.364,tonne,2987.99,IN
CBAM-92059757,27160000,123.275,tonne,1291.05,TR
CBAM-66338390,25232900,340.29,tonne,4431.139,UA
CBAM-74060180,72083900,223.245,tonne,2160.298,MA
CBAM-20863924,76011000,825.998,tonne,312.039,CN
CBAM-28883596,28070010,199.451,tonne,2216.069,IN
CBAM-92163173,31021000,263.293,tonne,582.331,TR
CBAM-63506184,27160000,77.835,tonne,3336.806,UA
CBAM-92356865,25232900,363.547,tonne,4479.337,MA
CBAM-82813505,72083900,822.764,tonne,1375.448,CN
CBAM-08269361,76011000,290.579,tonne,3511.1,IN
CBAM-37978238,28070010,275.833,tonne,850.948,TR
CBAM-36060607,31021000,370.338,tonne,929.755,UA
CBAM-68687498,27160000,95.252,tonne,3542.904,MA
CBAM-53337130,25232900,42.787,tonne,4107.991,CN
CBAM-58543347,72083900,404.762,tonne,2980.04,IN
CBAM-29879523,76011000,349.242,tonne,3005.248,TR
CBAM-06343530,28070010,841.087,tonne,3014.265,UA
CBAM-70209824,31021000,286.55,tonne,2288.251,MA
CBAM-26891853,27160000,929.204,tonne,3435.56,CN
CBAM-17677852,25232900,743.122,tonne,4354.393,IN
CBAM-30105699,72083900,435.596,tonne,1470.55,TR
CBAM-62699290,76011000,100.417,tonne,1133.855,UA
CBAM-96015654,28070010,856.282,tonne,970.192,MA
CBAM-21702825,31021000,476.506,tonne,772.705,CN
CBAM-79012461,27160000,399.981,tonne,4669.386,IN
CBAM-57117078,25232900,392.364,tonne,4821.09,TR
CBAM-61122043,72083900,982.348,tonne,3790.197,UA
CBAM-25525175,76011000,900.245,tonne,3541.22,MA
CBAM-23072970,28070010,307.162,tonne,3774.435,CN
CBAM-08126356,31021000,361.329,tonne,562.158,IN
CBAM-88730425,27160000,888.737,tonne,413.093,TR
CBAM-03019909,25232900,382.933,tonne,3986.279,UA
CBAM-86123897,72083900,273.581,tonne,279.286,MA
CBAM-00748645,76011000,12.085,tonne,4188.591,CN
CBAM-26547954,28070010,395.33,tonne,2988.59,IN
CBAM-90918898,31021000,651.876,tonne,5009.141,TR
CBAM-64764209,27160000,292.865,tonne,3654.158,UA
CBAM-87334677,25232900,850.564,tonne,2989.431,MA
CBAM-58351221,72083900,461.695,tonne,4558.606,CN
CBAM-50153139,76011000,823.745,tonne,39.232,IN
CBAM-76648506,28070010,716.087,tonne,4629.506,TR
CBAM-38365917,31021000,590.028,tonne,1614.194,UA
CBAM-77279820,27160000,156.598,tonne,1977.281,MA
CBAM-98639377,25232900,807.202,tonne,1889.395,CN
CBAM-15002277,72083900,86.137,tonne,3582.638,IN
CBAM-46718137,76011000,238.533,tonne,621.736,TR
CBAM-95057334,28070010,532.139,tonne,167.677,UA
CBAM-89877131,31021000,863.601,tonne,716.551,MA
CBAM-57664009,27160000,983.596,tonne,4702.154,CN
CBAM-02073389,25232900,140.903,tonne,830.979,IN
CBAM-52505937,72083900,415.511,tonne,4429.341,TR
CBAM-33772587,76011000,91.894,tonne,2328.499,UA
CBAM-49436654,28070010,840.733,tonne,596.271,MA
CBAM-68667101,31021000,909.926,tonne,1797.329,CN
CBAM-28341924,27160000,593.546,tonne,4704.84,IN
CBAM-43978959,25232900,909.717,tonne,4488.399,TR
CBAM-15937130,72083900,110.579,tonne,1194.281,UA
CBAM-10690820,76011000,404.248,tonne,4609.266,MA
CBAM-99105056,28070010,930.366,tonne,4985.06,CN
CBAM-43313337,31021000,254.275,tonne,4046.519,IN
CBAM-07072982,27160000,412.569,tonne,3031.165,TR
CBAM-50746804,25232900,725.384,tonne,4060.438,UA
CBAM-44305364,72083900,213.434,tonne,4426.645,MA
CBAM-46432845,76011000,671.818,tonne,4077.779,CN
CBAM-71186683,28070010,592.493,tonne,3376.027,IN
CBAM-29509803,31021000,266.216,tonne,1436.035,TR
CBAM-04232171,27160000,72.492,tonne,4447.377,UA
CBAM-83070860,25232900,25.794,tonne,3928.349,MA
CBAM-71861145,72083900,761.503,tonne,1088.777,CN
CBAM-63242805,76011000,503.777,tonne,1196.757,IN
CBAM-88748943,28070010,876.008,tonne,1703.69,TR
CBAM-09478815,31021000,213.274,tonne,4124.256,UA
CBAM-62959605,27160000,130.68,tonne,3588.686,MA
CBAM-14218984,25232900,606.883,tonne,1701.564,CN
CBAM-95793078,72083900,5.173,tonne,1406.438,IN
CBAM-09987870,76011000,674.746,tonne,1535.934,TR
CBAM-71080332,28070010,213.258,tonne,441.452,UA
CBAM-49475265,31021000,10.616,tonne,2286.666,MA
CBAM-19001167,27160000,803.339,tonne,3312.402,CN
CBAM-28458709,25232900,190.064,tonne,4977.349,IN
CBAM-52844468,72083900,124.015,tonne,2435.929,TR
CBAM-60645656,76011000,642.483,tonne,3542.646,UA
CBAM-84559888,28070010,282.647,tonne,3680.509,MA
CBAM-33726170,31021000,766.011,tonne,3795.119,CN
CBAM-14423803,27160000,490.11,tonne,495.844,IN
CBAM-45270935,25232900,169.339,tonne,3386.358,TR
CBAM-24666000,72083900,213.167,tonne,488.391,UA
CBAM-08937960,76011000,363.989,tonne,2262.17,MA
CBAM-30613243,28070010,562.583,tonne,164.795,CN
CBAM-04724564,31021000,245.344,tonne,4187.232,IN
CBAM-94036692,27160000,517.061,tonne,2051.876,TR
CBAM-80051511,25232900,946.556,tonne,2405.212,UA
CBAM-55058491,72083900,546.714,tonne,2791.465,MA
CBAM-57079292,76011000,90.034,tonne,2611.018,CN
CBAM-24083132,28070010,199.637,tonne,3402.132,IN
CBAM-97705864,31021000,30.296,tonne,1087.59,TR
CBAM-74789534,27160000,891.171,tonne,1999.617,UA
CBAM-34730006,25232900,936.199,tonne,1757.992,MA
CBAM-34101187,72083900,131.814,tonne,780.7,CN
CBAM-72090037,76011000,647.505,tonne,187.568,IN
CBAM-00221502,28070010,967.845,tonne,3051.747,TR
CBAM-64491817,31021000,807.084,tonne,1641.854,UA
CBAM-43877521,27160000,601.958,tonne,260.809,MA
CBAM-71301138,25232900,659.398,tonne,4821.961,CN
CBAM-77643755,72083900,424.048,tonne,2697.607,IN
CBAM-95036744,76011000,317.293,tonne,3247.111,TR
CBAM-73183289,28070010,419.801,tonne,2697.243,UA
CBAM-25771108,31021000,498.973,tonne,4036.823,MA
CBAM-13243436,27160000,402.312,tonne,4642.408,CN
CBAM-88597437,25232900,581.145,tonne,191.625,IN
CBAM-81506854,72083900,52.351,tonne,4006.049,TR
CBAM-63723406,76011000,647.69,tonne,2609.047,UA
CBAM-75886954,28070010,657.784,tonne,1348.691,MA
CBAM-63777692,31021000,71.225,tonne,4194.837,CN
CBAM-72556378,27160000,345.985,tonne,3528.125,IN
CBAM-34249220,25232900,293.108,tonne,4336.083,TR
CBAM-96860826,72083900,490.422,tonne,1126.026,UA
CBAM-82599066,76011000,724.549,tonne,1602.65,MA
CBAM-63639387,28070010,105.96,tonne,3551.35,CN
CBAM-97460795,31021000,487.473,tonne,1348.601,IN
CBAM-14873157,27160000,586.912,tonne,1263.906,TR
CBAM-38375147,25232900,723.365,tonne,1217.26,UA
CBAM-27960608,72083900,18.758,tonne,887.876,MA
CBAM-98078305,76011000,199.025,tonne,2705.869,CN
CBAM-96650505,28070010,284.326,tonne,4087.148,IN
CBAM-94252381,31021000,392.542,tonne,4158.053,TR
CBAM-37657299,27160000,840.436,tonne,185.142,UA
CBAM-40657089,25232900,137.882,tonne,4300.44,MA
CBAM-35230097,72083900,275.94,tonne,3223.644,CN
CBAM-59773068,76011000,172.472,tonne,4469.026,IN
CBAM-44281268,28070010,841.259,tonne,112.071,TR
CBAM-13677542,31021000,934.612,tonne,3539.86,UA
CBAM-55917408,27160000,644.54,tonne,2122.441,MA
CBAM-55589774,25232900,75.557,tonne,1609.837,CN
CBAM-45050280,72083900,342.938,tonne,4798.608,IN
CBAM-21780626,76011000,487.025,tonne,1259.35,TR
CBAM-14959364,28070010,994.318,tonne,3198.385,UA
CBAM-06592838,31021000,45.782,tonne,1115.605,MA
CBAM-69532694,27160000,25.887,tonne,2775.74,CN
CBAM-55624607,25232900,541.71,tonne,2553.973,IN
CBAM-70303004,72083900,674.368,tonne,61.455,TR
CBAM-15068927,76011000,94.384,tonne,2542.487,UA
CBAM-90190132,28070010,984.958,tonne,3738.211,MA
CBAM-34477867,31021000,814.038,tonne,1226.393,CN
CBAM-95829991,27160000,584.805,tonne,2508.581,IN
CBAM-66465764,25232900,765.405,tonne,351.487,TR
CBAM-42556167,72083900,443.721,tonne,3953.232,UA
CBAM-52354109,76011000,796.783,tonne,387.226,MA
CBAM-33426447,28070010,847.147,tonne,135.197,CN
CBAM-32554823,31021000,602.118,tonne,3319.9,IN
CBAM-54901010,27160000,511.62,tonne,1059.959,TR
CBAM-40413183,25232900,319.945,tonne,2278.189,UA
CBAM-50185827,72083900,53.275,tonne,902.968,MA
CBAM-09185145,76011000,575.078,tonne,4624.296,CN
CBAM-61717301,28070010,626.404,tonne,4908.534,IN
CBAM-02444296,31021000,904.78,tonne,3063.133,TR
CBAM-24025270,27160000,453.209,tonne,2882.733,UA
CBAM-91489504,25232900,852.491,tonne,1436.528,MA
CBAM-21445210,72083900,972.025,tonne,1484.898,CN
CBAM-93741779,76011000,993.326,tonne,2791.788,IN
CBAM-55557359,28070010,89.871,tonne,3571.445,TR
CBAM-10115183,31021000,681.847,tonne,1682.718,UA
CBAM-24046428,27160000,31.614,tonne,2364.115,MA
CBAM-85864804,25232900,625.597,tonne,1891.433,CN
CBAM-18572141,72083900,61.187,tonne,4965.665,IN
CBAM-84064891,76011000,657.776,tonne,3826.707,TR
CBAM-64859611,28070010,583.243,tonne,2712.571,UA
CBAM-53732850,31021000,52.351,tonne,4833.182,MA
CBAM-64237074,27160000,36.992,tonne,1813.047,CN
CBAM-00958524,25232900,933.408,tonne,3069.021,IN
CBAM-65071790,72083900,688.063,tonne,2955.545,TR
CBAM-77862764,76011000,424.339,tonne,3056.438,UA
CBAM-42633269,28070010,386.955,tonne,4797.249,MA
CBAM-84146488,31021000,320.546,tonne,124.328,CN
CBAM-94159117,27160000,169.692,tonne,656.324,IN
CBAM-95169331,25232900,182.648,tonne,4086.574,TR
CBAM-91306717,72083900,899.851,tonne,4732.85,UA
CBAM-11967317,76011000,533.481,tonne,3795.614,MA
CBAM-79193210,28070010,145.387,tonne,3434.017,CN
CBAM-27032700,31021000,881.589,tonne,1334.969,IN
CBAM-67646009,27160000,994.368,tonne,947.234,TR
CBAM-61363819,25232900,48.565,tonne,4057.2,UA
CBAM-25581948,72083900,96.496,tonne,1864.794,MA
CBAM-42658170,76011000,732.816,tonne,3155.545,CN
CBAM-53715540,28070010,73.09,tonne,2941.281,IN
CBAM-91205278,31021000,144.498,tonne,2980.268,TR
CBAM-68843759,27160000,872.364,tonne,1502.216,UA
CBAM-47099058,25232900,712.259,tonne,4407.203,MA
CBAM-70122713,72083900,435.267,tonne,885.325,CN
CBAM-55571904,76011000,445.667,tonne,119.131,IN
CBAM-67751802,28070010,535.04,tonne,3398.759,TR
CBAM-64200168,31021000,115.924,tonne,1497.053,UA
CBAM-26304377,27160000,987.626,tonne,95.532,MA
CBAM-05815917,25232900,873.318,tonne,2712.636,CN
CBAM-78418124,72083900,215.721,tonne,3418.61,IN
CBAM-00587364,76011000,537.055,tonne,1489.326,TR
CBAM-02180759,28070010,835.467,tonne,4087.457,UA
CBAM-27649809,31021000,149.135,tonne,352.969,MA
CBAM-26796804,27160000,177.244,tonne,1307.387,CN
CBAM-13910789,25232900,148.938,tonne,1786.902,IN
CBAM-23024815,72083900,427.899,tonne,1247.467,TR
CBAM-19447199,76011000,445.59,tonne,274.589,UA
CBAM-90569724,28070010,698.769,tonne,3781.197,MA
CBAM-42129191,31021000,187.83,tonne,1130.98,CN
CBAM-34491884,27160000,824.987,tonne,3672.401,IN
CBAM-13667968,25232900,230.365,tonne,3622.357,TR
CBAM-86122221,72083900,936.856,tonne,1914.761,UA
CBAM-41236717,76011000,863.325,tonne,1465.863,MA
CBAM-35795667,28070010,271.954,tonne,3109.275,CN
CBAM-50247030,31021000,659.428,tonne,2229.836,IN
CBAM-82015197,27160000,960.981,tonne,3484.165,TR
CBAM-39279797,25232900,690.561,tonne,3314.51,UA
CBAM-16056795,72083900,964.368,tonne,317.078,MA
CBAM-54995423,76011000,693.134,tonne,2144.903,CN
CBAM-58725168,28070010,236.378,tonne,40.258,IN
CBAM-01924349,31021000,797.892,tonne,2753.365,TR
CBAM-88442984,27160000,495.824,tonne,2136.463,UA
CBAM-95681135,25232900,540.824,tonne,2551.125,MA
CBAM-18786027,72083900,847.454,tonne,2649.626,CN
CBAM-65060466,76011000,215.291,tonne,40.116,IN
CBAM-66663476,28070010,207.01,tonne,3355.404,TR
CBAM-48659610,31021000,952.867,tonne,1827.931,UA
CBAM-79397321,27160000,930.346,tonne,4499.324,MA
CBAM-71107467,25232900,369.773,tonne,266.219,CN
CBAM-17544609,72083900,947.418,tonne,2091.517,IN
CBAM-33710300,76011000,909.864,tonne,280.213,TR
CBAM-78803204,28070010,572.835,tonne,4962.368,UA
CBAM-92511354,31021000,995.079,tonne,4487.112,MA
CBAM-36346989,27160000,741.632,tonne,1579.695,CN
CBAM-57454928,25232900,613.52,tonne,41.373,IN
CBAM-73824180,72083900,741.932,tonne,1924.031,TR
CBAM-76588182,76011000,149.49,tonne,341.225,UA
CBAM-92632263,28070010,260.098,tonne,3650.165,MA
CBAM-30152253,31021000,198.46,tonne,2533.503,CN
CBAM-16435867,27160000,122.571,tonne,3044.484,IN
CBAM-69955720,25232900,195.731,tonne,3038.864,TR
CBAM-44440734,72083900,478.826,tonne,1421.022,UA
CBAM-15882190,76011000,899.277,tonne,4325.546,MA
CBAM-45358752,28070010,263.302,tonne,879.175,CN
CBAM-05046152,31021000,718.071,tonne,4522.042,IN
CBAM-13808151,27160000,703.352,tonne,271.671,TR
CBAM-08991255,25232900,925.161,tonne,967.778,UA
CBAM-48948488,72083900,787.616,tonne,3116.436,MA
CBAM-49015918,76011000,372.738,tonne,1841.995,CN
CBAM-75315989,28070010,398.218,tonne,797.317,IN
CBAM-72468793,31021000,229.034,tonne,824.995,TR
CBAM-74165547,27160000,317.55,tonne,904.725,UA
CBAM-13984764,25232900,837.485,tonne,3599.242,MA
CBAM-51649762,72083900,278.532,tonne,777.665,CN
CBAM-10087921,76011000,787.262,tonne,4154.244,IN
CBAM-80535655,28070010,134.818,tonne,3350.314,TR
CBAM-37716365,31021000,980.599,tonne,487.447,UA
CBAM-40551192,27160000,986.865,tonne,4478.384,MA
CBAM-81490631,25232900,229.391,tonne,3415.106,CN
CBAM-89811923,72083900,47.162,tonne,3929.861,IN
CBAM-61484621,76011000,453.693,tonne,3062.842,TR
CBAM-96997246,28070010,153.024,tonne,2275.27,UA
CBAM-00230001,31021000,546.715,tonne,3061.311,MA
CBAM-14032553,27160000,36.185,tonne,2343.967,CN
CBAM-59195919,25232900,115.746,tonne,1979.542,IN
CBAM-21859875,72083900,188.76,tonne,2828.64,TR
CBAM-49426204,76011000,15.761,tonne,1023.664,UA
CBAM-35270214,28070010,694.483,tonne,676.176,MA
CBAM-12905718,31021000,267.138,tonne,4754.582,CN
CBAM-35050528,27160000,133.993,tonne,2783.563,IN
CBAM-38299776,25232900,830.653,tonne,4406.532,TR
CBAM-09241433,72083900,76.489,tonne,4488.285,UA
CBAM-69373374,76011000,620.883,tonne,4734.408,MA
CBAM-87586123,28070010,700.616,tonne,352.524,CN
CBAM-35044080,31021000,483.336,tonne,2754.33,IN
CBAM-01355559,27160000,213.835,tonne,1000.434,TR
CBAM-87614463,25232900,367.647,tonne,1869.66,UA
CBAM-27324025,72083900,4.537,tonne,918.796,MA
CBAM-35864218,76011000,731.567,tonne,4963.592,CN
CBAM-69212383,28070010,578.155,tonne,4153.407,IN
CBAM-14896178,31021000,842.539,tonne,4258.444,TR
CBAM-69205204,27160000,751.652,tonne,2962.741,UA
CBAM-36227725,25232900,684.743,tonne,583.707,MA
CBAM-26360910,72083900,643.55,tonne,4535.678,CN
CBAM-01654694,76011000,339.589,tonne,240.683,IN
CBAM-48086640,28070010,167.162,tonne,4039.716,TR
CBAM-81460629,31021000,932.568,tonne,2483.53,UA
CBAM-00300726,27160000,71.333,tonne,683.297,MA
CBAM-45120764,25232900,516.374,tonne,1273.536,CN
CBAM-38778581,72083900,258.612,tonne,3941.553,IN
CBAM-94570706,76011000,824.348,tonne,2574.093,TR
CBAM-79562429,28070010,87.255,tonne,1026.462,UA
CBAM-59148875,31021000,358.554,tonne,1739.416,MA
CBAM-78570337,27160000,369.162,tonne,4033.182,CN
CBAM-07898762,25232900,997.912,tonne,3872.154,IN
CBAM-78039269,72083900,790.774,tonne,3615.35,TR
CBAM-47227504,76011000,969.918,tonne,3355.9,UA
CBAM-93710388,28070010,375.025,tonne,3265.876,MA
CBAM-06680207,31021000,943.997,tonne,2844.217,CN
CBAM-51956098,27160000,633.011,tonne,1987.54,IN
CBAM-50382533,25232900,579.485,tonne,3332.991,TR
CBAM-51663574,72083900,860.15,tonne,3590.52,UA
CBAM-45049903,76011000,775.304,tonne,4902.613,MA
CBAM-82463220,28070010,57.305,tonne,3492.376,CN
CBAM-53598064,31021000,186.296,tonne,5008.69,IN
CBAM-34884660,27160000,975.486,tonne,4189.462,TR
CBAM-99653375,25232900,424.831,tonne,3458.943,UA
CBAM-22547024,72083900,876.13,tonne,404.901,MA
CBAM-30035621,76011000,388.247,tonne,1354.83,CN
CBAM-93437751,28070010,214.299,tonne,4263.303,IN
CBAM-64664384,31021000,34.536,tonne,1336.724,TR
CBAM-36914483,27160000,30.726,tonne,2691.566,UA
CBAM-83042053,25232900,925.847,tonne,3733.268,MA
CBAM-81727036,72083900,140.465,tonne,446.825,CN
CBAM-11123332,76011000,190.301,tonne,3174.689,IN
CBAM-83511833,28070010,982.631,tonne,2396.55,TR
CBAM-30212006,31021000,169.407,tonne,555.956,UA
CBAM-38946556,27160000,67.128,tonne,2084.291,MA
CBAM-29659091,25232900,153.823,tonne,2759.177,CN
CBAM-49988431,72083900,433.869,tonne,689.402,IN
CBAM-50617366,76011000,600.582,tonne,1381.522,TR
CBAM-12785618,28070010,660.443,tonne,414.408,UA
CBAM-44868784,31021000,294.362,tonne,804.602,MA
CBAM-40918772,27160000,250.559,tonne,3839.553,CN
CBAM-94520086,25232900,987.859,tonne,958.417,IN
CBAM-10593373,72083900,884.587,tonne,3412.419,TR
CBAM-28497471,76011000,819.59,tonne,266.252,UA
CBAM-74029307,28070010,272.653,tonne,4887.893,MA
CBAM-37803371,31021000,36.035,tonne,4492.466,CN
CBAM-97359086,27160000,858.692,tonne,1702.131,IN
CBAM-21447797,25232900,721.523,tonne,2953.159,TR
CBAM-24710167,72083900,674.794,tonne,2791.839,UA
CBAM-57621951,76011000,5.051,tonne,4045.45,MA
CBAM-61180383,28070010,309.484,tonne,4639.573,CN
CBAM-67297048,31021000,785.49,tonne,213,IN
CBAM-16118085,27160000,532.441,tonne,327.473,TR
CBAM-82184179,25232900,95.468,tonne,4193.941,UA
CBAM-00767684,72083900,904.226,tonne,421.308,MA
CBAM-10826113,76011000,933.642,tonne,3552.121,CN
CBAM-63319309,28070010,368.746,tonne,3841.037,IN
CBAM-04671400,31021000,402.257,tonne,1969.276,TR
CBAM-78984234,27160000,221.313,tonne,1948.57,UA
CBAM-25184207,25232900,573.092,tonne,4215.448,MA
CBAM-73950431,72083900,433.402,tonne,1931.541,CN
CBAM-44491039,76011000,966.986,tonne,936.276,IN
CBAM-24779337,28070010,118.4,tonne,4680.104,TR
CBAM-20094098,31021000,381.905,tonne,3429.092,UA
CBAM-62369153,27160000,467.027,tonne,4771.535,MA
CBAM-76481531,25232900,302.013,tonne,528.749,CN
CBAM-93992294,72083900,490.426,tonne,3082.987,IN
CBAM-08425525,76011000,101.967,tonne,3498.577,TR
CBAM-45567656,28070010,393.307,tonne,4443.615,UA
CBAM-86273740,31021000,363.272,tonne,1708.222,MA
CBAM-74865922,27160000,58.73,tonne,3607.711,CN
CBAM-47476214,25232900,1.601,tonne,1779.391,IN
CBAM-76468267,72083900,878.731,tonne,2015.272,TR
CBAM-87301806,76011000,781.752,tonne,2371.955,UA
CBAM-27848443,28070010,138.825,tonne,2801.402,MA
CBAM-87198844,31021000,32.166,tonne,3734.341,CN
CBAM-52748907,27160000,544.319,tonne,2516.648,IN
CBAM-56033382,25232900,563.856,tonne,1442.407,TR
CBAM-48598793,72083900,456.961,tonne,2573.392,UA
CBAM-84268440,76011000,572.131,tonne,1580.524,MA
CBAM-40075427,28070010,657.267,tonne,700.453,CN
CBAM-25713510,31021000,658.605,tonne,4048.286,IN
CBAM-39290433,27160000,746.537,tonne,4559.48,TR
CBAM-64178082,25232900,35.206,tonne,3545.003,UA
CBAM-99868475,72083900,13.413,tonne,1672.877,MA
CBAM-18301538,76011000,337.706,tonne,3762.017,CN
CBAM-24193501,28070010,755.235,tonne,476.429,IN
CBAM-57145597,31021000,673.242,tonne,1065.344,TR
CBAM-27696995,27160000,211.281,tonne,1814.746,UA
CBAM-16576420,25232900,101.448,tonne,4638.143,MA
CBAM-64310622,72083900,422.126,tonne,3449.983,CN
CBAM-29945693,76011000,595.383,tonne,784.211,IN
CBAM-12573633,28070010,217.366,tonne,3275.959,TR
CBAM-59007151,31021000,528.489,tonne,2506.825,UA
CBAM-47312442,27160000,833.905,tonne,3575.341,MA
CBAM-19376999,25232900,903.473,tonne,1742.544,CN
CBAM-38975550,72083900,998.735,tonne,4020.791,IN
CBAM-85633815,76011000,945.064,tonne,3873.28,TR
CBAM-98468823,28070010,530.195,tonne,901.685,UA
CBAM-53410830,31021000,894.621,tonne,1076.052,MA
CBAM-53000343,27160000,768.925,tonne,4976.873,CN
CBAM-31403946,25232900,434.972,tonne,2042.81,IN
CBAM-34760551,72083900,920.479,tonne,1935.04,TR
CBAM-66530175,76011000,863.669,tonne,1905.286,UA
CBAM-55058586,28070010,232.988,tonne,874.058,MA
CBAM-08754470,31021000,415.752,tonne,963.576,CN
CBAM-63213810,27160000,408.639,tonne,34.69,IN
CBAM-21883340,25232900,10.527,tonne,4637.745,TR
CBAM-41239166,72083900,210.838,tonne,1734.018,UA
CBAM-57833754,76011000,740.091,tonne,1794.735,MA
CBAM-52815362,28070010,715.465,tonne,3789.977,CN
CBAM-81177510,31021000,65.939,tonne,1628.341,IN
CBAM-41427963,27160000,304.947,tonne,177.246,TR
CBAM-97057156,25232900,517.923,tonne,4405.966,UA
CBAM-15579247,72083900,902.033,tonne,1504.188,MA
CBAM-22573829,76011000,530.075,tonne,2606.821,CN
CBAM-75448733,28070010,446.643,tonne,2133.457,IN
CBAM-97606817,31021000,911.153,tonne,4857.363,TR
CBAM-91039582,27160000,983.066,tonne,267.172,UA
CBAM-96982631,25232900,419.601,tonne,1684.061,MA
CBAM-58189019,72083900,707.091,tonne,3301.942,CN
CBAM-42188336,76011000,885.737,tonne,1250.929,IN
CBAM-45248606,28070010,57.24,tonne,3102.084,TR
CBAM-27195302,31021000,852.393,tonne,2657.319,UA
CBAM-28731052,27160000,124.469,tonne,1952.644,MA
CBAM-91850444,25232900,810.855,tonne,768.405,CN
CBAM-22185379,72083900,313.918,tonne,3962.721,IN
CBAM-84885250,76011000,944.405,tonne,2949.729,TR
CBAM-24637138,28070010,515.214,tonne,2341.191,UA
CBAM-89865619,31021000,724.242,tonne,2988.76,MA
CBAM-50507962,27160000,847.925,tonne,720.958,CN
CBAM-36661451,25232900,184.222,tonne,1041.51,IN
CBAM-57997038,72083900,616.937,tonne,141.334,TR
CBAM-78547217,76011000,494.844,tonne,4135.045,UA
CBAM-31500855,28070010,204.716,tonne,1965.087,MA
CBAM-46727761,31021000,329.586,tonne,4166.74,CN
CBAM-86556018,27160000,177.845,tonne,2380.484,IN
CBAM-81946350,25232900,793.94,tonne,1334.443,TR
CBAM-38286693,72083900,134.511,tonne,4381.143,UA
CBAM-71432864,76011000,386.839,tonne,1638.094,MA
CBAM-26202136,28070010,924.774,tonne,4285.27,CN
CBAM-28035390,31021000,194.555,tonne,4134.364,IN
CBAM-26104672,27160000,185.698,tonne,1912.185,TR
CBAM-43771886,25232900,530.255,tonne,797.827,UA
CBAM-20555145,72083900,921.847,tonne,600.115,MA
CBAM-27301984,76011000,104.786,tonne,2287.925,CN
CBAM-94008348,28070010,901.42,tonne,3283.606,IN
CBAM-15730565,31021000,711.799,tonne,2054.309,TR
CBAM-52782437,27160000,924.104,tonne,4525.593,UA
CBAM-88671716,25232900,216.298,tonne,487.591,MA
CBAM-32097384,72083900,212.839,tonne,1536.017,CN
CBAM-26915553,76011000,317.591,tonne,1489.387,IN
CBAM-52349053,28070010,86.926,tonne,1000.642,TR
CBAM-71893829,31021000,942.361,tonne,2318.81,UA
CBAM-40669394,27160000,955.625,tonne,833.723,MA
CBAM-68321972,25232900,83.258,tonne,1184.587,CN
CBAM-18016935,72083900,175.783,tonne,887.832,IN
CBAM-25046980,76011000,664.755,tonne,4981.746,TR
CBAM-58371429,28070010,872.488,tonne,76.834,UA
CBAM-42128349,31021000,987.934,tonne,2232.016,MA
CBAM-36438479,27160000,166.085,tonne,1033.326,CN
CBAM-11051472,25232900,357.662,tonne,490.294,IN
CBAM-62781454,72083900,11.64,tonne,2685.804,TR
CBAM-08297561,76011000,922.874,tonne,1717.421,UA
CBAM-60063276,28070010,249.182,tonne,3613.69,MA
CBAM-53126240,31021000,162.131,tonne,499.222,CN
CBAM-29847354,27160000,929.023,tonne,777.467,IN
CBAM-44082917,25232900,442.941,tonne,1207.903,TR
CBAM-51648051,72083900,564.406,tonne,4047.367,UA
CBAM-67037406,76011000,863.687,tonne,798.595,MA
CBAM-01752945,28070010,998.673,tonne,2146.685,CN
CBAM-45507941,31021000,116.011,tonne,3281.162,IN
CBAM-01881032,27160000,466.805,tonne,1064.403,TR
CBAM-53654954,25232900,519.618,tonne,674.696,UA
CBAM-92714364,72083900,463.825,tonne,2568.347,MA
CBAM-45030230,76011000,698.173,tonne,3991.043,CN
CBAM-96429475,28070010,171.736,tonne,4323.876,IN
CBAM-15007370,31021000,580.954,tonne,4647.151,TR
CBAM-57906112,27160000,740.558,tonne,2040.541,UA
CBAM-36371132,25232900,290.653,tonne,2497.087,MA
CBAM-38517877,72083900,76.354,tonne,4738.156,CN
CBAM-97178803,76011000,633.684,tonne,3634.046,IN
CBAM-64061630,28070010,377.755,tonne,4760.665,TR
CBAM-23520601,31021000,331.206,tonne,2241.855,UA
CBAM-94348218,27160000,885.417,tonne,851.964,MA
CBAM-87431237,25232900,628.474,tonne,4245.948,CN
CBAM-42586789,72083900,570.822,tonne,4405.231,IN
CBAM-25344672,76011000,498.962,tonne,2144.015,TR
CBAM-83294571,28070010,373.508,tonne,261.734,UA
CBAM-85666088,31021000,774.415,tonne,2268.895,MA
CBAM-90746662,27160000,48.213,tonne,633.129,CN
CBAM-52254848,25232900,953.971,tonne,4279.967,IN
CBAM-61514454,72083900,675.667,tonne,4825.963,TR
CBAM-21963423,76011000,477.085,tonne,4624.137,UA
CBAM-98518031,28070010,779.733,tonne,2855.617,MA
CBAM-91514810,31021000,17.774,tonne,1317.981,CN
CBAM-53946052,27160000,57.619,tonne,3359.219,IN
CBAM-23077357,25232900,338.424,tonne,3228.226,TR
CBAM-57704508,72083900,930.458,tonne,2705.136,UA
CBAM-49822190,76011000,661.995,tonne,1980.956,MA
CBAM-16885834,28070010,360.002,tonne,3159.541,CN
CBAM-55724747,31021000,324.107,tonne,4340.92,IN
CBAM-49259035,27160000,558.001,tonne,859.088,TR
CBAM-18893450,25232900,112.58,tonne,1504.99,UA
CBAM-77925687,72083900,756.765,tonne,4717.628,MA
CBAM-59688932,76011000,754.784,tonne,1657.666,CN
CBAM-52730551,28070010,906.321,tonne,4852.837,IN
CBAM-85856316,31021000,442.136,tonne,1214.562,TR
CBAM-02901018,27160000,605.961,tonne,3205.438,UA
CBAM-39012199,25232900,621.837,tonne,1893.251,MA
CBAM-83685985,72083900,666.975,tonne,4615.628,CN
CBAM-93316932,76011000,578.381,tonne,3149.638,IN
CBAM-69789349,28070010,813.75,tonne,2987.548,TR
CBAM-46163486,31021000,979.105,tonne,765.042,UA
CBAM-68814107,27160000,915.546,tonne,2396.165,MA
CBAM-38623692,25232900,259.993,tonne,1733.194,CN
CBAM-78546994,72083900,664.539,tonne,2539.525,IN
CBAM-40706947,76011000,855.564,tonne,2945.319,TR
CBAM-24226077,28070010,115.141,tonne,3520.139,UA
CBAM-23573060,31021000,698.006,tonne,624.628,MA
CBAM-75863623,27160000,215.649,tonne,3408.309,CN
CBAM-98283799,25232900,47.816,tonne,3370.32,IN
CBAM-18861490,72083900,5.647,tonne,4740.351,TR
CBAM-50228153,76011000,905.923,tonne,3300.442,UA
CBAM-76421656,28070010,853.414,tonne,2334.136,MA
CBAM-45422550,31021000,367.806,tonne,239.148,CN
CBAM-98429558,27160000,435.362,tonne,4050.043,IN
CBAM-57110286,25232900,101.626,tonne,3651.702,TR
CBAM-52936685,72083900,582.689,tonne,3347.761,UA
CBAM-07465123,76011000,397.335,tonne,11.887,MA
CBAM-53477406,28070010,737.018,tonne,2632.212,CN
CBAM-77706802,31021000,626.057,tonne,3300.462,IN
CBAM-27369613,27160000,685.077,tonne,2739.383,TR
CBAM-49557148,25232900,971.837,tonne,60.706,UA
CBAM-64825229,72083900,342.014,tonne,2847.431,MA
CBAM-84592341,76011000,891.979,tonne,2528.432,CN
CBAM-66731586,28070010,985.346,tonne,2446.29,IN
CBAM-07520803,31021000,704.129,tonne,4470.196,TR
CBAM-49892214,27160000,253.138,tonne,974.533,UA
CBAM-88369203,25232900,263.998,tonne,2304.626,MA
CBAM-19492992,72083900,393.884,tonne,2675.443,CN
CBAM-04629716,76011000,776.028,tonne,444.692,IN
CBAM-40604180,28070010,277.442,tonne,2394.488,TR
CBAM-00649894,31021000,145.03,tonne,2275.963,UA
CBAM-96005861,27160000,298.856,tonne,2141.197,MA
CBAM-05436620,25232900,420.702,tonne,38.144,CN
CBAM-50133067,72083900,202.39,tonne,3368.708,IN
CBAM-69760414,76011000,649.16,tonne,3077.454,TR
CBAM-62631461,28070010,582.319,tonne,1348.534,UA
CBAM-19387220,31021000,721.627,tonne,2195.316,MA
CBAM-40798334,27160000,453.831,tonne,1287.292,CN
CBAM-89289930,25232900,940.472,tonne,2336.516,IN
CBAM-99437571,72083900,892.365,tonne,4738.85,TR
CBAM-85177226,76011000,782.295,tonne,4479.915,UA
CBAM-29720320,28070010,619.828,tonne,2778.099,MA
CBAM-32035358,31021000,659.076,tonne,4002.358,CN
CBAM-60912411,27160000,998.262,tonne,3743.057,IN
CBAM-39562222,25232900,565.552,tonne,4331.014,TR
CBAM-76160811,72083900,3.293,tonne,537.758,UA
CBAM-15993062,76011000,154.679,tonne,1482.669,MA
CBAM-79578037,28070010,682.396,tonne,4058.093,CN
CBAM-90104802,31021000,764.566,tonne,2125.245,IN
CBAM-64907430,27160000,840.54,tonne,1583.014,TR
CBAM-19966422,25232900,114.024,tonne,1156.549,UA
CBAM-90397695,72083900,520.621,tonne,4425.229,MA
CBAM-44029836,76011000,788.631,tonne,397.197,CN
CBAM-13984816,28070010,517.699,tonne,2167.629,IN
CBAM-76258869,31021000,774.618,tonne,4275.706,TR
CBAM-94715801,27160000,206.713,tonne,4055.705,UA
CBAM-95560871,25232900,193.948,tonne,3141.365,MA
CBAM-20851480,72083900,497.901,tonne,1658.431,CN
CBAM-50085795,76011000,12.307,tonne,2900.147,IN
CBAM-67636324,28070010,691.412,tonne,450.822,TR
CBAM-48873748,31021000,696.064,tonne,1842.825,UA
CBAM-10050554,27160000,387.517,tonne,4704.333,MA
CBAM-03494068,25232900,992.637,tonne,3449.207,CN
CBAM-12327215,72083900,392.13,tonne,1180.692,IN
CBAM-84103307,76011000,270.168,tonne,190.883,TR
CBAM-20273184,28070010,397.052,tonne,894.295,UA
CBAM-02841132,31021000,797.332,tonne,1983.528,MA
CBAM-20754087,27160000,323.119,tonne,822.037,CN
CBAM-99926921,25232900,984.762,tonne,2157.517,IN
CBAM-84366040,72083900,386.313,tonne,4658.815,TR
CBAM-22100872,76011000,70.09,tonne,89.253,UA
CBAM-98460667,28070010,736.023,tonne,4406.478,MA
CBAM-86606171,31021000,867.349,tonne,1854.691,CN
CBAM-99978241,27160000,638.889,tonne,2993.601,IN
CBAM-60148233,25232900,727.928,tonne,2550.518,TR
CBAM-87089427,72083900,219.554,tonne,3172.341,UA
CBAM-03836663,76011000,48.757,tonne,473.298,MA
CBAM-15554579,28070010,152.794,tonne,2303.363,CN
CBAM-16519258,31021000,392.474,tonne,2768.543,IN
CBAM-82926852,27160000,243.624,tonne,1790.189,TR
CBAM-58737525,25232900,869.322,tonne,2459.746,UA
CBAM-30932827,72083900,17.188,tonne,4083.913,MA
CBAM-60600462,76011000,87.524,tonne,2598.398,CN
CBAM-84309889,28070010,28.218,tonne,4773.893,IN
CBAM-89063096,31021000,326.874,tonne,1064.923,TR
CBAM-06169391,27160000,358.431,tonne,1596.744,UA
CBAM-47328382,25232900,728.382,tonne,1339.937,MA
CBAM-96722983,72083900,529.7,tonne,977.554,CN
CBAM-84121395,76011000,754.345,tonne,4902.104,IN
CBAM-76234327,28070010,106.404,tonne,967.8,TR
CBAM-98709401,31021000,355.54,tonne,4567.622,UA
CBAM-73668106,27160000,55.778,tonne,610.707,MA
CBAM-35049201,25232900,545.063,tonne,3546.509,CN
CBAM-02877965,72083900,360.343,tonne,652.046,IN
CBAM-61981411,76011000,547.299,tonne,2279.968,TR
CBAM-11245213,28070010,749.869,tonne,144.283,UA
CBAM-92183804,31021000,964.957,tonne,1531.335,MA
CBAM-60509655,27160000,420.118,tonne,3045.934,CN
CBAM-27425414,25232900,950.361,tonne,1699.417,IN
CBAM-28340377,72083900,611.418,tonne,4030.972,TR
CBAM-20267305,76011000,349.036,tonne,4400.395,UA
CBAM-22998050,28070010,348.834,tonne,248.75,MA
CBAM-40784402,31021000,307.166,tonne,2883.51,CN
CBAM-09716095,27160000,885.805,tonne,746.722,IN
CBAM-93740883,25232900,455.373,tonne,4767.258,TR
CBAM-58797905,72083900,211.246,tonne,2712.077,UA
CBAM-64617751,76011000,713.63,tonne,3958.97,MA
CBAM-83900028,28070010,919.688,tonne,4283.256,CN
CBAM-90209646,31021000,63.929,tonne,728.293,IN
CBAM-22970274,27160000,889.489,tonne,205.721,TR
CBAM-95187491,25232900,199.424,tonne,3676.261,UA
CBAM-49736906,72083900,201.965,tonne,1700.024,MA
CBAM-98871670,76011000,169.059,tonne,2469.764,CN
CBAM-79810751,28070010,8.598,tonne,2002.537,IN
CBAM-05547931,31021000,746.231,tonne,1344.001,TR
CBAM-84243045,27160000,629.127,tonne,2315.411,UA
CBAM-23414578,25232900,276.814,tonne,2715.294,MA
CBAM-96913705,72083900,246.738,tonne,2190.08,CN
CBAM-83956442,76011000,249.238,tonne,1151.989,IN
CBAM-65507024,28070010,568.376,tonne,2118.336,TR
CBAM-32392844,31021000,549.621,tonne,1888.479,UA
CBAM-85945131,27160000,980.681,tonne,3059.881,MA
CBAM-71685648,25232900,793.927,tonne,2503.41,CN
CBAM-65625020,72083900,310.648,tonne,751.334,IN
CBAM-53843867,76011000,38.585,tonne,2103.454,TR
CBAM-91057521,28070010,155.491,tonne,705.764,UA
CBAM-21767671,31021000,681.336,tonne,722.747,MA
CBAM-25709748,27160000,93.677,tonne,3727.704,CN
CBAM-12326900,25232900,954.382,tonne,4027.172,IN
CBAM-61006330,72083900,349.798,tonne,2763.105,TR
CBAM-74235189,76011000,607.323,tonne,151.98,UA
CBAM-36745539,28070010,132.684,tonne,2395.657,MA
CBAM-50828456,31021000,421.913,tonne,1473.824,CN
CBAM-83009793,27160000,975.6,tonne,3265.764,IN
CBAM-12592552,25232900,284.494,tonne,3712.797,TR
CBAM-50143333,72083900,259.229,tonne,3636.916,UA
CBAM-05887347,76011000,299.181,tonne,2610.179,MA
CBAM-83340524,28070010,739.622,tonne,3034.085,CN
CBAM-36691380,31021000,467.184,tonne,3478.602,IN
CBAM-72031352,27160000,643.124,tonne,4981.708,TR
CBAM-21277888,25232900,799.218,tonne,2993.313,UA
CBAM-40179238,72083900,700.71,tonne,3352.114,MA
CBAM-21310361,76011000,166.53,tonne,1171.678,CN
CBAM-90061311,28070010,890.166,tonne,2200.423,IN
CBAM-02760123,31021000,723.495,tonne,142.074,TR
CBAM-74198611,27160000,538.948,tonne,2627.099,UA
CBAM-82268613,25232900,946.702,tonne,3766.641,MA
CBAM-65105594,72083900,423.143,tonne,3546.799,CN
CBAM-46005067,76011000,50.657,tonne,2358.054,IN
CBAM-63068881,28070010,535.094,tonne,3570.08,TR
CBAM-51595957,31021000,811.866,tonne,1213.063,UA
CBAM-22471438,27160000,367.391,tonne,2329.772,MA
CBAM-11001823,25232900,70.495,tonne,3020.089,CN
CBAM-62488052,72083900,687.911,tonne,2776.722,IN
CBAM-09786961,76011000,735.573,tonne,2486.631,TR
CBAM-26146998,28070010,252.643,tonne,1743.839,UA
CBAM-89006658,31021000,497.819,tonne,2962.474,MA
CBAM-14764823,27160000,733.971,tonne,1888.483,CN
CBAM-67820783,25232900,177.175,tonne,2355.971,IN
CBAM-45612923,72083900,526.359,tonne,4570.661,TR
CBAM-24840329,76011000,390.485,tonne,3736.131,UA
CBAM-45652837,28070010,171.101,tonne,4972.62,MA
CBAM-02922177,31021000,846.152,tonne,3741.726,CN
CBAM-86060889,27160000,256.497,tonne,4841.911,IN
CBAM-65006609,25232900,382.825,tonne,4620.057,TR
CBAM-63931056,72083900,131.282,tonne,1117.945,UA
CBAM-13369823,76011000,566.191,tonne,3461.277,MA
CBAM-67058039,28070010,275.077,tonne,2687.718,CN
CBAM-14683360,31021000,705.579,tonne,2837.818,IN
CBAM-00778198,27160000,360.866,tonne,1960.528,TR
CBAM-79458386,25232900,652.979,tonne,2233.775,UA
CBAM-31460290,72083900,743.398,tonne,2912.615,MA
CBAM-87280221,76011000,774.908,tonne,4981.929,CN
CBAM-13656892,28070010,512.786,tonne,1618.274,IN
CBAM-43214537,31021000,994.488,tonne,74.117,TR
CBAM-40509462,27160000,58.372,tonne,925.538,UA
CBAM-93681698,25232900,741.625,tonne,4963.965,MA
CBAM-42179797,72083900,31.305,tonne,572.538,CN
CBAM-37950979,76011000,521.13,tonne,1370.883,IN
CBAM-61348592,28070010,60.355,tonne,3803.501,TR
CBAM-19694536,31021000,809.671,tonne,3309.819,UA
CBAM-68596503,27160000,324.148,tonne,706.85,MA
CBAM-49640305,25232900,928.189,tonne,3469.165,CN
CBAM-67302129,72083900,733.006,tonne,1244.995,IN
CBAM-96809598,76011000,537.009,tonne,1782.147,TR
CBAM-01268795,28070010,553.944,tonne,2174.996,UA
CBAM-16447444,31021000,388.163,tonne,1430.649,MA
CBAM-74531104,27160000,789.663,tonne,2364.152,CN
CBAM-75083533,25232900,736.537,tonne,392.518,IN
CBAM-19804831,72083900,366.442,tonne,2061.867,TR
CBAM-21995812,76011000,997.65,tonne,1691.751,UA
CBAM-77721167,28070010,26.876,tonne,1557.593,MA
CBAM-66071790,31021000,795.795,tonne,1804.903,CN
CBAM-17817366,27160000,446.601,tonne,180.632,IN
CBAM-35763437,25232900,3.543,tonne,1970.613,TR
CBAM-38058793,72083900,722.995,tonne,1322.901,UA
CBAM-46728543,76011000,563.852,tonne,1443.135,MA
CBAM-69509446,28070010,122.03,tonne,243.181,CN
CBAM-46671100,31021000,710.921,tonne,276.922,IN
CBAM-75857338,27160000,532.296,tonne,3891.775,TR
CBAM-71581964,25232900,608.745,tonne,3862.036,UA
CBAM-92890981,72083900,469.419,tonne,2720.686,MA
CBAM-77855427,76011000,381.158,tonne,2819.395,CN
CBAM-82138166,28070010,298.578,tonne,4584.062,IN
CBAM-78608240,31021000,507.349,tonne,4304.647,TR
CBAM-48504617,27160000,645.393,tonne,3709.743,UA
CBAM-81955013,25232900,166.854,tonne,2566.806,MA
CBAM-36799592,72083900,137.314,tonne,319.485,CN
CBAM-65876933,76011000,47.592,tonne,1575.279,IN
CBAM-81771021,28070010,644.719,tonne,3114.984,TR
CBAM-31975735,31021000,985.317,tonne,493.474,UA
CBAM-41460523,27160000,871.879,tonne,171.77,MA
CBAM-43472130,25232900,906.609,tonne,481.569,CN
CBAM-62316705,72083900,211.881,tonne,1153.57,IN
CBAM-09734219,76011000,987.995,tonne,4702.424,TR
CBAM-42216670,28070010,541.102,tonne,1926.848,UA
CBAM-30849951,31021000,960.576,tonne,4464.938,MA
CBAM-62226385,27160000,983.09,tonne,3922.118,CN
CBAM-12899308,25232900,621.602,tonne,2539.187,IN
CBAM-58687919,72083900,642.254,tonne,3137.097,TR
CBAM-79118222,76011000,855.032,tonne,4050.86,UA
CBAM-88880762,28070010,833.927,tonne,653.833,MA
CBAM-87261497,31021000,993.886,tonne,1592.615,CN
CBAM-90670925,27160000,741.684,tonne,2712.834,IN
CBAM-70920484,25232900,634.312,tonne,596.373,TR
CBAM-29560029,72083900,93.486,tonne,4573.583,UA
CBAM-25427004,76011000,660.001,tonne,1936.897,MA
CBAM-32910350,28070010,917.744,tonne,4826.119,CN
CBAM-33943462,31021000,191.273,tonne,362.62,IN
CBAM-97022447,27160000,193.953,tonne,997.356,TR
CBAM-93262500,25232900,958.284,tonne,2173.149,UA
CBAM-08462861,72083900,909.087,tonne,3810.609,MA
CBAM-74100788,76011000,446.812,tonne,3400.292,CN
CBAM-69822573,28070010,84.733,tonne,529.308,IN
CBAM-01169317,31021000,538.074,tonne,3451.226,TR
CBAM-46556258,27160000,326.954,tonne,2558.412,UA
CBAM-18520668,25232900,746.378,tonne,2180.233,MA
CBAM-24246521,72083900,90.657,tonne,686.731,CN
CBAM-52482389,76011000,121.168,tonne,4975.134,IN
CBAM-78609574,28070010,405.567,tonne,3896.788,TR
CBAM-17416014,31021000,186.632,tonne,3109.944,UA
CBAM-57866864,27160000,431.122,tonne,128.366,MA
CBAM-42875154,25232900,32.495,tonne,1765.185,CN
CBAM-59902715,72083900,904.152,tonne,3090.789,IN
CBAM-71364148,76011000,429.268,tonne,1613.343,TR
CBAM-99512784,28070010,16.476,tonne,1023.184,UA
CBAM-07507518,31021000,176.611,tonne,2485.14,MA
CBAM-20547173,27160000,495.473,tonne,4954.287,CN
CBAM-76797994,25232900,151.68,tonne,3158.944,IN
CBAM-26999205,72083900,346.092,tonne,4561.803,TR
CBAM-49731835,76011000,526.367,tonne,3646.345,UA
CBAM-84316101,28070010,172.379,tonne,3302.964,MA
CBAM-99007600,31021000,3.657,tonne,3480.931,CN
CBAM-58710139,27160000,755.247,tonne,4225.051,IN
CBAM-97116668,25232900,923.079,tonne,2936.562,TR
CBAM-37363131,72083900,506.287,tonne,936.766,UA
CBAM-08372298,76011000,865.107,tonne,1015.634,MA
CBAM-52005999,28070010,136.249,tonne,1150.565,CN
CBAM-87743315,31021000,228.485,tonne,375.914,IN
CBAM-53037497,27160000,220.36,tonne,658.897,TR
CBAM-85108725,25232900,597.379,tonne,2899.835,UA
CBAM-47015301,72083900,172.393,tonne,4009.167,MA
CBAM-26480669,76011000,273.154,tonne,1809.186,CN
CBAM-56404740,28070010,104.687,tonne,2557.735,IN
CBAM-18493229,31021000,715.298,tonne,1226.501,TR
CBAM-59680512,27160000,158.814,tonne,3372.285,UA
CBAM-94551719,25232900,990.776,tonne,77.971,MA
CBAM-34526406,72083900,810.024,tonne,4015.963,CN
CBAM-69398556,76011000,307.357,tonne,941.406,IN
CBAM-27774259,28070010,123.877,tonne,3515.67,TR
CBAM-18849781,31021000,273.382,tonne,316.201,UA
CBAM-61800683,27160000,875.395,tonne,2047.234,MA
CBAM-01568243,25232900,647.024,tonne,550.55,CN
CBAM-72562969,72083900,722.895,tonne,3088.798,IN
CBAM-88322334,76011000,724.15,tonne,3520.156,TR
CBAM-78272944,28070010,420.482,tonne,4005.217,UA
CBAM-48587358,31021000,821.112,tonne,2480.43,MA
CBAM-46848756,27160000,236.709,tonne,4121.038,CN
CBAM-23325136,25232900,172.016,tonne,3771.272,IN
CBAM-87897619,72083900,987.121,tonne,2077.375,TR
CBAM-63800729,76011000,626.163,tonne,4603.971,UA
CBAM-90108742,28070010,79.484,tonne,1533.443,MA
CBAM-59370276,31021000,261.081,tonne,964.14,CN
CBAM-70655401,27160000,782.844,tonne,3411.214,IN
CBAM-55625618,25232900,273.672,tonne,1487.162,TR
CBAM-19398024,72083900,434.144,tonne,3768.549,UA
CBAM-25039704,76011000,87.557,tonne,3409.531,MA
CBAM-95015639,28070010,629.2,tonne,1454.667,CN
CBAM-81777585,31021000,342.065,tonne,2302.983,IN
CBAM-37259337,27160000,892.007,tonne,4821.775,TR
CBAM-02374607,25232900,429.479,tonne,3222.178,UA
CBAM-75974565,72083900,381.864,tonne,4018.892,MA
CBAM-62176749,76011000,605.172,tonne,2455.424,CN
CBAM-92083482,28070010,205.525,tonne,304.678,IN
CBAM-50177851,31021000,926.963,tonne,3382.653,TR
CBAM-85557224,27160000,669.89,tonne,1206.683,UA
CBAM-65132746,25232900,203.314,tonne,3349.65,MA
CBAM-64534198,72083900,549.537,tonne,187.065,CN
CBAM-48989712,76011000,210.743,tonne,224.82,IN
CBAM-19010554,28070010,23.952,tonne,703.937,TR
CBAM-85665897,31021000,651.365,tonne,1970.412,UA
CBAM-94838661,27160000,72.985,tonne,1865.676,MA
CBAM-68491740,25232900,477.745,tonne,874.092,CN
CBAM-28827391,72083900,686.249,tonne,4028.223,IN
CBAM-48910660,76011000,629.029,tonne,3678.295,TR
CBAM-23072290,28070010,242.347,tonne,2077.862,UA
CBAM-50824090,31021000,877.587,tonne,3846.758,MA
CBAM-91032343,27160000,765.565,tonne,777.273,CN
CBAM-92690060,25232900,290.095,tonne,11.065,IN
CBAM-39903044,72083900,751.247,tonne,1887.037,TR
CBAM-80160521,76011000,582.56,tonne,1590.428,UA
CBAM-44324679,28070010,318.738,tonne,4439.847,MA
CBAM-65004678,31021000,118.026,tonne,1966.151,CN
CBAM-21928301,27160000,22.366,tonne,4911.209,IN
CBAM-82332826,25232900,83.619,tonne,3083.246,TR
CBAM-42686169,72083900,623.228,tonne,1456.11,UA
CBAM-35327528,76011000,723.078,tonne,2681.55,MA
CBAM-71079147,28070010,578.763,tonne,3245.447,CN
CBAM-23800520,31021000,983.595,tonne,1627.152,IN
CBAM-38095875,27160000,331.945,tonne,683.533,TR
CBAM-37372370,25232900,919.157,tonne,1396.993,UA
CBAM-41856450,72083900,115.758,tonne,2181.893,MA
CBAM-52769068,76011000,966.02,tonne,1807.667,CN
CBAM-04555887,28070010,189.408,tonne,1305.07,IN
CBAM-35268507,31021000,518.706,tonne,4162.924,TR
CBAM-10704974,27160000,538.611,tonne,2954.13,UA
CBAM-21301095,25232900,543.301,tonne,3400.029,MA
CBAM-32707091,72083900,239.572,tonne,448.41,CN
CBAM-05329000,76011000,971.764,tonne,1756.144,IN
CBAM-36113588,28070010,458.255,tonne,1615.091,TR
CBAM-17064199,31021000,645.432,tonne,4741.691,UA
CBAM-27324640,27160000,288.767,tonne,160.819,MA
CBAM-36217536,25232900,512.001,tonne,1854.019,CN
CBAM-76199327,72083900,937.673,tonne,4207.908,IN
CBAM-92454927,76011000,126.858,tonne,2802.836,TR
CBAM-52337999,28070010,880.049,tonne,4462.634,UA
CBAM-03578469,31021000,702.653,tonne,468.521,MA
CBAM-57872213,27160000,366.19,tonne,1113.828,CN
CBAM-67814685,25232900,289.565,tonne,935.106,IN
CBAM-07871511,72083900,573.126,tonne,898.208,TR
CBAM-32356152,76011000,758.831,tonne,694.58,UA
CBAM-39744740,28070010,471.719,tonne,3522.11,MA
CBAM-92269503,31021000,511.35,tonne,651.867,CN
CBAM-42008450,27160000,542.613,tonne,3479.799,IN
CBAM-02650446,25232900,432.096,tonne,4724.631,TR
CBAM-65996160,72083900,59.944,tonne,301.173,UA
CBAM-22488204,76011000,34.352,tonne,2064.133,MA
CBAM-27470538,28070010,87.775,tonne,1797.746,CN
CBAM-87632226,31021000,192.22,tonne,2133.44,IN
CBAM-52120520,27160000,273.295,tonne,878.72,TR
CBAM-01641711,25232900,383.947,tonne,555.802,UA
CBAM-11938917,72083900,314.191,tonne,3821.638,MA
CBAM-82073212,76011000,786.241,tonne,1056.494,CN
CBAM-24098367,28070010,771.479,tonne,270.842,IN
CBAM-11191220,31021000,566.746,tonne,998.395,TR
CBAM-70330333,27160000,97.754,tonne,2537.436,UA
CBAM-78665699,25232900,735.619,tonne,972.839,MA
CBAM-05080922,72083900,166.714,tonne,838.786,CN
CBAM-56909633,76011000,484.61,tonne,4472.508,IN
CBAM-38611679,28070010,994.203,tonne,4863.773,TR
CBAM-57648234,31021000,547.076,tonne,4860.715,UA
CBAM-05476583,27160000,328.376,tonne,4722.888,MA
CBAM-60364596,25232900,530.256,tonne,386.98,CN
CBAM-86311504,72083900,516.436,tonne,2186.988,IN
CBAM-33327686,76011000,389.657,tonne,1571.631,TR
CBAM-89865734,28070010,154.313,tonne,2192.545,UA
CBAM-99852750,31021000,351.43,tonne,4895.891,MA
CBAM-78583065,27160000,918.466,tonne,1891.535,CN
CBAM-52387694,25232900,464.963,tonne,2480.705,IN
CBAM-31165039,72083900,821.879,tonne,3928.198,TR
CBAM-11957805,76011000,303.55,tonne,2850.265,UA
CBAM-79499746,28070010,31.997,tonne,1792.652,MA
CBAM-69503474,31021000,679.044,tonne,2084.072,CN
CBAM-35499840,27160000,237.53,tonne,119.683,IN
CBAM-38057974,25232900,21.672,tonne,4589.459,TR
CBAM-66241969,72083900,781.314,tonne,198.652,UA
CBAM-63590941,76011000,89.937,tonne,1764.473,MA
CBAM-42296340,28070010,313.924,tonne,4621.479,CN
CBAM-49207123,31021000,443.564,tonne,178.782,IN
CBAM-15905313,27160000,429.835,tonne,2957.088,TR
CBAM-95881969,25232900,763.61,tonne,953.085,UA
CBAM-82897130,72083900,978.198,tonne,3699.603,MA
CBAM-68380273,76011000,944.858,tonne,4242.35,CN
CBAM-39168521,28070010,788.911,tonne,263.934,IN
CBAM-63712892,31021000,308.022,tonne,2040.25,TR
CBAM-94858854,27160000,183.206,tonne,2312.559,UA
CBAM-92366704,25232900,365.481,tonne,1600.906,MA
CBAM-86444267,72083900,92.367,tonne,3191.073,CN
CBAM-68342564,76011000,794.23,tonne,1437.408,IN
CBAM-49588213,28070010,784.059,tonne,884.667,TR
CBAM-74025932,31021000,640.067,tonne,146.827,UA
CBAM-47219204,27160000,44.44,tonne,499.98,MA
CBAM-41671977,25232900,292.874,tonne,3253.914,CN
CBAM-57848103,72083900,544.551,tonne,1832.574,IN
CBAM-16917288,76011000,697.803,tonne,2849.255,TR
CBAM-27454344,28070010,921.646,tonne,4123.421,UA
CBAM-24002917,31021000,282.081,tonne,460.687,MA
CBAM-05982535,27160000,783.378,tonne,4234.425,CN
CBAM-70118668,25232900,466.839,tonne,4919.244,IN
CBAM-32072163,72083900,949.014,tonne,2565.399,TR
CBAM-74936913,76011000,280.824,tonne,2618.688,UA
CBAM-47910843,28070010,994.237,tonne,1915.638,MA
CBAM-54662163,31021000,425.145,tonne,140.121,CN
CBAM-79348108,27160000,538.808,tonne,4748.847,IN
CBAM-72383182,25232900,540.538,tonne,4557.379,TR
CBAM-27725988,72083900,851.414,tonne,678.43,UA
CBAM-45474239,76011000,347.476,tonne,3688.277,MA
CBAM-19438760,28070010,292.78,tonne,2663.163,CN
CBAM-53983653,31021000,440.571,tonne,1212.067,IN
CBAM-19247667,27160000,412.323,tonne,4703.012,TR
CBAM-40534329,25232900,646.95,tonne,3613.638,UA
CBAM-27392972,72083900,338.464,tonne,4614.446,MA
CBAM-15960877,76011000,696.735,tonne,3965.516,CN
CBAM-04457034,28070010,587.358,tonne,1961.179,IN
CBAM-40185607,31021000,609.482,tonne,487.247,TR
CBAM-55422878,27160000,471.877,tonne,632.616,UA
CBAM-62169077,25232900,379.726,tonne,1232.265,MA
CBAM-78247066,72083900,107.993,tonne,3167.103,CN
CBAM-50588808,76011000,563.731,tonne,4474.72,IN
CBAM-78033857,28070010,594.584,tonne,1106.024,TR
CBAM-46789863,31021000,122.244,tonne,838.603,UA
CBAM-94564411,27160000,280.589,tonne,1051.331,MA
CBAM-57688911,25232900,422.518,tonne,4837.638,CN
CBAM-78325656,72083900,90.081,tonne,3315.138,IN
CBAM-07576443,76011000,565.751,tonne,4404.232,TR
CBAM-55717107,28070010,849.691,tonne,1533.288,UA
CBAM-33012343,31021000,795.97,tonne,3485.793,MA
CBAM-34019919,27160000,949.993,tonne,2119.907,CN
CBAM-94868944,25232900,255.25,tonne,1924.298,IN
CBAM-84859386,72083900,509.588,tonne,103.782,TR
CBAM-42151512,76011000,85.674,tonne,376.84,UA
CBAM-97837883,28070010,23.877,tonne,3073.923,MA
CBAM-99927732,31021000,511.829,tonne,4759.148,CN
CBAM-10680787,27160000,949.531,tonne,684.539,IN
CBAM-32022763,25232900,341.996,tonne,770.741,TR
CBAM-60675836,72083900,484.62,tonne,1526.088,UA
CBAM-70025664,76011000,281.732,tonne,4842.789,MA
CBAM-65161948,28070010,744.824,tonne,448.142,CN
CBAM-13210814,31021000,428.085,tonne,2018.484,IN
CBAM-27054677,27160000,419.709,tonne,2590.971,TR
CBAM-96809987,25232900,965.212,tonne,178.577,UA
CBAM-33501416,72083900,284.949,tonne,3275.875,MA
CBAM-98416238,76011000,654.075,tonne,197.578,CN
CBAM-07885051,28070010,230.194,tonne,4614.773,IN
CBAM-70706702,31021000,107.186,tonne,2507.364,TR
CBAM-03892303,27160000,361.101,tonne,4275.651,UA
CBAM-36629349,25232900,200.755,tonne,927.826,MA
CBAM-27356784,72083900,312.374,tonne,558.715,CN
CBAM-19710441,76011000,177.042,tonne,2716.602,IN
CBAM-33057396,28070010,260.605,tonne,1507.275,TR
CBAM-50820830,31021000,909.042,tonne,2146.053,UA
CBAM-24722722,27160000,868.057,tonne,2609.259,MA
CBAM-98269820,25232900,986.836,tonne,2385.25,CN
CBAM-59329600,72083900,411.893,tonne,4674.188,IN
CBAM-59458982,76011000,279.783,tonne,2582.63,TR
CBAM-91532880,28070010,440.517,tonne,2998.98,UA
CBAM-10938727,31021000,658.355,tonne,2564.253,MA
CBAM-96411656,27160000,572.607,tonne,641.395,CN
CBAM-29382749,25232900,571.098,tonne,2261.473,IN
CBAM-32325331,72083900,315.938,tonne,305.091,TR
CBAM-84595645,76011000,340.516,tonne,2623.387,UA
CBAM-39880987,28070010,214.51,tonne,2371.657,MA
CBAM-48706154,31021000,596.175,tonne,2165.527,CN
CBAM-66286024,27160000,59.871,tonne,2268.964,IN
CBAM-71913936,25232900,914.638,tonne,2370.853,TR
CBAM-92679638,72083900,924.007,tonne,1337.876,UA
CBAM-97879685,76011000,876.296,tonne,146.34,MA
CBAM-89181519,28070010,266.279,tonne,131.008,CN
CBAM-12916916,31021000,921.343,tonne,3736.934,IN
CBAM-70238254,27160000,130.241,tonne,2309.139,TR
CBAM-36609747,25232900,401.562,tonne,2976.641,UA
CBAM-69987860,72083900,54.068,tonne,423.303,MA
CBAM-17353187,76011000,911.129,tonne,2511.979,CN
CBAM-94023219,28070010,438.401,tonne,344.657,IN
CBAM-98995037,31021000,240.45,tonne,138.465,TR
CBAM-44578940,27160000,114.346,tonne,112.468,UA
CBAM-06476807,25232900,481.404,tonne,4452.018,MA
CBAM-06621329,72083900,394.451,tonne,3734.467,CN
CBAM-59033887,76011000,712.505,tonne,1950.623,IN
CBAM-20730713,28070010,904.528,tonne,2570.732,TR
CBAM-41859002,31021000,875.918,tonne,3938.008,UA
CBAM-02778185,27160000,801.718,tonne,1015.162,MA
CBAM-53008243,25232900,262.367,tonne,1598.033,CN
CBAM-82400417,72083900,18.368,tonne,2753.261,IN
CBAM-69690848,76011000,561.305,tonne,1998.78,TR
CBAM-13430383,28070010,760.181,tonne,4554.286,UA
CBAM-66957289,31021000,119.097,tonne,2928.572,MA
CBAM-05381247,27160000,719.8,tonne,4073.787,CN
CBAM-69994711,25232900,907.453,tonne,1006.824,IN
CBAM-76238889,72083900,244.531,tonne,4688.658,TR
CBAM-09036654,76011000,10.396,tonne,4941.284,UA
CBAM-27643179,28070010,149.034,tonne,3283.523,MA
CBAM-77614807,31021000,952.325,tonne,4010.3,CN
CBAM-11566159,27160000,42.571,tonne,2097.212,IN
CBAM-76463707,25232900,165.904,tonne,509.059,TR
CBAM-48168340,72083900,925.584,tonne,4829.116,UA
CBAM-57502245,76011000,974.069,tonne,260.947,MA
CBAM-06403280,28070010,901.821,tonne,678.505,CN
CBAM-89557908,31021000,387.457,tonne,4581.336,IN
CBAM-94736206,27160000,902.854,tonne,3218.783,TR
CBAM-87349782,25232900,723.162,tonne,2656.541,UA
CBAM-46309323,72083900,974.45,tonne,3961.741,MA
CBAM-42329571,76011000,869.875,tonne,1923.571,CN
CBAM-53358163,28070010,291.09,tonne,2048.126,IN
CBAM-13072671,31021000,947.388,tonne,4647.107,TR
CBAM-24383438,27160000,144.701,tonne,654.338,UA
CBAM-55551249,25232900,325.033,tonne,4624.901,MA
CBAM-64814499,72083900,991.526,tonne,2623.571,CN
CBAM-79507221,76011000,755.72,tonne,3016.605,IN
CBAM-93087203,28070010,832.816,tonne,3951.793,TR
CBAM-11321254,31021000,998.325,tonne,3809.796,UA
CBAM-71948446,27160000,13.716,tonne,2828.207,MA
CBAM-26415707,25232900,292.884,tonne,2781.802,CN
CBAM-00629723,72083900,560.043,tonne,1903.342,IN
CBAM-75768155,76011000,466.627,tonne,3053.013,TR
CBAM-65362236,28070010,721.65,tonne,1021.052,UA
CBAM-30542297,31021000,31.328,tonne,2522.472,MA
CBAM-85844584,27160000,436.173,tonne,54.666,CN
CBAM-81665088,25232900,684.561,tonne,3855.104,IN
CBAM-25743829,72083900,337.925,tonne,475.086,TR
CBAM-39739605,76011000,18.958,tonne,653.629,UA
CBAM-40575646,28070010,272.302,tonne,4150.639,MA
CBAM-71168284,31021000,375.901,tonne,1332.749,CN
CBAM-09033425,27160000,76.931,tonne,2653.85,IN
CBAM-99856778,25232900,796.949,tonne,285.427,TR
CBAM-20500213,72083900,149.678,tonne,4777.915,UA
CBAM-00957802,76011000,757.15,tonne,1851.012,MA
CBAM-95661710,28070010,11.08,tonne,3291.859,CN
CBAM-35186914,31021000,809.189,tonne,2810.792,IN
CBAM-21915210,27160000,198.344,tonne,1102.14,TR
CBAM-15104812,25232900,401.612,tonne,448.055,UA
CBAM-72275592,72083900,213.026,tonne,3709.291,MA
CBAM-36704260,76011000,24.175,tonne,2931.8,CN
CBAM-82724321,28070010,20.046,tonne,691.153,IN
CBAM-31028864,31021000,355.467,tonne,1104.945,TR
CBAM-61155328,27160000,897.736,tonne,3241.93,UA
CBAM-04050356,25232900,588.109,tonne,1808.001,MA
CBAM-34320726,72083900,553.138,tonne,4939.826,CN
CBAM-13150749,76011000,230.026,tonne,2334.707,IN
CBAM-61981294,28070010,750.5,tonne,1430.235,TR
CBAM-24298047,31021000,545.106,tonne,2419.402,UA
CBAM-78256062,27160000,528.287,tonne,2628.319,MA
CBAM-15499664,25232900,165.509,tonne,3003.902,CN
CBAM-48982241,72083900,994.402,tonne,2671.386,IN
CBAM-24204328,76011000,385.037,tonne,4049.884,TR
CBAM-72755130,28070010,707.302,tonne,1339.979,UA
CBAM-05857877,31021000,509.8,tonne,3339.051,MA
CBAM-45955437,27160000,365.315,tonne,2546.412,CN
CBAM-09395511,25232900,497.077,tonne,1107.924,IN
CBAM-45935414,72083900,915.084,tonne,4079.908,TR
CBAM-37001403,76011000,932.671,tonne,252.73,UA
CBAM-81253980,28070010,131.651,tonne,2116.038,MA
CBAM-49452938,31021000,387.045,tonne,3445.998,CN
CBAM-53080478,27160000,917.818,tonne,943.668,IN
CBAM-72335943,25232900,928.635,tonne,2064.725,TR
CBAM-73988704,72083900,597.874,tonne,762.233,UA
CBAM-29527723,76011000,393.962,tonne,52.91,MA
CBAM-62999397,28070010,208.197,tonne,1651.715,CN
CBAM-30379607,31021000,233.244,tonne,4113.468,IN
CBAM-29355333,27160000,443.464,tonne,4590.269,TR
CBAM-81236898,25232900,73.527,tonne,797.298,UA
CBAM-05294830,72083900,238.938,tonne,3138.65,MA
CBAM-67826876,76011000,72.743,tonne,4774.712,CN
CBAM-24363185,28070010,221.111,tonne,3797.656,IN
CBAM-68633205,31021000,629.602,tonne,1169.578,TR
CBAM-74615607,27160000,16.88,tonne,2525.072,UA
CBAM-07263110,25232900,313.95,tonne,1265.262,MA
CBAM-44138034,72083900,498.013,tonne,2077.515,CN
CBAM-84391252,76011000,32.307,tonne,2879.202,IN
CBAM-02582542,28070010,115.921,tonne,1601.805,TR
CBAM-96487377,31021000,415.2,tonne,2141.849,UA
CBAM-90140690,27160000,698.011,tonne,2881.802,MA
CBAM-86807249,25232900,186.719,tonne,3718.503,CN
CBAM-89478027,72083900,101.186,tonne,527.736,IN
CBAM-78724482,76011000,979.828,tonne,4818.115,TR
CBAM-19811747,28070010,673.783,tonne,731.537,UA
CBAM-03795741,31021000,434.079,tonne,2356.427,MA
CBAM-67973585,27160000,970.762,tonne,717.177,CN
CBAM-30557275,25232900,421.392,tonne,1074.505,IN
CBAM-33777828,72083900,973.988,tonne,2971.247,TR
CBAM-40047602,76011000,986.706,tonne,4636.485,UA
CBAM-12052195,28070010,837.844,tonne,2891.064,MA
CBAM-02511732,31021000,619.892,tonne,4677.784,CN
CBAM-20378096,27160000,956.944,tonne,4186.844,IN
CBAM-28467911,25232900,98.203,tonne,1145.307,TR
CBAM-06507007,72083900,792.717,tonne,1225.997,UA
CBAM-48627434,76011000,118.648,tonne,174.913,MA
CBAM-98455255,28070010,338.558,tonne,2272.429,CN
CBAM-67759580,31021000,700.644,tonne,1503.214,IN
CBAM-13992021,27160000,533.596,tonne,2682.279,TR
CBAM-38786655,25232900,878.069,tonne,2185.669,UA
CBAM-84017694,72083900,285.432,tonne,460.639,MA
CBAM-54595209,76011000,28.987,tonne,2969.558,CN
CBAM-17134010,28070010,622.851,tonne,2291.591,IN
CBAM-46112939,31021000,189.989,tonne,3790.047,TR
CBAM-44283724,27160000,184.128,tonne,3981.63,UA
CBAM-50459511,25232900,433.981,tonne,3166.743,MA
CBAM-46629915,72083900,944.17,tonne,1731.251,CN
CBAM-10047777,76011000,196.77,tonne,113.123,IN
CBAM-17232930,28070010,41.341,tonne,1260.437,TR
CBAM-31463176,31021000,406.297,tonne,1416.168,UA
CBAM-47871413,27160000,349.856,tonne,3685.677,MA
CBAM-57784192,25232900,886.38,tonne,507.821,CN
CBAM-82840623,72083900,293.317,tonne,4025.186,IN
CBAM-24797430,76011000,900.736,tonne,497.403,TR
CBAM-44969085,28070010,857.921,tonne,1106.346,UA
CBAM-48392123,31021000,114.004,tonne,1555.126,MA
CBAM-29325976,27160000,476.467,tonne,2800.785,CN
CBAM-99261319,25232900,278.41,tonne,1992.073,IN
CBAM-17409577,72083900,448.555,tonne,2165.657,TR
CBAM-01661251,76011000,632.401,tonne,3008.06,UA
CBAM-09268038,28070010,155.601,tonne,1572.837,MA
CBAM-43462744,31021000,716.605,tonne,68.076,CN
CBAM-67630830,27160000,401.543,tonne,3518.578,IN
CBAM-39552286,25232900,464.348,tonne,2560.59,TR
CBAM-76101107,72083900,320.293,tonne,4113.177,UA
CBAM-40722708,76011000,982.827,tonne,590.815,MA
CBAM-29881054,28070010,86.997,tonne,4348.383,CN
CBAM-67804795,31021000,830.106,tonne,451.819,IN
CBAM-30443412,27160000,640.392,tonne,4608.06,TR
CBAM-70036992,25232900,362.852,tonne,2351.622,UA
CBAM-52986744,72083900,390.27,tonne,296.368,MA
CBAM-00064063,76011000,420.9,tonne,4343.881,CN
CBAM-21401057,28070010,925.816,tonne,2872.887,IN
CBAM-81796840,31021000,318.465,tonne,2628.432,TR
CBAM-57934458,27160000,743.066,tonne,2904.219,UA
CBAM-35868244,25232900,997.587,tonne,3389.248,MA
CBAM-27344247,72083900,225.024,tonne,319.759,CN
CBAM-34981497,76011000,330.361,tonne,2378.493,IN
CBAM-61605755,28070010,534.381,tonne,4109.152,TR
CBAM-84090438,31021000,305.446,tonne,3458.186,UA
CBAM-36480788,27160000,65.321,tonne,1755.525,MA
CBAM-06024134,25232900,766.263,tonne,4099.883,CN
CBAM-24627643,72083900,598.62,tonne,271.491,IN
CBAM-39768391,76011000,149.818,tonne,1814.521,TR
CBAM-55752391,28070010,248.794,tonne,556.39,UA
CBAM-35648380,31021000,414.07,tonne,4720.152,MA
CBAM-13840187,27160000,977.163,tonne,4509.468,CN
CBAM-64862980,25232900,218.415,tonne,3517.441,IN
CBAM-99373095,72083900,995.222,tonne,2023.781,TR
CBAM-43125733,76011000,617.506,tonne,3659.97,UA
CBAM-04776095,28070010,822.877,tonne,2392.472,MA
CBAM-80782362,31021000,404.629,tonne,3999.689,CN
CBAM-44543644,27160000,723.792,tonne,3600.403,IN
CBAM-86368055,25232900,661.391,tonne,483.857,TR
CBAM-64975710,72083900,862.299,tonne,1792.832,UA
CBAM-73334712,76011000,884.92,tonne,2488.712,MA
CBAM-01149788,28070010,64.191,tonne,2042.033,CN
CBAM-04811466,31021000,785.971,tonne,3801.107,IN
CBAM-58624945,27160000,232.717,tonne,1781.314,TR
CBAM-86017213,25232900,895.642,tonne,3356.389,UA
CBAM-25308697,72083900,85.682,tonne,1313.612,MA
CBAM-75154802,76011000,842.025,tonne,3220.371,CN
CBAM-24351656,28070010,28.591,tonne,3645.978,IN
CBAM-39122249,31021000,912.607,tonne,4394.851,TR
CBAM-90102237,27160000,346.983,tonne,2802.144,UA
CBAM-09063948,25232900,606.482,tonne,3506.879,MA
CBAM-25881601,72083900,283.392,tonne,4543.442,CN
CBAM-13970438,76011000,482.701,tonne,3612.644,IN
CBAM-87563017,28070010,938.089,tonne,1041.458,TR
CBAM-85803746,31021000,685.325,tonne,2093.699,UA
CBAM-01226015,27160000,139.556,tonne,3972.91,MA
CBAM-18023770,25232900,702.522,tonne,1848.566,CN
CBAM-86894534,72083900,825.71,tonne,1084.344,IN
CBAM-05804266,76011000,725.216,tonne,2739.413,TR
CBAM-17457510,28070010,51.468,tonne,3130.95,UA
CBAM-95667631,31021000,278.85,tonne,484.148,MA
CBAM-33379178,27160000,530.112,tonne,892.245,CN
CBAM-76937843,25232900,581.472,tonne,274.829,IN
CBAM-12675574,72083900,194.961,tonne,3119.491,TR
CBAM-68060804,76011000,368.086,tonne,4849.651,UA
CBAM-89418334,28070010,595.856,tonne,4006.194,MA
CBAM-50457663,31021000,234.824,tonne,781.741,CN
CBAM-72995854,27160000,249.012,tonne,4681.253,IN
CBAM-66787096,25232900,143.546,tonne,4752.338,TR
CBAM-65491847,72083900,413.993,tonne,1274.703,UA
CBAM-89752805,76011000,54.359,tonne,2760.178,MA
CBAM-22270855,28070010,609.426,tonne,138.068,CN
CBAM-59481397,31021000,740.041,tonne,4805.775,IN
CBAM-52684603,27160000,67.804,tonne,4212.977,TR
CBAM-62945956,25232900,892.317,tonne,1715.992,UA
CBAM-66141566,72083900,14.852,tonne,1825.38,MA
CBAM-25354398,76011000,338.242,tonne,276.61,CN
CBAM-55423617,28070010,798.229,tonne,3644.04,IN
CBAM-50820214,31021000,143.675,tonne,1896.683,TR
CBAM-76637285,27160000,59.214,tonne,951.548,UA
CBAM-21989076,25232900,726.828,tonne,1631.161,MA
CBAM-12061398,72083900,87.883,tonne,4627.644,CN
CBAM-23396352,76011000,979.222,tonne,2448.146,IN
CBAM-41700402,28070010,739.593,tonne,4989.743,TR
CBAM-55617232,31021000,799.5,tonne,2241.52,UA
CBAM-51342889,27160000,251.684,tonne,2475.044,MA
CBAM-70518083,25232900,532.058,tonne,3606.42,CN
CBAM-19064516,72083900,619.051,tonne,2536.846,IN
CBAM-72792312,76011000,52.476,tonne,3747.908,TR
CBAM-40272241,28070010,196.703,tonne,1877.079,UA
CBAM-02821038,31021000,374.804,tonne,764.05,MA
CBAM-68815096,27160000,976.958,tonne,2996.053,CN
CBAM-77764678,25232900,159.47,tonne,2679.252,IN
CBAM-34980742,72083900,455.374,tonne,696.567,TR
CBAM-19310924,76011000,271.104,tonne,1494.243,UA
CBAM-42704491,28070010,749.595,tonne,2907.463,MA
CBAM-56093526,31021000,84.27,tonne,4550.539,CN
CBAM-20513302,27160000,456.077,tonne,2562.329,IN
CBAM-17792234,25232900,44.234,tonne,4431.803,TR
CBAM-04381081,72083900,350.062,tonne,760.535,UA
CBAM-69891900,76011000,613.934,tonne,1467.415,MA
CBAM-21866721,28070010,529.679,tonne,706.249,CN
CBAM-76953453,31021000,324.344,tonne,643.413,IN
CBAM-31666400,27160000,936.779,tonne,2310.731,TR
CBAM-18305391,25232900,454.99,tonne,2053.287,UA
CBAM-90292415,72083900,486.382,tonne,293.688,MA
CBAM-20594774,76011000,553.297,tonne,979.522,CN
CBAM-63280711,28070010,899.483,tonne,1883.484,IN
CBAM-56193574,31021000,977.189,tonne,1487.38,TR
CBAM-98370977,27160000,169.151,tonne,2275.874,UA
CBAM-79288416,25232900,215.394,tonne,776.214,MA
CBAM-09057518,72083900,616.251,tonne,602.806,CN
CBAM-25120685,76011000,626.088,tonne,181.509,IN
CBAM-19404559,28070010,908.92,tonne,1569.896,TR
CBAM-57283653,31021000,480.704,tonne,4431.179,UA
CBAM-70103490,27160000,372.911,tonne,4721.38,MA
CBAM-68429206,25232900,552.224,tonne,1440.82,CN
CBAM-37316504,72083900,281.602,tonne,588.361,IN
CBAM-03926963,76011000,259.471,tonne,3277.388,TR
CBAM-88963966,28070010,72.035,tonne,1439.159,UA
CBAM-64284943,31021000,537.929,tonne,873.867,MA
CBAM-95988697,27160000,956.942,tonne,1348.738,CN
CBAM-13592331,25232900,594.373,tonne,2758.448,IN
CBAM-99389761,72083900,869.893,tonne,4854.816,TR
CBAM-64226862,76011000,450.568,tonne,1807.938,UA
CBAM-94916087,28070010,646.234,tonne,2253.486,MA
CBAM-55674137,31021000,706.84,tonne,3205.1,CN
CBAM-88685311,27160000,625.837,tonne,1986.386,IN
CBAM-97815844,25232900,911.222,tonne,3766.136,TR
CBAM-02261495,72083900,858.639,tonne,4552.448,UA
CBAM-67705311,76011000,805.701,tonne,867.664,MA
CBAM-72027988,28070010,810.45,tonne,1733.746,CN
CBAM-76421789,31021000,682.779,tonne,4310.927,IN
CBAM-56432172,27160000,942.289,tonne,819.195,TR
CBAM-14756449,25232900,992.181,tonne,2375.695,UA
CBAM-25020879,72083900,434.395,tonne,3057.65,MA
CBAM-18618887,76011000,774.14,tonne,2222.919,CN
CBAM-67458725,28070010,167.348,tonne,2166.23,IN
CBAM-58093739,31021000,303.625,tonne,3417.94,TR
CBAM-82797203,27160000,743.916,tonne,3145.385,UA
CBAM-76926593,25232900,874.393,tonne,4552.693,MA
CBAM-71085770,72083900,216.485,tonne,738.476,CN
CBAM-58346592,76011000,397.253,tonne,2329.813,IN
CBAM-82223476,28070010,564.985,tonne,4863.042,TR
CBAM-89422537,31021000,130.304,tonne,2917.206,UA
CBAM-61745690,27160000,339.592,tonne,3069.437,MA
CBAM-13923920,25232900,309.981,tonne,436.183,CN
CBAM-49890828,72083900,540.542,tonne,3823.96,IN
CBAM-33928719,76011000,770.265,tonne,3586.669,TR
CBAM-66068574,28070010,271.867,tonne,4242.602,UA
CBAM-27212447,31021000,29.719,tonne,352.625,MA
CBAM-43223641,27160000,375.482,tonne,297.68,CN
CBAM-19305999,25232900,343.207,tonne,2194.62,IN
CBAM-87691431,72083900,355.436,tonne,1986.196,TR
CBAM-22679137,76011000,645.967,tonne,2724.117,UA
CBAM-53228876,28070010,792.908,tonne,4255.413,MA
CBAM-83564794,31021000,963.49,tonne,675.601,CN
CBAM-37713842,27160000,323.905,tonne,3019.841,IN
CBAM-25313879,25232900,439.589,tonne,3806.057,TR
CBAM-39859049,72083900,179.329,tonne,73.861,UA
CBAM-97657024,76011000,548.539,tonne,4230.226,MA
CBAM-19383220,28070010,429.81,tonne,3851.918,CN
CBAM-79932381,31021000,242.81,tonne,2711.119,IN
CBAM-67540625,27160000,649.381,tonne,2896.462,TR
CBAM-90155654,25232900,745.17,tonne,136.717,UA
CBAM-89797477,72083900,96.511,tonne,4299.849,MA
CBAM-12903955,76011000,695.13,tonne,1429.79,CN
CBAM-62964499,28070010,638.608,tonne,2069.676,IN
CBAM-35010274,31021000,952.6,tonne,3087.471,TR
CBAM-10764740,27160000,366.338,tonne,3643.305,UA
CBAM-58200425,25232900,989.562,tonne,4425.202,MA
CBAM-53342647,72083900,976.876,tonne,4826.813,CN
CBAM-81769417,76011000,328.977,tonne,999.143,IN
CBAM-03766876,28070010,716.022,tonne,4415.965,TR
CBAM-25079532,31021000,354.726,tonne,246.089,UA
CBAM-61717792,27160000,988.759,tonne,720.673,MA
CBAM-63361981,25232900,301.207,tonne,4579.976,CN
CBAM-25278613,72083900,404.13,tonne,2782.407,IN
CBAM-63402443,76011000,176.106,tonne,278.893,TR
CBAM-95010436,28070010,798.582,tonne,2996.741,UA
CBAM-08595077,31021000,826.356,tonne,341.43,MA
CBAM-99277652,27160000,997.291,tonne,705.59,CN
CBAM-56331914,25232900,489.303,tonne,4462.433,IN
CBAM-94116584,72083900,869.98,tonne,1782.799,TR
CBAM-65496597,76011000,854.698,tonne,3101.741,UA
CBAM-28317196,28070010,150.952,tonne,1793.747,MA
CBAM-14408577,31021000,193.46,tonne,387.39,CN
CBAM-12015087,27160000,320.211,tonne,3668.254,IN
CBAM-29430258,25232900,410.015,tonne,3538.812,TR
CBAM-35015093,72083900,589.729,tonne,3225.329,UA
CBAM-01057055,76011000,653.737,tonne,3740.94,MA
CBAM-23190765,28070010,301.013,tonne,3276.887,CN
CBAM-87778608,31021000,286.328,tonne,353.654,IN
CBAM-34335640,27160000,415.562,tonne,3370.347,TR
CBAM-00368534,25232900,880.285,tonne,1861.265,UA
CBAM-59017835,72083900,111.27,tonne,1870.511,MA
CBAM-56830969,76011000,195.499,tonne,2746.041,CN
CBAM-81091830,28070010,585.959,tonne,2389.704,IN
CBAM-38673016,31021000,782.136,tonne,4879.699,TR
CBAM-02633545,27160000,262.035,tonne,3529.975,UA
CBAM-67670176,25232900,917.029,tonne,2602.377,MA
CBAM-59704708,72083900,716.234,tonne,674.712,CN
CBAM-54284204,76011000,261.573,tonne,4085.055,IN
CBAM-00981182,28070010,154.051,tonne,2032.311,TR
CBAM-43972446,31021000,633.413,tonne,4170.453,UA
CBAM-87042831,27160000,890.609,tonne,1517.305,MA
CBAM-77656458,25232900,27.333,tonne,2614.564,CN
CBAM-32764659,72083900,501.799,tonne,1644.98,IN
CBAM-60254350,76011000,31.418,tonne,1097.24,TR
CBAM-43484508,28070010,101.075,tonne,2787.024,UA
CBAM-26856480,31021000,310.952,tonne,689.801,MA
CBAM-90553774,27160000,763.84,tonne,2873.655,CN
CBAM-95073707,25232900,294.021,tonne,842.921,IN
CBAM-53802967,72083900,626.33,tonne,3985.393,TR
CBAM-41744397,76011000,415.481,tonne,2469.462,UA
CBAM-58090075,28070010,729.311,tonne,1483.962,MA
CBAM-67545198,31021000,324.531,tonne,1862.792,CN
CBAM-39345102,27160000,955.523,tonne,3497.782,IN
CBAM-78347223,25232900,375.424,tonne,2788.975,TR
CBAM-94709922,72083900,835.514,tonne,3614.732,UA
CBAM-01763347,76011000,784.754,tonne,3583.073,MA
CBAM-37915015,28070010,151.34,tonne,871.09,CN
CBAM-44478862,31021000,294.314,tonne,3820.482,IN
CBAM-75678158,27160000,485.292,tonne,138.302,TR
CBAM-47442185,25232900,272.232,tonne,1913.15,UA
CBAM-50136540,72083900,437.874,tonne,1316.703,MA
CBAM-32996059,76011000,31.538,tonne,3388.355,CN
CBAM-74825384,28070010,334.006,tonne,3273.684,IN
CBAM-31140483,31021000,755.274,tonne,159.622,TR
CBAM-13245250,27160000,837.052,tonne,1661.894,UA
CBAM-11646256,25232900,132.232,tonne,4563.514,MA
CBAM-86082409,72083900,151.789,tonne,4702.378,CN
CBAM-39122897,76011000,35.921,tonne,4504.953,IN
CBAM-73178805,28070010,895.275,tonne,4095.239,TR
CBAM-69578895,31021000,955.723,tonne,1151.359,UA
CBAM-71858524,27160000,223.624,tonne,284.963,MA
CBAM-91422556,25232900,336.985,tonne,3627.518,CN
CBAM-33660559,72083900,172.277,tonne,4961.81,IN
CBAM-50924678,76011000,742.362,tonne,4808.656,TR
CBAM-79421615,28070010,443.411,tonne,3995.346,UA
CBAM-88254691,31021000,985.634,tonne,1630.046,MA
CBAM-52256747,27160000,33.315,tonne,3800.926,CN
CBAM-47580847,25232900,445.86,tonne,1019.315,IN
CBAM-54136139,72083900,31.712,tonne,3053.238,TR
CBAM-69980020,76011000,436.868,tonne,4269.813,UA
CBAM-77523628,28070010,444.33,tonne,2347.276,MA
CBAM-94649650,31021000,40.147,tonne,2902.114,CN
CBAM-74125859,27160000,375.023,tonne,539.246,IN
CBAM-44777790,25232900,761.18,tonne,4120.749,TR
CBAM-53973444,72083900,453.08,tonne,800.641,UA
CBAM-81529926,76011000,173.191,tonne,1619.981,MA
CBAM-27777205,28070010,165.038,tonne,2425.569,CN
CBAM-74001010,31021000,719.478,tonne,2883.95,IN
CBAM-93761327,27160000,797.902,tonne,2808.041,TR
CBAM-31608008,25232900,88.91,tonne,3727.52,UA
CBAM-94631977,72083900,979.363,tonne,2861.242,MA
CBAM-28937539,76011000,276.145,tonne,2710.006,CN
CBAM-69455663,28070010,509.487,tonne,654.177,IN
CBAM-39286844,31021000,217.365,tonne,2394.954,TR
CBAM-11454860,27160000,422.421,tonne,526.31,UA
CBAM-87931711,25232900,856.779,tonne,180.672,MA
CBAM-55238515,72083900,23.557,tonne,4711.92,CN
CBAM-29361433,76011000,925.004,tonne,1165.308,IN
CBAM-92990877,28070010,266.295,tonne,2029.185,TR
CBAM-19439673,31021000,120.58,tonne,2100.882,UA
CBAM-78809955,27160000,240.194,tonne,3604.318,MA
CBAM-95778113,25232900,353.052,tonne,907.767,CN
CBAM-50723459,72083900,581.485,tonne,2114.27,IN
CBAM-54757619,76011000,853.926,tonne,2294.431,TR
CBAM-25263530,28070010,28.734,tonne,1690.961,UA
CBAM-69239310,31021000,41.901,tonne,4347.294,MA
CBAM-90419541,27160000,656.226,tonne,2453.969,CN
CBAM-67654733,25232900,60.443,tonne,4855.12,IN
CBAM-39067753,72083900,768.822,tonne,1117.519,TR
CBAM-07016733,76011000,135.426,tonne,2118.831,UA
CBAM-67970036,28070010,713.596,tonne,3623.865,MA
CBAM-47154087,31021000,917.798,tonne,885.834,CN
CBAM-92089645,27160000,414.738,tonne,2326.939,IN
CBAM-80781233,25232900,958.547,tonne,2429.471,TR
CBAM-25379335,72083900,377.168,tonne,844.747,UA
CBAM-29146963,76011000,888.302,tonne,3875.767,MA
CBAM-88238170,28070010,763.963,tonne,2201.379,CN
CBAM-09803173,31021000,435.683,tonne,210.597,IN
CBAM-72287639,27160000,825.733,tonne,4610.273,TR
CBAM-85840244,25232900,859.309,tonne,606.8,UA
CBAM-45416328,72083900,731.254,tonne,4840.658,MA
CBAM-82805762,76011000,359.738,tonne,4020.054,CN
CBAM-34921106,28070010,315.681,tonne,2802.487,IN
CBAM-15476594,31021000,541.888,tonne,263.597,TR
CBAM-61493383,27160000,27.816,tonne,3984.95,UA
CBAM-83840231,25232900,278.413,tonne,2860.499,MA
CBAM-21064798,72083900,587.514,tonne,4036.11,CN
CBAM-02069625,76011000,293.811,tonne,1177.615,IN
CBAM-45635454,28070010,799.881,tonne,3965.495,TR
CBAM-55530155,31021000,403.768,tonne,1369.949,UA
CBAM-06624410,27160000,539.086,tonne,149.133,MA
CBAM-02881120,25232900,239.412,tonne,4365.257,CN
CBAM-35558723,72083900,799.191,tonne,3586.064,IN
CBAM-45038349,76011000,163.835,tonne,4625.652,TR
CBAM-91435161,28070010,107.953,tonne,57.934,UA
CBAM-90356567,31021000,427.439,tonne,2011.721,MA
CBAM-52559742,27160000,163.358,tonne,1237.373,CN
CBAM-70519317,25232900,623.816,tonne,2565.03,IN
CBAM-11294618,72083900,247.815,tonne,3681.941,TR
CBAM-65951291,76011000,858.554,tonne,4358.977,UA
CBAM-51744620,28070010,28.869,tonne,4006.318,MA
CBAM-12307252,31021000,728.846,tonne,4130.48,CN
CBAM-48017113,27160000,670.118,tonne,1447.107,IN
CBAM-81596304,25232900,752.346,tonne,4065.737,TR
CBAM-19988930,72083900,106.659,tonne,839.713,UA
CBAM-36139295,76011000,419.582,tonne,4015.08,MA
CBAM-04046591,28070010,643.564,tonne,1789.277,CN
CBAM-37201835,31021000,726.003,tonne,3222.873,IN
CBAM-87055864,27160000,784.242,tonne,2637.457,TR
CBAM-13611833,25232900,84.651,tonne,4135.523,UA
CBAM-65782290,72083900,639.259,tonne,3499.78,MA
CBAM-59612288,76011000,744.746,tonne,1624.796,CN
CBAM-53896572,28070010,93.307,tonne,1710.67,IN
CBAM-68810265,31021000,458.004,tonne,4719.882,TR
CBAM-93037143,27160000,817.567,tonne,4691.148,UA
CBAM-77577221,25232900,845.772,tonne,2390.987,MA
CBAM-94356932,72083900,426.626,tonne,353.064,CN
CBAM-96182325,76011000,882.405,tonne,3821.632,IN
CBAM-84141062,28070010,163.404,tonne,3932.834,TR
CBAM-10019033,31021000,7.766,tonne,2310.053,UA
CBAM-51919821,27160000,108.341,tonne,1493.279,MA
CBAM-61168648,25232900,222.357,tonne,3565.504,CN
CBAM-14512014,72083900,842.243,tonne,1448.149,IN
CBAM-12928733,76011000,218.764,tonne,619.478,TR
CBAM-60806960,28070010,998.585,tonne,4624.574,UA
CBAM-87336664,31021000,72.684,tonne,4692.976,MA
CBAM-45157869,27160000,895.961,tonne,872.109,CN
CBAM-82732229,25232900,150.246,tonne,1613.947,IN
CBAM-90821326,72083900,29.815,tonne,4350.013,TR
CBAM-84780817,76011000,691.421,tonne,675.688,UA
CBAM-70938018,28070010,429.194,tonne,3725.445,MA
CBAM-22048688,31021000,902.311,tonne,2007.712,CN
CBAM-05843992,27160000,894.68,tonne,1832.218,IN
CBAM-15482211,25232900,467.859,tonne,2205.752,TR
CBAM-98854117,72083900,897.323,tonne,901.48,UA
CBAM-81204955,76011000,492.162,tonne,1942.214,MA
CBAM-23810587,28070010,820.621,tonne,4687.257,CN
CBAM-71392215,31021000,265.704,tonne,3922.203,IN
CBAM-69557615,27160000,713.053,tonne,619.517,TR
CBAM-56788601,25232900,709.912,tonne,2939.904,UA
CBAM-47455283,72083900,198.002,tonne,1589.58,MA
CBAM-19657626,76011000,838.872,tonne,946.707,CN
CBAM-92636255,28070010,713.248,tonne,1556.028,IN
CBAM-45823927,31021000,168.758,tonne,3927.484,TR
CBAM-83980932,27160000,992.908,tonne,11.041,UA
CBAM-86476259,25232900,640.479,tonne,3556.309,MA
CBAM-72819211,72083900,695.331,tonne,3957.096,CN
CBAM-06055373,76011000,409.229,tonne,4593.872,IN
CBAM-15596035,28070010,434.314,tonne,429.875,TR
CBAM-92873276,31021000,505.58,tonne,3462.534,UA
CBAM-41040099,27160000,559.831,tonne,1828.39,MA
CBAM-97519040,25232900,517.721,tonne,2838.297,CN
CBAM-69956134,72083900,532.344,tonne,648.417,IN
CBAM-74037829,76011000,555.335,tonne,360.25,TR
CBAM-95400683,28070010,751.846,tonne,734.048,UA
CBAM-77173179,31021000,851.332,tonne,640.634,MA
CBAM-72193505,27160000,764.174,tonne,2480.291,CN
CBAM-37127925,25232900,648.257,tonne,3147.138,IN
CBAM-24751076,72083900,417.485,tonne,4867.103,TR
CBAM-08838239,76011000,513.251,tonne,473.092,UA
CBAM-27100573,28070010,592.022,tonne,3392.074,MA
CBAM-18708744,31021000,690.346,tonne,4190.537,CN
CBAM-09489098,27160000,362.96,tonne,2531.007,IN
CBAM-72733631,25232900,350.757,tonne,115.723,TR
CBAM-19592095,72083900,333.531,tonne,3311.306,UA
CBAM-09903589,76011000,217.181,tonne,3889.683,MA
CBAM-39442350,28070010,864.845,tonne,2289.44,CN
CBAM-85565436,31021000,997.078,tonne,4762.923,IN
CBAM-25853424,27160000,272.602,tonne,2414.98,TR
CBAM-71711569,25232900,464.236,tonne,1911.27,UA
CBAM-42365783,72083900,271.003,tonne,1973.437,MA
CBAM-34827911,76011000,494.056,tonne,2790.09,CN
CBAM-70641211,28070010,542.556,tonne,1443.618,IN
CBAM-31921355,31021000,463.412,tonne,1204.307,TR
CBAM-43186366,27160000,98.552,tonne,2894.71,UA
CBAM-97557971,25232900,979.253,tonne,4870.642,MA
CBAM-80423395,72083900,292.958,tonne,3184.567,CN
CBAM-51931257,76011000,574.679,tonne,1454.38,IN
CBAM-39788760,28070010,928.348,tonne,2250.472,TR
CBAM-08836686,31021000,150.534,tonne,1858.459,UA
CBAM-86128619,27160000,863.277,tonne,2440.111,MA
CBAM-33602252,25232900,414.988,tonne,3491.106,CN
CBAM-31684091,72083900,966.654,tonne,704.773,IN
CBAM-99206482,76011000,176.189,tonne,4210.388,TR
CBAM-33030225,28070010,160.012,tonne,887.953,UA
CBAM-27137743,31021000,789.218,tonne,544.552,MA
CBAM-89860820,27160000,647.895,tonne,4574.242,CN
CBAM-62233124,25232900,454.205,tonne,819.078,IN
CBAM-41522303,72083900,618.125,tonne,4717.388,TR
CBAM-68782077,76011000,201.719,tonne,4301.466,UA
CBAM-59566338,28070010,845.763,tonne,303.29,MA
CBAM-87246766,31021000,513.266,tonne,3741.742,CN
CBAM-25000693,27160000,829.406,tonne,238.296,IN
CBAM-16042585,25232900,590.442,tonne,1130.165,TR
CBAM-67436689,72083900,44.223,tonne,3693.411,UA
CBAM-66090743,76011000,360.496,tonne,3264.411,MA
CBAM-23051818,28070010,240.649,tonne,4018.206,CN
CBAM-83153563,31021000,46.118,tonne,2087.796,IN
CBAM-26971986,27160000,6.808,tonne,2578.783,TR
CBAM-83504356,25232900,923.986,tonne,2396.485,UA
CBAM-61435658,72083900,116.566,tonne,2823.206,MA
CBAM-22677381,76011000,937.318,tonne,3957.837,CN
CBAM-10890641,28070010,856.639,tonne,4442.171,IN
CBAM-56094250,31021000,13.92,tonne,1912.797,TR
CBAM-48421720,27160000,46.767,tonne,1876.679,UA
CBAM-75840278,25232900,485.848,tonne,2596.94,MA
CBAM-30553462,72083900,428.831,tonne,3844.324,CN
CBAM-24715197,76011000,931.737,tonne,3136.927,IN
CBAM-78205694,28070010,904.633,tonne,1401.658,TR
CBAM-82524544,31021000,659.324,tonne,1760.978,UA
CBAM-85402693,27160000,677.275,tonne,3453.929,MA
CBAM-35230329,25232900,610.09,tonne,4669.475,CN
CBAM-92912153,72083900,913.295,tonne,4349.408,IN
CBAM-80767166,76011000,587.598,tonne,2711.052,TR
CBAM-70192224,28070010,126.281,tonne,4319.27,UA
CBAM-77861353,31021000,664.335,tonne,281.65,MA
CBAM-25220313,27160000,931.798,tonne,4160.492,CN
CBAM-88502687,25232900,771.566,tonne,1435.041,IN
CBAM-14908268,72083900,613.418,tonne,734.874,TR
CBAM-49483106,76011000,333.211,tonne,649.902,UA
CBAM-61705743,28070010,347.808,tonne,2519.377,MA
CBAM-93326791,31021000,801.442,tonne,3838.883,CN
CBAM-26371214,27160000,877.573,tonne,2785.968,IN
CBAM-26674054,25232900,854.151,tonne,4158.559,TR
CBAM-07089285,72083900,135.855,tonne,2349.127,UA
CBAM-72174521,76011000,325.504,tonne,612.933,MA
CBAM-14414498,28070010,289.168,tonne,747.67,CN
CBAM-94965330,31021000,575.942,tonne,1027.805,IN
CBAM-68388990,27160000,199.509,tonne,3052.965,TR
CBAM-76701099,25232900,649.467,tonne,2708.103,UA
CBAM-66924401,72083900,707.323,tonne,4276.168,MA
CBAM-49328876,76011000,180.165,tonne,3523.409,CN
CBAM-13797015,28070010,78.756,tonne,495.807,IN
CBAM-55163707,31021000,439.647,tonne,3520.205,TR
CBAM-88407077,27160000,471.311,tonne,1588.044,UA
CBAM-03688891,25232900,612.74,tonne,3166.865,MA
CBAM-83186582,72083900,920.679,tonne,1720.936,CN
CBAM-77441313,76011000,1.254,tonne,4247.788,IN
CBAM-45710176,28070010,373.358,tonne,4081.338,TR
CBAM-23621170,31021000,860.377,tonne,1962.865,UA
CBAM-97590428,27160000,265.657,tonne,4726.925,MA
CBAM-72216729,25232900,482.19,tonne,3229.443,CN
CBAM-27947079,72083900,575.873,tonne,1977.558,IN
CBAM-32666592,76011000,858.487,tonne,4689.174,TR
CBAM-97379954,28070010,970.075,tonne,3465.741,UA
CBAM-25498715,31021000,840.314,tonne,4863.09,MA
CBAM-77045208,27160000,872.275,tonne,1118.328,CN
CBAM-74736455,25232900,834.224,tonne,1306.004,IN
CBAM-02105938,72083900,868.794,tonne,2840.521,TR
CBAM-40713218,76011000,41.056,tonne,2080.77,UA
CBAM-97458291,28070010,413.029,tonne,3445.607,MA
CBAM-83109985,31021000,330.81,tonne,2886.566,CN
CBAM-82605525,27160000,686.563,tonne,2077.199,IN
CBAM-70526738,25232900,962.807,tonne,280.833,TR
CBAM-00862256,72083900,398.665,tonne,2980.85,UA
CBAM-33198691,76011000,91.84,tonne,1523.899,MA
CBAM-90581392,28070010,471.059,tonne,4767.481,CN
CBAM-47254587,31021000,51.056,tonne,2787.422,IN
CBAM-37445858,27160000,771.391,tonne,2313.998,TR
CBAM-20774909,25232900,414.605,tonne,863.263,UA
CBAM-43872927,72083900,924.798,tonne,1071.55,MA
CBAM-72902402,76011000,685.158,tonne,974.123,CN
CBAM-23765836,28070010,841.538,tonne,1828.218,IN
CBAM-35436838,31021000,343.046,tonne,779.288,TR
CBAM-72876651,27160000,669.328,tonne,2778.626,UA
CBAM-04997907,25232900,378.082,tonne,3059.581,MA
CBAM-17064794,72083900,953.521,tonne,4216.562,CN
CBAM-31459650,76011000,79.105,tonne,4116.404,IN
CBAM-89870579,28070010,38.18,tonne,1474.565,TR
CBAM-77027026,31021000,287.689,tonne,1001.786,UA
CBAM-13505260,27160000,560.777,tonne,1375.477,MA
CBAM-88284915,25232900,204.44,tonne,109.816,CN
CBAM-87954574,72083900,452.043,tonne,3217.809,IN
CBAM-83382238,76011000,792.829,tonne,1861.858,TR
CBAM-28778717,28070010,664.098,tonne,2278.613,UA
CBAM-60439395,31021000,218.979,tonne,4919.931,MA
CBAM-91094954,27160000,465.446,tonne,4624.308,CN
CBAM-60230265,25232900,790.331,tonne,4228.821,IN
CBAM-86249221,72083900,961.669,tonne,125.09,TR
CBAM-69836515,76011000,772.843,tonne,747.757,UA
CBAM-98891085,28070010,417.409,tonne,1417.925,MA
CBAM-17252519,31021000,623.025,tonne,2386.569,CN
CBAM-44241025,27160000,94.177,tonne,3643.469,IN
CBAM-53033724,25232900,359.539,tonne,3188.466,TR
CBAM-56965465,72083900,198.531,tonne,3757.995,UA
CBAM-59514495,76011000,235.296,tonne,3580.375,MA
CBAM-44061490,28070010,145.866,tonne,3902.331,CN
CBAM-17495547,31021000,918.399,tonne,1759.651,IN
CBAM-39955996,27160000,225.555,tonne,863.78,TR
CBAM-12701265,25232900,757.816,tonne,3219.583,UA
CBAM-07917181,72083900,974.075,tonne,2385.252,MA
CBAM-53398222,76011000,597.083,tonne,919.871,CN
CBAM-18010543,28070010,47.795,tonne,387.549,IN
CBAM-30932534,31021000,493.808,tonne,3683.991,TR
CBAM-38338369,27160000,689.338,tonne,3562.539,UA
CBAM-70061144,25232900,14.752,tonne,2526.372,MA
CBAM-63666071,72083900,653.901,tonne,4977.707,CN
CBAM-56707974,76011000,764.163,tonne,225.63,IN
CBAM-40288755,28070010,680.514,tonne,3409.053,TR
CBAM-55743520,31021000,103.574,tonne,2719.372,UA
CBAM-69960318,27160000,281.553,tonne,217.593,MA
CBAM-09244720,25232900,139.757,tonne,4358.965,CN
CBAM-51246280,72083900,203.659,tonne,561.046,IN
CBAM-88011890,76011000,402.965,tonne,2456.269,TR
CBAM-07333579,28070010,916.988,tonne,2575.952,UA
CBAM-22162643,31021000,395.034,tonne,732.427,MA
CBAM-88823467,27160000,367.447,tonne,160.769,CN
CBAM-36372306,25232900,761.234,tonne,4425.591,IN
CBAM-33132709,72083900,75.322,tonne,3251.585,TR
CBAM-55394153,76011000,842.375,tonne,4843.553,UA
CBAM-62547749,28070010,187.452,tonne,3048.611,MA
CBAM-05084701,31021000,449.64,tonne,243.808,CN
CBAM-88745968,27160000,146.172,tonne,1638.519,IN
CBAM-78728793,25232900,579.542,tonne,3770.314,TR
CBAM-18666744,72083900,185.446,tonne,2127.891,UA
CBAM-13614799,76011000,205.884,tonne,93.23,MA
CBAM-64790348,28070010,599.363,tonne,3914.897,CN
CBAM-20591702,31021000,929.795,tonne,3872.918,IN
CBAM-53380634,27160000,161.345,tonne,3598.694,TR
CBAM-74276249,25232900,285.604,tonne,194.4,UA
CBAM-95261045,72083900,576.634,tonne,1398.259,MA
CBAM-25916374,76011000,20.318,tonne,941.495,CN
CBAM-53003874,28070010,401.214,tonne,37.78,IN
CBAM-77257622,31021000,269.898,tonne,3208.318,TR
CBAM-07257801,27160000,902.087,tonne,4794.628,UA
CBAM-47695151,25232900,182.46,tonne,3254.286,MA
CBAM-20074555,72083900,124.128,tonne,705.698,CN
CBAM-87028446,76011000,532.861,tonne,1689.577,IN
CBAM-87579388,28070010,12.978,tonne,2063.341,TR
CBAM-15750969,31021000,684.634,tonne,949.987,UA
CBAM-68441712,27160000,902.786,tonne,2493.826,MA
CBAM-53123482,25232900,133.287,tonne,434.794,CN
CBAM-71888058,72083900,151.004,tonne,4539.642,IN
CBAM-66134667,76011000,581.61,tonne,3991.925,TR
CBAM-34239592,28070010,400.241,tonne,4903.623,UA
CBAM-94146659,31021000,325.044,tonne,2299.648,MA
CBAM-23096401,27160000,29.357,tonne,510.642,CN
CBAM-18541499,25232900,722.545,tonne,295.241,IN
CBAM-09595128,72083900,912.475,tonne,522.55,TR
CBAM-49414586,76011000,847.989,tonne,286.214,UA
CBAM-01637041,28070010,387.977,tonne,2858.67,MA
CBAM-86938719,31021000,937.03,tonne,3103.461,CN
CBAM-63148248,27160000,972.963,tonne,149.672,IN
CBAM-45551125,25232900,72.96,tonne,2621.328,TR
CBAM-14727861,72083900,671.468,tonne,2485.931,UA
CBAM-04167946,76011000,667.895,tonne,2187.523,MA
CBAM-51726718,28070010,351.643,tonne,288.205,CN
CBAM-94517108,31021000,153.979,tonne,3108.84,IN
CBAM-99308301,27160000,807.492,tonne,581.596,TR
CBAM-91658700,25232900,358.88,tonne,3549.091,UA
CBAM-69659003,72083900,335.389,tonne,4772.434,MA
CBAM-43896309,76011000,970.07,tonne,4147.371,CN
CBAM-61437719,28070010,30.641,tonne,3925.489,IN
CBAM-12543850,31021000,338.156,tonne,2764.761,TR
CBAM-55142277,27160000,690.434,tonne,4189.502,UA
CBAM-28948912,25232900,469.453,tonne,1686.412,MA
CBAM-39353567,72083900,835.004,tonne,3898.966,CN
CBAM-36370789,76011000,71.97,tonne,1265.439,IN
CBAM-97683733,28070010,6.244,tonne,3907.703,TR
CBAM-92925815,31021000,772.89,tonne,4729.622,UA
CBAM-75897241,27160000,701.587,tonne,3292.599,MA
CBAM-89129224,25232900,491.323,tonne,4116.253,CN
CBAM-97041385,72083900,639.11,tonne,2472.758,IN
CBAM-85151972,76011000,996.913,tonne,4647.224,TR
CBAM-00236409,28070010,229.967,tonne,4259.447,UA
CBAM-24602907,31021000,998.803,tonne,4525.778,MA
CBAM-10770577,27160000,455.276,tonne,243.009,CN
CBAM-82148456,25232900,100.44,tonne,1134.065,IN
CBAM-27954559,72083900,168.377,tonne,3139.826,TR
CBAM-04498740,76011000,711.396,tonne,4741.79,UA
CBAM-97143415,28070010,111.301,tonne,4066.348,MA
CBAM-23899540,31021000,191.537,tonne,1389.145,CN
CBAM-28688957,27160000,23.452,tonne,2631.204,IN
CBAM-39140238,25232900,117.231,tonne,2184.341,TR
CBAM-70383724,72083900,375.739,tonne,1947.444,UA
CBAM-75170659,76011000,318.593,tonne,738.666,MA
CBAM-25784236,28070010,831.868,tonne,4183.14,CN
CBAM-88679878,31021000,406.713,tonne,2644.68,IN
CBAM-97985480,27160000,388.056,tonne,2735.031,TR
CBAM-26657920,25232900,266.844,tonne,518.411,UA
CBAM-62327100,72083900,154.652,tonne,2856.155,MA
CBAM-70575160,76011000,385.047,tonne,4875.725,CN
CBAM-91786315,28070010,708.365,tonne,118.747,IN
CBAM-33251260,31021000,564.36,tonne,3632.423,TR
CBAM-00172602,27160000,883.361,tonne,4096.609,UA
CBAM-42609920,25232900,322.075,tonne,4513.265,MA
CBAM-88006309,72083900,889.021,tonne,3739.03,CN
CBAM-16093580,76011000,702.793,tonne,762.596,IN
CBAM-16463671,28070010,263.852,tonne,4016.321,TR
CBAM-71745033,31021000,610.867,tonne,2169.196,UA
CBAM-12240561,27160000,488.478,tonne,1416.465,MA
CBAM-38258323,25232900,312.555,tonne,2656.222,CN
CBAM-10321010,72083900,658.271,tonne,4081.84,IN
CBAM-52189273,76011000,498.605,tonne,4466.929,TR
CBAM-82893929,28070010,38.745,tonne,3980.729,UA
CBAM-27972474,31021000,452.31,tonne,4702.649,MA
CBAM-33933801,27160000,194.634,tonne,837.072,CN
CBAM-94382128,25232900,117.094,tonne,3475.326,IN
CBAM-15734688,72083900,767.798,tonne,1211.878,TR
CBAM-24456933,76011000,527.747,tonne,62.519,UA
CBAM-74471675,28070010,902.361,tonne,4943.655,MA
CBAM-33856472,31021000,372.633,tonne,1203.049,CN
CBAM-51727323,27160000,163.501,tonne,3565.793,IN
CBAM-19139923,25232900,251.879,tonne,834.035,TR
CBAM-24201081,72083900,586.04,tonne,1100.576,UA
CBAM-13350703,76011000,937.152,tonne,788.833,MA
CBAM-94967360,28070010,273.69,tonne,2947.798,CN
CBAM-12243418,31021000,574.91,tonne,3103.049,IN
CBAM-48871726,27160000,845.919,tonne,462.223,TR
CBAM-61472333,25232900,909.483,tonne,4635.506,UA
CBAM-90051510,72083900,624.77,tonne,2904.582,MA
CBAM-10314247,76011000,223.607,tonne,291.303,CN
CBAM-72004330,28070010,925.522,tonne,1741.985,IN
CBAM-11429311,31021000,116.359,tonne,3731.667,TR
CBAM-77621733,27160000,484.053,tonne,2904.282,UA
CBAM-78568031,25232900,174.768,tonne,2711.509,MA
CBAM-59074090,72083900,708.711,tonne,1895.556,CN
CBAM-57002403,76011000,271.408,tonne,171.904,IN
CBAM-34817762,28070010,196.6,tonne,3425.343,TR
CBAM-19392504,31021000,891.23,tonne,1781.666,UA
CBAM-01444404,27160000,575.626,tonne,1157.406,MA
CBAM-99753427,25232900,103.361,tonne,444.135,CN
CBAM-28723162,72083900,157.795,tonne,129.053,IN
CBAM-28229630,76011000,698.39,tonne,1437.395,TR
CBAM-91856195,28070010,958.599,tonne,4057.963,UA
CBAM-47861420,31021000,700.471,tonne,4194.687,MA
CBAM-44201584,27160000,845.589,tonne,698.662,CN
CBAM-08336597,25232900,672.823,tonne,3646.758,IN
CBAM-76793855,72083900,468.319,tonne,2230.926,TR
CBAM-21796392,76011000,989.628,tonne,4451.999,UA
CBAM-66073392,28070010,811.814,tonne,711.481,MA
CBAM-24567407,31021000,649.842,tonne,157.949,CN
CBAM-93155037,27160000,897.455,tonne,4471.23,IN
CBAM-56585908,25232900,262.958,tonne,2626.491,TR
CBAM-67373868,72083900,532.427,tonne,1330.35,UA
CBAM-36727438,76011000,891.38,tonne,2369.525,MA
CBAM-89078313,28070010,793.934,tonne,4008.894,CN
CBAM-32513732,31021000,119.759,tonne,264.961,IN
CBAM-71630562,27160000,175.458,tonne,1648.887,TR
CBAM-40982216,25232900,753.216,tonne,3434.847,UA
CBAM-01059363,72083900,219.501,tonne,3873.841,MA
CBAM-18311789,76011000,551.901,tonne,1495.069,CN
CBAM-14155054,28070010,672.408,tonne,1350.726,IN
CBAM-29409555,31021000,432.323,tonne,2958.981,TR
CBAM-69702560,27160000,666.297,tonne,696.3,UA
CBAM-27439027,25232900,61.304,tonne,4756.219,MA
CBAM-73846703,72083900,68.136,tonne,970.123,CN
CBAM-51961053,76011000,289.189,tonne,1539.426,IN
CBAM-46009201,28070010,965.524,tonne,4724.962,TR
CBAM-95716761,31021000,153.055,tonne,1095.675,UA
CBAM-98787215,27160000,188.212,tonne,1551.596,MA
CBAM-19870355,25232900,809.506,tonne,4089.144,CN
CBAM-71408647,72083900,332.588,tonne,4593.114,IN
CBAM-05083340,76011000,971.464,tonne,4268.126,TR
CBAM-26973995,28070010,108.915,tonne,3686.291,UA
CBAM-61022231,31021000,803.321,tonne,2982.438,MA
CBAM-51313368,27160000,294.909,tonne,1864.857,CN
CBAM-64114682,25232900,360.172,tonne,3982.369,IN
CBAM-91333037,72083900,750.833,tonne,4133.599,TR
CBAM-09682804,76011000,424.297,tonne,1483.279,UA
CBAM-10011225,28070010,942.872,tonne,4881.999,MA
CBAM-41827470,31021000,509.797,tonne,906.717,CN
CBAM-24577387,27160000,602.659,tonne,385.282,IN
CBAM-40923189,25232900,815.288,tonne,3896.806,TR
CBAM-82455223,72083900,553.135,tonne,1746.527,UA
CBAM-03880395,76011000,675.322,tonne,2136.022,MA
CBAM-30945343,28070010,377.012,tonne,1697.872,CN
CBAM-56465456,31021000,79.947,tonne,930.121,IN
CBAM-57744297,27160000,322.095,tonne,678.434,TR
CBAM-82748232,25232900,372.183,tonne,4788.535,UA
CBAM-24643261,72083900,217.352,tonne,4965.194,MA
CBAM-85419152,76011000,447.195,tonne,4695.595,CN
CBAM-71179234,28070010,324.949,tonne,865.812,IN
CBAM-71870588,31021000,281.315,tonne,1889.223,TR
CBAM-17568206,27160000,293.653,tonne,3062.452,UA
CBAM-46645003,25232900,579.527,tonne,4412.573,MA
CBAM-77113369,72083900,652.635,tonne,4814.42,CN
CBAM-01559161,76011000,419.176,tonne,291.754,IN
CBAM-35707931,28070010,72.685,tonne,1938.789,TR
CBAM-32948111,31021000,651.307,tonne,1469.483,UA
CBAM-74553792,27160000,178.691,tonne,179.075,MA
CBAM-02138055,25232900,100.066,tonne,2023.183,CN
CBAM-46038062,72083900,771.086,tonne,1022.132,IN
CBAM-50886577,76011000,581.995,tonne,2044.915,TR
CBAM-59022739,28070010,340.758,tonne,4182.254,UA
CBAM-40406269,31021000,67.943,tonne,4917.593,MA
CBAM-64991042,27160000,461.921,tonne,2403.593,CN
CBAM-44368402,25232900,380.179,tonne,2504.566,IN
CBAM-26866199,72083900,661.782,tonne,2995.539,TR
CBAM-86345101,76011000,922.582,tonne,4198.731,UA
CBAM-77512411,28070010,389.28,tonne,4866.143,MA
CBAM-18341698,31021000,759.387,tonne,2233.342,CN
CBAM-72224249,27160000,283.093,tonne,4016.069,IN
CBAM-07386865,25232900,12.726,tonne,1051.931,TR
CBAM-84352048,72083900,321.04,tonne,171.013,UA
CBAM-36327715,76011000,14.723,tonne,1638.543,MA
CBAM-17544395,28070010,986.75,tonne,3126.826,CN
CBAM-41059577,31021000,818.317,tonne,3196.362,IN
CBAM-98617379,27160000,752.136,tonne,4529.28,TR
CBAM-54526748,25232900,699.856,tonne,976.584,UA
CBAM-66126231,72083900,572.24,tonne,73.492,MA
CBAM-26655274,76011000,178.845,tonne,4601.815,CN
CBAM-90732526,28070010,41.103,tonne,797.364,IN
CBAM-15533897,31021000,560.352,tonne,3326.814,TR
CBAM-08577075,27160000,370.673,tonne,2826.878,UA
CBAM-85962664,25232900,187.914,tonne,1718.122,MA
CBAM-78088088,72083900,406.307,tonne,3048.385,CN
CBAM-38442469,76011000,267.752,tonne,3038.859,IN
CBAM-91276750,28070010,372.43,tonne,1221.475,TR
CBAM-94579941,31021000,416.713,tonne,724.795,UA
CBAM-69914998,27160000,828.424,tonne,4003.488,MA
CBAM-98923720,25232900,997.641,tonne,4341.804,CN
CBAM-63106955,72083900,372.132,tonne,4004.733,IN
CBAM-53908423,76011000,154.482,tonne,2687.484,TR
CBAM-07687219,28070010,127.888,tonne,1077.525,UA
CBAM-15619805,31021000,158.999,tonne,1485.372,MA
CBAM-92086386,27160000,420.01,tonne,4096.49,CN
CBAM-27499320,25232900,294.959,tonne,3086.505,IN
CBAM-86391345,72083900,271.177,tonne,3968.797,TR
CBAM-07826626,76011000,632.141,tonne,2550.218,UA
CBAM-36682024,28070010,567.822,tonne,1370.801,MA
CBAM-34163885,31021000,173.752,tonne,3723.578,CN
CBAM-00772926,27160000,307.135,tonne,3850.944,IN
CBAM-50602382,25232900,701.638,tonne,21.182,TR
CBAM-12610368,72083900,454.802,tonne,3050.927,UA
CBAM-97358342,76011000,454.315,tonne,4353.453,MA
CBAM-02170632,28070010,285.526,tonne,4312.617,CN
CBAM-97947030,31021000,671.799,tonne,812.475,IN
CBAM-25032113,27160000,241.898,tonne,2945.357,TR
CBAM-12027400,25232900,132.143,tonne,2190.883,UA
CBAM-18776736,72083900,513.11,tonne,2460.637,MA
CBAM-55782558,76011000,637.654,tonne,363.082,CN
CBAM-34959263,28070010,497.516,tonne,2718.134,IN
CBAM-29155888,31021000,644.075,tonne,2481.748,TR
CBAM-70062157,27160000,304.105,tonne,4349.325,UA
CBAM-15488235,25232900,479.66,tonne,3657.358,MA
CBAM-04876967,72083900,225.706,tonne,4517.002,CN
CBAM-46704550,76011000,535.577,tonne,2341.555,IN
CBAM-91706867,28070010,237.72,tonne,4196.758,TR
CBAM-16441604,31021000,653.866,tonne,787.814,UA
CBAM-44555926,27160000,329.706,tonne,12.151,MA
CBAM-78419705,25232900,924.112,tonne,3866.756,CN
CBAM-99834180,72083900,732.985,tonne,3956.37,IN
CBAM-79044649,76011000,444.887,tonne,3016.385,TR
CBAM-89796481,28070010,216.198,tonne,2369.486,UA
CBAM-56552209,31021000,237.243,tonne,1310.596,MA
CBAM-57753895,27160000,870.043,tonne,2047.341,CN
CBAM-51414448,25232900,506.352,tonne,4918.806,IN
CBAM-98212867,72083900,795.338,tonne,1943.935,TR
CBAM-20625891,76011000,178.686,tonne,2399.133,UA
CBAM-64020004,28070010,52.813,tonne,53.828,MA
CBAM-82339529,31021000,274.581,tonne,1873.624,CN
CBAM-32801098,27160000,360.451,tonne,2393.318,IN
CBAM-50405216,25232900,635.718,tonne,351.778,TR
CBAM-75338524,72083900,391.189,tonne,2743.849,UA
CBAM-02962772,76011000,548.531,tonne,2705.061,MA
CBAM-98154100,28070010,32.917,tonne,2458.086,CN
CBAM-73797983,31021000,151.316,tonne,4853.097,IN
CBAM-13572315,27160000,768.447,tonne,926.695,TR
CBAM-71093192,25232900,156.364,tonne,4641.331,UA
CBAM-10471971,72083900,272.738,tonne,1334.335,MA
CBAM-05274315,76011000,165.736,tonne,1969.189,CN
CBAM-76910018,28070010,529.14,tonne,4228.137,IN
CBAM-89289951,31021000,121.658,tonne,4210.311,TR
CBAM-77186661,27160000,709.279,tonne,1800.359,UA
CBAM-57019788,25232900,206.757,tonne,2940.769,MA
CBAM-83993079,72083900,551.204,tonne,3512.711,CN
CBAM-40177391,76011000,426.3,tonne,3443.605,IN
CBAM-40145870,28070010,859.946,tonne,3559.859,TR
CBAM-37977984,31021000,411.477,tonne,4524.297,UA
CBAM-63440988,27160000,9.211,tonne,2243.621,MA
CBAM-20282732,25232900,276.042,tonne,4483.686,CN
CBAM-10143886,72083900,171.349,tonne,281.715,IN
CBAM-49861828,76011000,557.569,tonne,3306.018,TR
CBAM-39437243,28070010,689.786,tonne,1416.464,UA
CBAM-64017801,31021000,841.581,tonne,2525.707,MA
CBAM-49664399,27160000,163.938,tonne,4273.164,CN
CBAM-50411429,25232900,95.636,tonne,2330.097,IN
CBAM-96843555,72083900,103.916,tonne,4132.593,TR
CBAM-84110120,76011000,602.174,tonne,4143.961,UA
CBAM-92383895,28070010,110.637,tonne,3212.395,MA
CBAM-02377252,31021000,443.067,tonne,3175.272,CN
CBAM-77080927,27160000,280.8,tonne,4997.799,IN
CBAM-64517497,25232900,561.566,tonne,368.25,TR
CBAM-35225087,72083900,483.376,tonne,4249.701,UA
CBAM-51912412,76011000,217.066,tonne,4628.273,MA
CBAM-12240316,28070010,617.019,tonne,2152.214,CN
CBAM-61651573,31021000,514.984,tonne,777.273,IN
CBAM-07560324,27160000,451.49,tonne,997.411,TR
CBAM-36462957,25232900,86.076,tonne,2147.202,UA
CBAM-46420443,72083900,622.938,tonne,2024.948,MA
CBAM-88574057,76011000,699.016,tonne,855.009,CN
CBAM-56772401,28070010,419.934,tonne,4633.702,IN
CBAM-67476002,31021000,849.387,tonne,3265.81,TR
CBAM-98546962,27160000,359.504,tonne,466.229,UA
CBAM-47624551,25232900,778.828,tonne,3199.151,MA
CBAM-65339516,72083900,905.38,tonne,2204.755,CN
CBAM-90536604,76011000,767.142,tonne,4916.719,IN
CBAM-04666348,28070010,962.087,tonne,959.598,TR
CBAM-37694315,31021000,621.941,tonne,1119.29,UA
CBAM-94844770,27160000,417.077,tonne,4786.584,MA
CBAM-53206900,25232900,927.752,tonne,3614.658,CN
CBAM-88321948,72083900,147.629,tonne,3438.578,IN
CBAM-36283767,76011000,721.407,tonne,2513.291,TR
CBAM-90417053,28070010,391.817,tonne,4478.234,UA
CBAM-68556170,31021000,853.878,tonne,2426.192,MA
CBAM-66120935,27160000,277.023,tonne,2508.166,CN
CBAM-68070512,25232900,9.889,tonne,3874.115,IN
CBAM-20979530,72083900,47.343,tonne,3765.73,TR
CBAM-09168584,76011000,180.603,tonne,3676.172,UA
CBAM-12150736,28070010,44.626,tonne,3047.341,MA
CBAM-41539074,31021000,482.745,tonne,2910.283,CN
CBAM-99387004,27160000,386.917,tonne,3976.354,IN
CBAM-56113376,25232900,323.556,tonne,1304.787,TR
CBAM-06104733,72083900,392.985,tonne,3803.414,UA
CBAM-53450538,76011000,929.781,tonne,452.716,MA
CBAM-10127619,28070010,471.893,tonne,847.209,CN
CBAM-92305735,31021000,52.58,tonne,2192.376,IN
CBAM-15460822,27160000,415.248,tonne,1166.465,TR
CBAM-49106577,25232900,631.182,tonne,910.104,UA
CBAM-91657901,72083900,927.767,tonne,1527.101,MA
CBAM-95830745,76011000,598.364,tonne,2037.899,CN
CBAM-73338044,28070010,752.598,tonne,4663.256,IN
CBAM-13982754,31021000,781.052,tonne,1832.719,TR
CBAM-32969176,27160000,104.551,tonne,2699.116,UA
CBAM-52077044,25232900,800.545,tonne,1129.79,MA
CBAM-16158629,72083900,390.16,tonne,4779.262,CN
CBAM-18753277,76011000,196.644,tonne,4388.902,IN
CBAM-50583360,28070010,851.874,tonne,704.984,TR
CBAM-16307722,31021000,626.928,tonne,4455.376,UA
CBAM-47043736,27160000,279.891,tonne,2450.624,MA
CBAM-14902944,25232900,217.539,tonne,1859.404,CN
CBAM-26408612,72083900,908.83,tonne,2359.104,IN
CBAM-75795055,76011000,248.188,tonne,2610.834,TR
CBAM-76563856,28070010,935.512,tonne,690.229,UA
CBAM-58771752,31021000,688.849,tonne,3903.674,MA
CBAM-06871790,27160000,812.44,tonne,3052.757,CN
CBAM-33075583,25232900,819.656,tonne,3707.729,IN
CBAM-43456603,72083900,732.983,tonne,820.032,TR
CBAM-55285686,76011000,627.605,tonne,4887.015,UA
CBAM-35409094,28070010,490.851,tonne,2128.031,MA
CBAM-04736200,31021000,720.058,tonne,2336.671,CN
CBAM-51355283,27160000,567.97,tonne,2026.006,IN
CBAM-33915489,25232900,265.468,tonne,987.566,TR
CBAM-89540437,72083900,406.641,tonne,1857.08,UA
CBAM-06271119,76011000,683.352,tonne,2837.626,MA
CBAM-15104035,28070010,263.886,tonne,3002.836,CN
CBAM-95861039,31021000,319.242,tonne,1528.183,IN
CBAM-59214245,27160000,535.092,tonne,4542.001,TR
CBAM-85581985,25232900,75.735,tonne,4876.022,UA
CBAM-85497145,72083900,240.272,tonne,1490.648,MA
CBAM-31276221,76011000,252.22,tonne,2852.53,CN
CBAM-86757377,28070010,228.507,tonne,3849.695,IN
CBAM-05221976,31021000,139.86,tonne,1963.678,TR
CBAM-26275978,27160000,401.451,tonne,131.888,UA
CBAM-33351741,25232900,637.968,tonne,942.371,MA
CBAM-92189863,72083900,946.131,tonne,592.581,CN
CBAM-66880098,76011000,516.403,tonne,2518.572,IN
CBAM-60050092,28070010,54.703,tonne,493.877,TR
CBAM-99169528,31021000,462.986,tonne,3833.013,UA
CBAM-99521438,27160000,371.997,tonne,844.432,MA
CBAM-03366626,25232900,691.656,tonne,3720.198,CN
CBAM-46592640,72083900,390.085,tonne,1495.617,IN
CBAM-01997930,76011000,673.338,tonne,1804.556,TR
CBAM-29074331,28070010,157.266,tonne,435.932,UA
CBAM-02625469,31021000,599.022,tonne,3929.036,MA
CBAM-35045795,27160000,715.246,tonne,2622.297,CN
CBAM-68085727,25232900,109.341,tonne,3323.698,IN
CBAM-58327739,72083900,220.257,tonne,4366.255,TR
CBAM-12278285,76011000,594.135,tonne,1719.302,UA
CBAM-16385633,28070010,92.392,tonne,2822.467,MA
CBAM-62758485,31021000,138.854,tonne,2526.11,CN
CBAM-17169481,27160000,991.659,tonne,2971.487,IN
CBAM-64233908,25232900,42.854,tonne,679.522,TR
CBAM-15222851,72083900,459.775,tonne,3578.818,UA
CBAM-04309788,76011000,566.506,tonne,2689.156,MA
CBAM-82902122,28070010,688.173,tonne,96.51,CN
CBAM-64178762,31021000,62.51,tonne,1673.487,IN
CBAM-54314637,27160000,640.164,tonne,4894.551,TR
CBAM-83763567,25232900,168.425,tonne,1542.198,UA
CBAM-14439554,72083900,877.263,tonne,1034.948,MA
CBAM-25557619,76011000,103.292,tonne,2309.73,CN
CBAM-22398560,28070010,456.607,tonne,3249.58,IN
CBAM-03540627,31021000,885.035,tonne,394.327,TR
CBAM-49276123,27160000,700.408,tonne,1502.24,UA
CBAM-74570735,25232900,449.803,tonne,2465.695,MA
CBAM-98352436,72083900,730.805,tonne,400.028,CN
CBAM-07931817,76011000,585.059,tonne,4434.852,IN
CBAM-72332314,28070010,398.468,tonne,68.278,TR
CBAM-47548840,31021000,216.999,tonne,2667.345,UA
CBAM-45741553,27160000,992.43,tonne,2645.967,MA
CBAM-85870984,25232900,126.741,tonne,986.498,CN
CBAM-88789246,72083900,405.795,tonne,2274.557,IN
CBAM-21343965,76011000,274.729,tonne,4663.535,TR
CBAM-36283931,28070010,747.537,tonne,3535.602,UA
CBAM-57652481,31021000,944.701,tonne,2177.994,MA
CBAM-13579426,27160000,259.059,tonne,3581.049,CN
CBAM-56982565,25232900,173.102,tonne,795.454,IN
CBAM-23888398,72083900,480.561,tonne,4679.26,TR
CBAM-92957497,76011000,448.814,tonne,4743.648,UA
CBAM-56867784,28070010,960.684,tonne,4398.604,MA
CBAM-39451766,31021000,679.807,tonne,3476.305,CN
CBAM-20582928,27160000,131.611,tonne,3449.34,IN
CBAM-01800065,25232900,390.472,tonne,3611.796,TR
CBAM-20747274,72083900,722.401,tonne,3513.477,UA
CBAM-58555836,76011000,572.709,tonne,4112.276,MA
CBAM-02890335,28070010,527.184,tonne,3348.972,CN
CBAM-57770454,31021000,751.874,tonne,3024.009,IN
CBAM-82601562,27160000,560.206,tonne,3580.06,TR
CBAM-49378874,25232900,142.155,tonne,2916.706,UA
CBAM-17736064,72083900,361.859,tonne,3573.981,MA
CBAM-85438790,76011000,409.133,tonne,4228.474,CN
CBAM-18802819,28070010,543.155,tonne,1114.319,IN
CBAM-17792539,31021000,780.856,tonne,4105.469,TR
CBAM-24934095,27160000,511.604,tonne,2330.131,UA
CBAM-91324673,25232900,524.791,tonne,4337.312,MA
CBAM-88534849,72083900,425.771,tonne,520.066,CN
CBAM-88425148,76011000,766.948,tonne,2994.25,IN
CBAM-79905499,28070010,138.643,tonne,3455.966,TR
CBAM-32724055,31021000,863.679,tonne,3906.267,UA
CBAM-04235714,27160000,880.373,tonne,642.249,MA
CBAM-93760942,25232900,42.982,tonne,3133.975,CN
CBAM-60105278,72083900,602.451,tonne,2183.206,IN
CBAM-78491388,76011000,968.119,tonne,3183.47,TR
CBAM-18446471,28070010,13.696,tonne,768.204,UA
CBAM-86148408,31021000,440.897,tonne,2484.413,MA
CBAM-52823704,27160000,903.229,tonne,3661.247,CN
CBAM-77760093,25232900,587.545,tonne,3346.193,IN
CBAM-80354007,72083900,411.839,tonne,4854.471,TR
CBAM-43353229,76011000,317.027,tonne,2839.762,UA
CBAM-18225167,28070010,57.848,tonne,3446.45,MA
CBAM-87158172,31021000,422.378,tonne,2717.86,CN
CBAM-02887829,27160000,61.179,tonne,3721.269,IN
CBAM-43190674,25232900,988.827,tonne,3033.285,TR
CBAM-53527760,72083900,720.96,tonne,1529.43,UA
CBAM-70878868,76011000,77.815,tonne,2689.339,MA
CBAM-30913403,28070010,184.332,tonne,2117.36,CN
CBAM-78357668,31021000,310.755,tonne,1515.287,IN
CBAM-35037464,27160000,49.053,tonne,2178.596,TR
CBAM-12077925,25232900,232.945,tonne,1125.998,UA
CBAM-01444280,72083900,430.788,tonne,976.669,MA
CBAM-51965492,76011000,850.311,tonne,1297.218,CN
CBAM-78494648,28070010,839.799,tonne,477.191,IN
CBAM-14648037,31021000,450.371,tonne,296.643,TR
CBAM-38457837,27160000,550.855,tonne,3567.165,UA
CBAM-68262544,25232900,372.311,tonne,1376.256,MA
CBAM-63391933,72083900,159.156,tonne,3456.158,CN
CBAM-28540349,76011000,596.465,tonne,2614.544,IN
CBAM-98939591,28070010,322.48,tonne,2486.923,TR
CBAM-01517908,31021000,414.517,tonne,2903.865,UA
CBAM-42448179,27160000,847.775,tonne,2839.441,MA
CBAM-64826310,25232900,58.964,tonne,326.847,CN
CBAM-55064210,72083900,564.629,tonne,810.636,IN
CBAM-03498838,76011000,294.608,tonne,3448.831,TR
CBAM-44137845,28070010,96.82,tonne,1277.572,UA
CBAM-68999342,31021000,585.75,tonne,2491.805,MA
CBAM-17545391,27160000,301.364,tonne,1448.897,CN
CBAM-46267377,25232900,510.624,tonne,2719.463,IN
CBAM-58665367,72083900,932.291,tonne,2079.305,TR
CBAM-72526504,76011000,844.783,tonne,3772.331,UA
CBAM-73000431,28070010,630.43,tonne,3418.06,MA
CBAM-48348613,31021000,776.348,tonne,1435.881,CN
CBAM-32906141,27160000,812.624,tonne,33.432,IN
CBAM-77563612,25232900,954.719,tonne,3892.833,TR
CBAM-79609020,72083900,423.522,tonne,2526.53,UA
CBAM-36902654,76011000,246.728,tonne,4879.343,MA
CBAM-61334699,28070010,411.247,tonne,197.375,CN
CBAM-29602723,31021000,887.175,tonne,3949.182,IN
CBAM-23712704,27160000,12.656,tonne,3496.408,TR
CBAM-89528833,25232900,959.401,tonne,4253.769,UA
CBAM-33672475,72083900,399.243,tonne,1720.582,MA
CBAM-27284015,76011000,432.311,tonne,2385.367,CN
CBAM-40450341,28070010,902.038,tonne,1676.569,IN
CBAM-50307270,31021000,274.468,tonne,3764.874,TR
CBAM-31908989,27160000,640.365,tonne,4646.391,UA
CBAM-92969436,25232900,849.68,tonne,2541.492,MA
CBAM-84004976,72083900,362.385,tonne,3867.666,CN
CBAM-05791692,76011000,433.655,tonne,4837.343,IN
CBAM-29054138,28070010,305.381,tonne,1458.782,TR
CBAM-19263685,31021000,52.699,tonne,607.41,UA
CBAM-16840626,27160000,713.875,tonne,2069.424,MA
CBAM-17254252,25232900,927.045,tonne,2611.566,CN
CBAM-04509433,72083900,208.048,tonne,2948.945,IN
CBAM-21780772,76011000,377.347,tonne,881.67,TR
CBAM-71769134,28070010,126.45,tonne,4499.646,UA
CBAM-67736986,31021000,857.058,tonne,4158.558,MA
CBAM-03109178,27160000,850.603,tonne,4141.951,CN
CBAM-31340534,25232900,26.134,tonne,2647.571,IN
CBAM-85104501,72083900,513.025,tonne,1679.443,TR
CBAM-80253276,76011000,96.152,tonne,4278.001,UA
CBAM-33647480,28070010,177.406,tonne,579.759,MA
CBAM-25815083,31021000,555.159,tonne,325.157,CN
CBAM-04852569,27160000,830.438,tonne,1020.307,IN
CBAM-71385656,25232900,2.119,tonne,3387.18,TR
CBAM-54985803,72083900,486.311,tonne,2073.764,UA
CBAM-47248782,76011000,317.501,tonne,2299.058,MA
CBAM-51179651,28070010,145.546,tonne,3341.975,CN
CBAM-03941389,31021000,887.587,tonne,3015.827,IN
CBAM-54318704,27160000,16.693,tonne,4045.058,TR
CBAM-70482393,25232900,784.416,tonne,3996.66,UA
CBAM-18777428,72083900,508.329,tonne,4675.338,MA
CBAM-12257172,76011000,934.727,tonne,2799.52,CN
CBAM-00098320,28070010,983.802,tonne,1248.02,IN
CBAM-42225097,31021000,646.79,tonne,1266.267,TR
CBAM-88986714,27160000,740.265,tonne,4655.158,UA
CBAM-06362162,25232900,80.505,tonne,3944.857,MA
CBAM-42650786,72083900,351.842,tonne,3671.099,CN
CBAM-12264145,76011000,352.611,tonne,4350.451,IN
CBAM-17987340,28070010,483.083,tonne,3639.942,TR
CBAM-64677791,31021000,311.773,tonne,2390.776,UA
CBAM-15454404,27160000,473.269,tonne,4275.45,MA
CBAM-57352161,25232900,693.377,tonne,2827.163,CN
CBAM-02682596,72083900,221.926,tonne,2521.686,IN
CBAM-17886547,76011000,239.467,tonne,2541.601,TR
CBAM-99115561,28070010,821.904,tonne,3081.508,UA
CBAM-88443056,31021000,598.207,tonne,2876.188,MA
CBAM-61990789,27160000,992.756,tonne,2416.06,CN
CBAM-97238742,25232900,601.496,tonne,1066.244,IN
CBAM-49623984,72083900,881.207,tonne,2906.64,TR
CBAM-68069500,76011000,639.796,tonne,4066.378,UA
CBAM-44779136,28070010,282.127,tonne,496.957,MA
CBAM-05012938,31021000,496.014,tonne,3943.814,CN
CBAM-71866080,27160000,313.928,tonne,1474.357,IN
CBAM-81886124,25232900,750.17,tonne,4192.223,TR
CBAM-07367580,72083900,602.621,tonne,1856.268,UA
CBAM-70565787,76011000,203.242,tonne,4431.664,MA
CBAM-54078058,28070010,620.606,tonne,1098.034,CN
CBAM-79851260,31021000,779.057,tonne,4131.941,IN
CBAM-96511754,27160000,572.844,tonne,4776.153,TR
CBAM-18109159,25232900,305.399,tonne,3719.495,UA
CBAM-88791983,72083900,984.788,tonne,1072.129,MA
CBAM-62586514,76011000,652.261,tonne,71.556,CN
CBAM-76125882,28070010,968.357,tonne,3193.142,IN
CBAM-20074845,31021000,451.685,tonne,4918.482,TR
CBAM-94566174,27160000,143.578,tonne,3249.452,UA
CBAM-72651602,25232900,103.442,tonne,512.673,MA
CBAM-99299304,72083900,481.306,tonne,4213.787,CN
CBAM-70579031,76011000,830.08,tonne,1686.548,IN
CBAM-02052428,28070010,460.643,tonne,4892.457,TR
CBAM-95514370,31021000,829.507,tonne,986.119,UA
CBAM-32456298,27160000,139.232,tonne,1519.382,MA
CBAM-48705666,25232900,489.953,tonne,2601.427,CN
CBAM-32720268,72083900,870.414,tonne,2939.119,IN
CBAM-44684138,76011000,369.885,tonne,1245.073,TR
CBAM-42786334,28070010,557.055,tonne,2051.461,UA
CBAM-59799097,31021000,653.939,tonne,2454.503,MA
CBAM-02657294,27160000,299.811,tonne,2223.093,CN
CBAM-79764154,25232900,520.783,tonne,3195.62,IN
CBAM-19651795,72083900,901.276,tonne,236.515,TR
CBAM-06831287,76011000,127.07,tonne,1115.915,UA
CBAM-55659418,28070010,457.641,tonne,4114.51,MA
CBAM-53116786,31021000,947.327,tonne,1119.622,CN
CBAM-63559794,27160000,45.04,tonne,4922.248,IN
CBAM-41041801,25232900,463.102,tonne,2685.181,TR
CBAM-62325187,72083900,866.917,tonne,2744.042,UA
CBAM-50873153,76011000,536.343,tonne,2719.753,MA
CBAM-90220031,28070010,375.364,tonne,3544.831,CN
CBAM-41570695,31021000,489.171,tonne,810.11,IN
CBAM-39778022,27160000,525.297,tonne,3712.171,TR
CBAM-31234542,25232900,579.298,tonne,4570.533,UA
CBAM-30104806,72083900,800.023,tonne,3587.863,MA
CBAM-59359215,76011000,125.371,tonne,2595.547,CN
CBAM-22043251,28070010,478.154,tonne,3405.689,IN
CBAM-42928419,31021000,496.873,tonne,2257.766,TR
CBAM-98914587,27160000,169.004,tonne,1409.871,UA
CBAM-78466873,25232900,866.078,tonne,4680.073,MA
CBAM-44545277,72083900,560.16,tonne,1363.32,CN
CBAM-80378765,76011000,161.83,tonne,1533.977,IN
CBAM-33295297,28070010,266.873,tonne,3796.147,TR
CBAM-55081672,31021000,256.974,tonne,1716.2,UA
CBAM-53536592,27160000,121.076,tonne,2327.579,MA
CBAM-42599519,25232900,705.046,tonne,2253.543,CN
CBAM-09707461,72083900,652.859,tonne,4532.178,IN
CBAM-90450800,76011000,400.871,tonne,4323.193,TR
CBAM-38815351,28070010,666.827,tonne,2947.407,UA
CBAM-78805151,31021000,399.791,tonne,3227.532,MA
CBAM-24915663,27160000,400.609,tonne,2910.071,CN
CBAM-70886257,25232900,681.711,tonne,2018.355,IN
CBAM-47324215,72083900,567.569,tonne,1740.519,TR
CBAM-35261052,76011000,203.397,tonne,2341.019,UA
CBAM-46090074,28070010,143.839,tonne,419.391,MA
CBAM-61597510,31021000,972.279,tonne,2893.388,CN
CBAM-38495540,27160000,606.942,tonne,4257.871,IN
CBAM-19347654,25232900,227.787,tonne,1065.901,TR
CBAM-48376389,72083900,917.521,tonne,4500.121,UA
CBAM-77667116,76011000,995.009,tonne,2734.7,MA
CBAM-73152910,28070010,786.088,tonne,360.323,CN
CBAM-16051359,31021000,792.756,tonne,1538.127,IN
CBAM-96559288,27160000,55.226,tonne,2186.039,TR
CBAM-27021022,25232900,624.05,tonne,3660.506,UA
CBAM-13590844,72083900,807.786,tonne,3733.688,MA
CBAM-55729127,76011000,614.626,tonne,900.222,CN
CBAM-53323600,28070010,525.159,tonne,643.887,IN
CBAM-84313154,31021000,807.838,tonne,1694.916,TR
CBAM-17631812,27160000,956.012,tonne,3535.622,UA
CBAM-30091790,25232900,240.054,tonne,1775.153,MA
CBAM-43418480,72083900,198.832,tonne,3655.798,CN
CBAM-32125541,76011000,774.103,tonne,4044.589,IN
CBAM-98269196,28070010,879.716,tonne,217.456,TR
CBAM-10269640,31021000,630.219,tonne,4530.914,UA
CBAM-99569035,27160000,796.843,tonne,4830.267,MA
CBAM-50032035,25232900,208.352,tonne,2997.439,CN
CBAM-65068143,72083900,668.452,tonne,1489.723,IN
CBAM-89518176,76011000,840.461,tonne,851.116,TR
CBAM-48368910,28070010,1.414,tonne,19.226,UA
CBAM-94200495,31021000,428.609,tonne,131.393,MA
CBAM-48899315,27160000,774.74,tonne,566.845,CN
CBAM-95738166,25232900,611.725,tonne,318.997,IN
CBAM-68707898,72083900,387.192,tonne,448.99,TR
CBAM-10162105,76011000,250.624,tonne,1573.328,UA
CBAM-26111144,28070010,434.353,tonne,4701.751,MA
CBAM-74556212,31021000,753.427,tonne,2075.499,CN
CBAM-37549459,27160000,20.429,tonne,3833.25,IN
CBAM-59997168,25232900,653.204,tonne,4234.09,TR
CBAM-71787415,72083900,412.938,tonne,2453.422,UA
CBAM-63247031,76011000,626.009,tonne,2786.562,MA
CBAM-36117176,28070010,390.444,tonne,269.889,CN
CBAM-54075388,31021000,799.625,tonne,1258.632,IN
CBAM-91442414,27160000,6.062,tonne,3177.002,TR
CBAM-36641365,25232900,841.871,tonne,1399.449,UA
CBAM-06572902,72083900,44.482,tonne,3705.562,MA
CBAM-18241869,76011000,185.918,tonne,4919.795,CN
CBAM-58962430,28070010,238.495,tonne,1061.722,IN
CBAM-24800039,31021000,256.216,tonne,4889.066,TR
CBAM-55878821,27160000,412.806,tonne,2033.225,UA
CBAM-88851030,25232900,883.935,tonne,723.786,MA
CBAM-42383318,72083900,469.839,tonne,2329.39,CN
CBAM-39458875,76011000,96.26,tonne,2426.381,IN
CBAM-55007707,28070010,428.482,tonne,1266.827,TR
CBAM-90690918,31021000,849.976,tonne,3814.202,UA
CBAM-80032219,27160000,476.736,tonne,3679.178,MA
CBAM-96516513,25232900,28.801,tonne,1093.743,CN
CBAM-50532561,72083900,651.409,tonne,2843.907,IN
CBAM-43813760,76011000,687.681,tonne,3236.778,TR
CBAM-21546305,28070010,904.738,tonne,3901.557,UA
CBAM-38132480,31021000,589.626,tonne,2899.204,MA
CBAM-97447845,27160000,494.589,tonne,2433.097,CN
CBAM-24553689,25232900,334.495,tonne,932.963,IN
CBAM-07299129,72083900,384.489,tonne,1729.944,TR
CBAM-94760591,76011000,877.001,tonne,2948.917,UA
CBAM-39870940,28070010,204.779,tonne,2680.763,MA
CBAM-09002310,31021000,846.713,tonne,4786.19,CN
CBAM-66996656,27160000,804.785,tonne,4703.568,IN
CBAM-49679172,25232900,953.267,tonne,876.016,TR
CBAM-13399573,72083900,268.819,tonne,1526.682,UA
CBAM-07815324,76011000,679.401,tonne,3121.262,MA
CBAM-85434804,28070010,196.982,tonne,628.97,CN
CBAM-78057354,31021000,700.873,tonne,218.734,IN
CBAM-91725973,27160000,918.418,tonne,2424.659,TR
CBAM-74366045,25232900,430.608,tonne,1929.615,UA
CBAM-03989874,72083900,539.329,tonne,4872.518,MA
CBAM-29628092,76011000,702.314,tonne,3676.678,CN
CBAM-95302001,28070010,739.818,tonne,2330.777,IN
CBAM-44335118,31021000,401.044,tonne,296.291,TR
CBAM-47705029,27160000,39.111,tonne,635.977,UA
CBAM-84910354,25232900,950.763,tonne,3782.246,MA
CBAM-34145162,72083900,291.773,tonne,2398.186,CN
CBAM-34671958,76011000,563.214,tonne,2062.038,IN
CBAM-62941517,28070010,741.647,tonne,2344.075,TR
CBAM-59756576,31021000,428.532,tonne,4764.634,UA
CBAM-56240165,27160000,723.215,tonne,1053.005,MA
CBAM-11162767,25232900,985.146,tonne,4746.865,CN
CBAM-65905173,72083900,558.927,tonne,1128.768,IN
CBAM-48619154,76011000,999.892,tonne,3290.883,TR
CBAM-03925007,28070010,45.868,tonne,3683.667,UA
CBAM-60915740,31021000,685.718,tonne,4368.194,MA
CBAM-78347329,27160000,489.664,tonne,4413.263,CN
CBAM-82212538,25232900,874.878,tonne,315.665,IN
CBAM-37850014,72083900,724.892,tonne,5007.704,TR
CBAM-76550791,76011000,847.273,tonne,4539.748,UA
CBAM-92790471,28070010,529.2,tonne,829.791,MA
CBAM-50855824,31021000,829.927,tonne,4050.359,CN
CBAM-72555734,27160000,854.023,tonne,4489.729,IN
CBAM-02628722,25232900,996.84,tonne,2846.082,TR
CBAM-06507285,72083900,479.124,tonne,4346.16,UA
CBAM-47925632,76011000,323.39,tonne,1586.961,MA
CBAM-35933754,28070010,728.109,tonne,1681.606,CN
CBAM-94596251,31021000,871.697,tonne,2432.741,IN
CBAM-68836223,27160000,130.564,tonne,626.455,TR
CBAM-32117497,25232900,842.331,tonne,2545.489,UA
CBAM-12657316,72083900,574.073,tonne,223.225,MA
CBAM-65460977,76011000,443.132,tonne,3696.505,CN
CBAM-55783172,28070010,990.492,tonne,1297.993,IN
CBAM-09983440,31021000,384.344,tonne,1012.877,TR
CBAM-20744005,27160000,833.058,tonne,550.44,UA
CBAM-36305337,25232900,672.844,tonne,2612.157,MA
CBAM-84688682,72083900,576.27,tonne,4941.609,CN
CBAM-47130050,76011000,434.28,tonne,2878.934,IN
CBAM-66453156,28070010,442.501,tonne,3605.665,TR
CBAM-77608285,31021000,181.383,tonne,2032.509,UA
CBAM-73323294,27160000,297.631,tonne,274.795,MA
CBAM-05360437,25232900,389.438,tonne,778.9,CN
CBAM-06853578,72083900,144.848,tonne,1361.168,IN
CBAM-63686207,76011000,926.333,tonne,3896.142,TR
CBAM-34413828,28070010,751.361,tonne,764.167,UA
CBAM-72288658,31021000,963.835,tonne,3161.92,MA
CBAM-16350378,27160000,442.642,tonne,1168.002,CN
CBAM-63194734,25232900,961.516,tonne,2684.08,IN
CBAM-65170230,72083900,93.285,tonne,1237.432,TR
CBAM-06692297,76011000,99.554,tonne,2675.584,UA
CBAM-73316892,28070010,768.516,tonne,2421.773,MA
CBAM-42985512,31021000,146.868,tonne,877.808,CN
CBAM-99500011,27160000,839.371,tonne,1353.763,IN
CBAM-82577555,25232900,451.629,tonne,938.478,TR
CBAM-18635474,72083900,309.263,tonne,4271.611,UA
CBAM-73754711,76011000,488.254,tonne,2498.525,MA
CBAM-23469660,28070010,305.464,tonne,4462.01,CN
CBAM-20939763,31021000,434.553,tonne,3060.68,IN
CBAM-43822617,27160000,912.613,tonne,620.809,TR
CBAM-46203034,25232900,902.388,tonne,1760.071,UA
CBAM-20359017,72083900,876.918,tonne,3085.585,MA
CBAM-36995178,76011000,403.984,tonne,2306.307,CN
CBAM-33349484,28070010,896.765,tonne,1931.05,IN
CBAM-83223873,31021000,800.184,tonne,2853.167,TR
CBAM-44225739,27160000,350.022,tonne,2485.838,UA
CBAM-91114052,25232900,918.304,tonne,1284.835,MA
CBAM-11166505,72083900,254.962,tonne,2824.797,CN
CBAM-18881398,76011000,566.47,tonne,4275.916,IN
CBAM-15975085,28070010,572.096,tonne,2882.886,TR
CBAM-42794979,31021000,775.707,tonne,310.866,UA
CBAM-77628028,27160000,615.819,tonne,193.313,MA
CBAM-16107943,25232900,394.958,tonne,3748.501,CN
CBAM-69301202,72083900,616.335,tonne,4917.105,IN
CBAM-58214570,76011000,673.026,tonne,430.431,TR
CBAM-55623609,28070010,896.646,tonne,2095.807,UA
CBAM-36796584,31021000,133.062,tonne,1967.441,MA
CBAM-89097218,27160000,658.502,tonne,54.36,CN
CBAM-76263118,25232900,170.679,tonne,883.057,IN
CBAM-38924247,72083900,149.134,tonne,553.506,TR
CBAM-47241745,76011000,424.931,tonne,2337.709,UA
CBAM-22989137,28070010,91.467,tonne,2530.468,MA
CBAM-81885229,31021000,819.15,tonne,739.26,CN
CBAM-18271050,27160000,579.689,tonne,1723.123,IN
CBAM-04182497,25232900,804.362,tonne,3533.163,TR
CBAM-59212903,72083900,756.574,tonne,4586.554,UA
CBAM-77550588,76011000,247.709,tonne,2055.212,MA
CBAM-65810050,28070010,267.849,tonne,2121.776,CN
CBAM-93519462,31021000,378.612,tonne,2653.776,IN
CBAM-31978631,27160000,913.766,tonne,4950.535,TR
CBAM-69019515,25232900,246.014,tonne,4877.073,UA
CBAM-13511220,72083900,912.682,tonne,1028.579,MA
CBAM-12404427,76011000,924.734,tonne,1997.31,CN
CBAM-43669459,28070010,830.877,tonne,450.538,IN
CBAM-92619842,31021000,546.974,tonne,4699.639,TR
CBAM-12872723,27160000,378.384,tonne,1213.511,UA
CBAM-61030507,25232900,296.094,tonne,3077.77,MA
CBAM-16504427,72083900,52.251,tonne,4837.814,CN
CBAM-67981829,76011000,677.055,tonne,4163.886,IN
CBAM-59879617,28070010,611.298,tonne,4646.825,TR
CBAM-11671539,31021000,569.961,tonne,1929.738,UA
CBAM-25979759,27160000,307.721,tonne,4194.112,MA
CBAM-64040945,25232900,952.085,tonne,4265.772,CN
CBAM-55805061,72083900,464.517,tonne,196.38,IN
CBAM-92150280,76011000,883.343,tonne,4588.993,TR
CBAM-46449524,28070010,970.928,tonne,955.943,UA
CBAM-09736641,31021000,232.573,tonne,4219.982,MA
CBAM-50144381,27160000,758.028,tonne,4993.719,CN
CBAM-07642260,25232900,775.148,tonne,3926.518,IN
CBAM-92149504,72083900,523.206,tonne,3970.314,TR
CBAM-27076704,76011000,325.711,tonne,4730.491,UA
CBAM-89328611,28070010,988.944,tonne,2476.26,MA
CBAM-64282989,31021000,288.886,tonne,4845.775,CN
CBAM-82209533,27160000,841.927,tonne,929.351,IN
CBAM-90836996,25232900,288.711,tonne,2994.046,TR
CBAM-67362440,72083900,529.037,tonne,3730.43,UA
CBAM-13726877,76011000,188.45,tonne,1910.796,MA
CBAM-82609249,28070010,489.855,tonne,859.646,CN
CBAM-95318886,31021000,728.426,tonne,1972.356,IN
CBAM-32875403,27160000,302.527,tonne,1092.905,TR
CBAM-33928465,25232900,531.24,tonne,1537.4,UA
CBAM-86849321,72083900,135.454,tonne,891.084,MA
CBAM-45006807,76011000,694.118,tonne,3985.868,CN
CBAM-52596107,28070010,7.315,tonne,2778.49,IN
CBAM-32305104,31021000,108.783,tonne,4728.294,TR
CBAM-79580311,27160000,790.447,tonne,3846.629,UA
CBAM-57699528,25232900,524.876,tonne,2633.403,MA
CBAM-27380613,72083900,580.912,tonne,572.217,CN
CBAM-33724841,76011000,929.092,tonne,2047.052,IN
CBAM-19606239,28070010,357.209,tonne,1493.951,TR
CBAM-49271263,31021000,515.316,tonne,672.782,UA
CBAM-24238599,27160000,236.491,tonne,3242.906,MA
CBAM-46528140,25232900,384.237,tonne,2393.547,CN
CBAM-79659787,72083900,591.512,tonne,3370.347,IN
CBAM-12782076,76011000,12.766,tonne,4199.035,TR
CBAM-41978316,28070010,768.937,tonne,4730.633,UA
CBAM-08442145,31021000,368.554,tonne,4670.16,MA
CBAM-05296876,27160000,438.422,tonne,3020.514,CN
CBAM-17626381,25232900,640.578,tonne,3525.453,IN
CBAM-03228317,72083900,165.037,tonne,4224.764,TR
CBAM-68648556,76011000,806.315,tonne,3508.519,UA
CBAM-94341793,28070010,517.074,tonne,1499.798,MA
CBAM-05637385,31021000,735.467,tonne,2463.074,CN
CBAM-13451786,27160000,898.743,tonne,4246.413,IN
CBAM-36959698,25232900,714.499,tonne,66.604,TR
CBAM-44541829,72083900,112.884,tonne,3826.434,UA
CBAM-85329687,76011000,724.415,tonne,4706.694,MA
CBAM-57170898,28070010,12.79,tonne,4058.612,CN
CBAM-72830797,31021000,870.349,tonne,1877.514,IN
CBAM-40424098,27160000,422.848,tonne,4033.618,TR
CBAM-71395415,25232900,700.146,tonne,810.986,UA
CBAM-49664938,72083900,525.907,tonne,858.195,MA
CBAM-57067242,76011000,721.865,tonne,4383.488,CN
CBAM-44761717,28070010,583.422,tonne,3484.816,IN
CBAM-50959188,31021000,659.508,tonne,1488.302,TR
CBAM-65710322,27160000,75.336,tonne,2839.63,UA
CBAM-51527025,25232900,29.194,tonne,375.488,MA
CBAM-66364940,72083900,659.723,tonne,3925.093,CN
CBAM-71696401,76011000,449.661,tonne,4750.455,IN
CBAM-69256675,28070010,413.91,tonne,1472.453,TR
CBAM-54892051,31021000,366.65,tonne,3522.362,UA
CBAM-83641049,27160000,726.856,tonne,3122.745,MA
CBAM-95439329,25232900,429.603,tonne,849.022,CN
CBAM-83196658,72083900,363.775,tonne,1194.586,IN
CBAM-23903070,76011000,852.015,tonne,2011.203,TR
CBAM-58179497,28070010,547.338,tonne,1015.438,UA
CBAM-76757136,31021000,867.086,tonne,2117.944,MA
CBAM-86228217,27160000,661.48,tonne,1121.848,CN
CBAM-95030310,25232900,883.967,tonne,2715.628,IN
CBAM-23825690,72083900,728.288,tonne,2339.929,TR
CBAM-64120085,76011000,286.715,tonne,458.435,UA
CBAM-45702072,28070010,676.668,tonne,101.65,MA
CBAM-82063105,31021000,995.614,tonne,148.698,CN
CBAM-05727899,27160000,643.155,tonne,322.187,IN
CBAM-29188300,25232900,603.598,tonne,418.58,TR
CBAM-79710686,72083900,322.891,tonne,3461.48,UA
CBAM-84188673,76011000,107.849,tonne,482.288,MA
CBAM-65041017,28070010,653.703,tonne,1386.385,CN
CBAM-84680984,31021000,755.585,tonne,4067.463,IN
CBAM-78982446,27160000,133.447,tonne,3198.987,TR
CBAM-19135353,25232900,740.478,tonne,2151.629,UA
CBAM-43713459,72083900,186.553,tonne,339.419,MA
CBAM-53630852,76011000,339.167,tonne,1461.544,CN
CBAM-54336679,28070010,959.811,tonne,3531.738,IN
CBAM-58320538,31021000,181.73,tonne,1915.895,TR
CBAM-88779885,27160000,604.271,tonne,639.014,UA
CBAM-50001148,25232900,526.048,tonne,2343.522,MA
CBAM-43711563,72083900,934.886,tonne,1429.746,CN
CBAM-84449859,76011000,439.248,tonne,3764.336,IN
CBAM-21284061,28070010,530.127,tonne,4509.364,TR
CBAM-33966975,31021000,616.499,tonne,4916.846,UA
CBAM-70489572,27160000,955.001,tonne,705.799,MA
CBAM-71353034,25232900,405.903,tonne,3919.693,CN
CBAM-38567657,72083900,272.266,tonne,2997.53,IN
CBAM-24414677,76011000,717.353,tonne,1758.545,TR
CBAM-16003025,28070010,51.564,tonne,1758.031,UA
CBAM-17139441,31021000,286.705,tonne,2510.377,MA
CBAM-64165511,27160000,941.025,tonne,2630.005,CN
CBAM-07496380,25232900,944.563,tonne,1032.057,IN
CBAM-20731225,72083900,446.73,tonne,533.801,TR
CBAM-07638860,76011000,260.485,tonne,3309.785,UA
CBAM-90169020,28070010,776.844,tonne,2511.387,MA
CBAM-73916776,31021000,470.142,tonne,2003.902,CN
CBAM-59643403,27160000,915.467,tonne,4121.127,IN
CBAM-75590274,25232900,928.617,tonne,3456.831,TR
CBAM-03095870,72083900,158.194,tonne,2950.568,UA
CBAM-56948285,76011000,159.303,tonne,461.131,MA
CBAM-00335449,28070010,571.238,tonne,4491.103,CN
CBAM-03034949,31021000,843.379,tonne,726.573,IN
CBAM-83612512,27160000,730.177,tonne,1510.955,TR
CBAM-19313246,25232900,171.026,tonne,1062.289,UA
CBAM-07261067,72083900,429.997,tonne,782.554,MA
CBAM-78774190,76011000,267.689,tonne,2339.848,CN
CBAM-90288870,28070010,103.188,tonne,2200.926,IN
CBAM-17833757,31021000,775.453,tonne,3435.605,TR
CBAM-13681829,27160000,687.219,tonne,4519.312,UA
CBAM-24878682,25232900,513.557,tonne,3393.57,MA
CBAM-20999039,72083900,701.047,tonne,4555.734,CN
CBAM-70407230,76011000,335.951,tonne,2590.069,IN
CBAM-13169689,28070010,5.045,tonne,3670.768,TR
CBAM-56463903,31021000,313.638,tonne,540.193,UA
CBAM-48785777,27160000,640.762,tonne,3061.485,MA
CBAM-14611936,25232900,792.932,tonne,4745.559,CN
CBAM-78055766,72083900,930.514,tonne,3176.731,IN
CBAM-67598335,76011000,593.242,tonne,3496.145,TR
CBAM-90778828,28070010,680.894,tonne,1331.708,UA
CBAM-07775302,31021000,235.033,tonne,2757.374,MA
CBAM-07751115,27160000,607.943,tonne,4774.491,CN
CBAM-37806945,25232900,444.192,tonne,2718.169,IN
CBAM-75506161,72083900,428.349,tonne,1398.079,TR
CBAM-85923582,76011000,862.029,tonne,4643.185,UA
CBAM-78858934,28070010,372.349,tonne,4006.025,MA
CBAM-69492729,31021000,703.181,tonne,4035.842,CN
CBAM-55005942,27160000,787.071,tonne,1928.026,IN
CBAM-00780440,25232900,296.711,tonne,3175.308,TR
CBAM-70552594,72083900,874.319,tonne,945.325,UA
CBAM-82430057,76011000,988.001,tonne,3545.258,MA
CBAM-15132800,28070010,976.38,tonne,2403.216,CN
CBAM-65899211,31021000,632.189,tonne,2099.276,IN
CBAM-35519682,27160000,673.035,tonne,1771.308,TR
CBAM-39821335,25232900,854.649,tonne,4210.957,UA
CBAM-50237564,72083900,141.004,tonne,493.187,MA
CBAM-19835427,76011000,655.462,tonne,533.534,CN
CBAM-51899467,28070010,574.288,tonne,2320.359,IN
CBAM-99707433,31021000,793.95,tonne,425.458,TR
CBAM-98964761,27160000,43.924,tonne,2078.648,UA
CBAM-61146723,25232900,610.936,tonne,1828.214,MA
CBAM-78853031,72083900,181.552,tonne,1199.822,CN
CBAM-91813747,76011000,891.486,tonne,1920.497,IN
CBAM-86031436,28070010,850.946,tonne,4791.207,TR
CBAM-42249007,31021000,706.37,tonne,2729.254,UA
CBAM-91825939,27160000,471.245,tonne,916.95,MA
CBAM-96575396,25232900,545.443,tonne,3702.813,CN
CBAM-37069337,72083900,819.248,tonne,783.208,IN
CBAM-01772527,76011000,679.238,tonne,1899.452,TR
CBAM-38524472,28070010,922.346,tonne,4923.34,UA
CBAM-99361601,31021000,620.018,tonne,4657.469,MA
CBAM-79765292,27160000,35.064,tonne,2413.937,CN
CBAM-51211772,25232900,701.852,tonne,4992.145,IN
CBAM-74091092,72083900,806.153,tonne,4881.812,TR
CBAM-58243094,76011000,357.614,tonne,967.485,UA
CBAM-27248726,28070010,538.097,tonne,1170.172,MA
CBAM-07501818,31021000,719.497,tonne,1076.973,CN
CBAM-73241389,27160000,44.971,tonne,735.364,IN
CBAM-47303092,25232900,182.223,tonne,730.47,TR
CBAM-46893770,72083900,173.425,tonne,2513.789,UA
CBAM-06491860,76011000,632.045,tonne,3907.258,MA
CBAM-42220067,28070010,300.523,tonne,2085.708,CN
CBAM-98987348,31021000,587.492,tonne,2190.184,IN
CBAM-46729435,27160000,45.237,tonne,666.013,TR
CBAM-20802166,25232900,786.999,tonne,2742.957,UA
CBAM-44970930,72083900,446.249,tonne,4903.896,MA
CBAM-66760064,76011000,85.834,tonne,1623.535,CN
CBAM-55808907,28070010,569.691,tonne,4114.406,IN
CBAM-75096148,31021000,299.927,tonne,3720.399,TR
CBAM-62438990,27160000,144.996,tonne,2006.471,UA
CBAM-81753702,25232900,388.516,tonne,3987.4,MA
CBAM-79397212,72083900,810.965,tonne,4232.837,CN
CBAM-65603742,76011000,780.589,tonne,1380.506,IN
CBAM-45349161,28070010,589.925,tonne,3649.267,TR
CBAM-30928812,31021000,823.419,tonne,4104.695,UA
CBAM-70514708,27160000,330.229,tonne,581.933,MA
CBAM-71464615,25232900,61.16,tonne,2073.842,CN
CBAM-60821516,72083900,735.369,tonne,1634.673,IN
CBAM-45381771,76011000,87.551,tonne,1728.872,TR
CBAM-29397753,28070010,317.835,tonne,2340.308,UA
CBAM-84319265,31021000,629.571,tonne,1174.295,MA
CBAM-68618107,27160000,781.542,tonne,2765.891,CN
CBAM-35395279,25232900,170.448,tonne,392.624,IN
CBAM-87614369,72083900,697.876,tonne,249.46,TR
CBAM-25188967,76011000,938.785,tonne,1797.237,UA
CBAM-80494377,28070010,213.141,tonne,2306.839,MA
CBAM-93680890,31021000,157.814,tonne,3757.633,CN
CBAM-47457902,27160000,487.238,tonne,3306.741,IN
CBAM-43227303,25232900,669.844,tonne,1815.966,TR
CBAM-24332685,72083900,173.472,tonne,707.145,UA
CBAM-76865230,76011000,834.535,tonne,4753.57,MA
CBAM-99574048,28070010,911.828,tonne,2134.862,CN
CBAM-90140423,31021000,758.639,tonne,1133.495,IN
CBAM-10340340,27160000,357.644,tonne,3212.162,TR
CBAM-09182411,25232900,316.767,tonne,4907.666,UA
CBAM-99415967,72083900,203.334,tonne,1445.605,MA
CBAM-27773135,76011000,504.007,tonne,4088.088,CN
CBAM-91278310,28070010,611.906,tonne,4141.172,IN
CBAM-53817292,31021000,877.727,tonne,4632.151,TR
CBAM-83900968,27160000,542.289,tonne,531.266,UA
CBAM-18665305,25232900,358.373,tonne,4330.426,MA
CBAM-52678863,72083900,301.981,tonne,2509.493,CN
CBAM-00242805,76011000,134.943,tonne,484.766,IN
CBAM-87529290,28070010,182.288,tonne,591.513,TR
CBAM-28391051,31021000,374.919,tonne,3078.728,UA
CBAM-56471914,27160000,957.129,tonne,1370.218,MA
CBAM-47670238,25232900,126.814,tonne,3501.086,CN
CBAM-26538287,72083900,938.807,tonne,2847.444,IN
CBAM-08845869,76011000,319.214,tonne,361.909,TR
CBAM-26152946,28070010,753.38,tonne,3132.971,UA
CBAM-31382047,31021000,232.352,tonne,3234.382,MA
CBAM-42944130,27160000,38.403,tonne,1804.915,CN
CBAM-80682583,25232900,701.729,tonne,2528.195,IN
CBAM-40650931,72083900,553.418,tonne,2852.871,TR
CBAM-97949396,76011000,484.503,tonne,3798.542,UA
CBAM-00790072,28070010,615.498,tonne,4507.98,MA
CBAM-49687869,31021000,989.951,tonne,2653,CN
CBAM-69622016,27160000,933.076,tonne,2661.803,IN
CBAM-73260935,25232900,171.493,tonne,1703.749,TR
CBAM-97868957,72083900,876.666,tonne,123.823,UA
CBAM-69241571,76011000,482.729,tonne,40.831,MA
CBAM-09590703,28070010,322.381,tonne,4869.153,CN
CBAM-44811839,31021000,668.434,tonne,3298.621,IN
CBAM-78876922,27160000,82.05,tonne,1797.515,TR
CBAM-34655839,25232900,717.967,tonne,4464.308,UA
CBAM-28277614,72083900,393.543,tonne,3535.368,MA
CBAM-87921178,76011000,437.203,tonne,4381.118,CN
CBAM-73939710,28070010,661.618,tonne,3907.461,IN
CBAM-16454919,31021000,500.069,tonne,2835.944,TR
CBAM-13049197,27160000,955.611,tonne,3725.857,UA
CBAM-84357145,25232900,239.417,tonne,135.778,MA
CBAM-77499545,72083900,818.875,tonne,4907.101,CN
CBAM-06811248,76011000,695.229,tonne,4057.47,IN
CBAM-14949562,28070010,323.131,tonne,2453.19,TR
CBAM-60690745,31021000,217.893,tonne,4255.757,UA
CBAM-32584767,27160000,926.157,tonne,4110.823,MA
CBAM-94926568,25232900,506.719,tonne,2252.741,CN
CBAM-49630276,72083900,432.414,tonne,4799.139,IN
CBAM-33777593,76011000,976.209,tonne,73.585,TR
CBAM-01454111,28070010,975.804,tonne,2611.884,UA
CBAM-58777729,31021000,816.324,tonne,876.982,MA
CBAM-84253109,27160000,948.488,tonne,788.479,CN
CBAM-78756879,25232900,191.001,tonne,3544.351,IN
CBAM-63443152,72083900,446.558,tonne,2949.867,TR
CBAM-93723051,76011000,143.987,tonne,2403.074,UA
CBAM-76590307,28070010,923.561,tonne,3875.359,MA
CBAM-00075045,31021000,662.218,tonne,3675.352,CN
CBAM-75052486,27160000,297.855,tonne,1235.744,IN
CBAM-51143071,25232900,933.8,tonne,283.452,TR
CBAM-73084264,72083900,980.614,tonne,4275.085,UA
CBAM-50145000,76011000,530.619,tonne,2609.004,MA
CBAM-99990884,28070010,633.568,tonne,2379.837,CN
CBAM-17586188,31021000,104.398,tonne,2463.251,IN
CBAM-97716059,27160000,817.209,tonne,546.345,TR
CBAM-02976332,25232900,794.524,tonne,1650.109,UA
CBAM-11774423,72083900,611.566,tonne,4482.114,MA
CBAM-57875204,76011000,365.47,tonne,1079.185,CN
CBAM-35148201,28070010,448.334,tonne,2088.772,IN
CBAM-00016110,31021000,352.36,tonne,4947.737,TR
CBAM-81592142,27160000,919.326,tonne,2051.163,UA
CBAM-89019665,25232900,518.151,tonne,1328.797,MA
CBAM-90726044,72083900,587.401,tonne,4611.725,CN
CBAM-48643965,76011000,773.917,tonne,1120.96,IN
CBAM-59656655,28070010,54.437,tonne,3557.295,TR
CBAM-85916763,31021000,906.403,tonne,4867.378,UA
CBAM-56564172,27160000,884.421,tonne,2286.921,MA
CBAM-37368544,25232900,184.008,tonne,3155.119,CN
CBAM-77132858,72083900,420.382,tonne,1055.485,IN
CBAM-64137659,76011000,354.579,tonne,4287.26,TR
CBAM-69145897,28070010,951.543,tonne,2687.05,UA
CBAM-42809812,31021000,538.047,tonne,810.561,MA
CBAM-86424174,27160000,473.982,tonne,2109.432,CN
CBAM-41403135,25232900,40.79,tonne,3415.216,IN
CBAM-13654969,72083900,756.833,tonne,3428.03,TR
CBAM-61924602,76011000,945.163,tonne,3330.561,UA
CBAM-98930191,28070010,461.927,tonne,4331.09,MA
CBAM-30379066,31021000,762.053,tonne,901.561,CN
CBAM-90872190,27160000,272.41,tonne,4835.028,IN
CBAM-96891846,25232900,750.762,tonne,1151.459,TR
CBAM-10725070,72083900,458.01,tonne,2221.152,UA
CBAM-44033724,76011000,33.365,tonne,4180.441,MA
CBAM-07739955,28070010,685.26,tonne,408.095,CN
CBAM-11812665,31021000,330.59,tonne,2248.091,IN
CBAM-42984638,27160000,146.273,tonne,3217.391,TR
CBAM-35358574,25232900,559.02,tonne,2394.571,UA
CBAM-80104720,72083900,360.338,tonne,781.682,MA
CBAM-44937213,76011000,625.748,tonne,341.526,CN
CBAM-62880740,28070010,766.103,tonne,918.187,IN
CBAM-59004911,31021000,675.693,tonne,617.673,TR
CBAM-37759500,27160000,707.349,tonne,651.566,UA
CBAM-45615847,25232900,210.321,tonne,2137.466,MA
CBAM-01528860,72083900,295.251,tonne,2230.545,CN
CBAM-69498911,76011000,631.44,tonne,2291.424,IN
CBAM-02874306,28070010,360.057,tonne,4194.35,TR
CBAM-41832312,31021000,297.944,tonne,3149.104,UA
CBAM-23856555,27160000,920.373,tonne,3408.065,MA
CBAM-74170551,25232900,68.89,tonne,4340.483,CN
CBAM-63501672,72083900,558.789,tonne,1562.146,IN
CBAM-60672204,76011000,798.081,tonne,3527.372,TR
CBAM-97241272,28070010,660.281,tonne,3422.434,UA
CBAM-25498357,31021000,619.072,tonne,33.222,MA
CBAM-02761713,27160000,13.306,tonne,1003.301,CN
CBAM-90836175,25232900,753.941,tonne,4163.578,IN
CBAM-38348049,72083900,853.559,tonne,4432.188,TR
CBAM-82396363,76011000,204.986,tonne,3207.557,UA
CBAM-75931501,28070010,313.85,tonne,2044.236,MA
CBAM-77393986,31021000,416.952,tonne,2057.674,CN
CBAM-58984208,27160000,418.53,tonne,1349.187,IN
CBAM-05317522,25232900,524.371,tonne,298.199,TR
CBAM-61566134,72083900,352.732,tonne,260.786,UA
CBAM-58394247,76011000,942.094,tonne,345.632,MA
CBAM-12268891,28070010,889.133,tonne,5003.428,CN
CBAM-08646778,31021000,886.847,tonne,4256.47,IN
CBAM-45065772,27160000,687.561,tonne,3644.357,TR
CBAM-27456248,25232900,507.22,tonne,3604.203,UA
CBAM-42984758,72083900,431.361,tonne,4634.959,MA
CBAM-99445204,76011000,363.166,tonne,2635.333,CN
CBAM-17309669,28070010,191.932,tonne,4990.223,IN
CBAM-89631121,31021000,94.054,tonne,655.629,TR
CBAM-01893590,27160000,499.45,tonne,3309.111,UA
CBAM-69682384,25232900,898.163,tonne,1495.063,MA
CBAM-26710997,72083900,774.418,tonne,750.497,CN
CBAM-48505710,76011000,670.681,tonne,888.023,IN
CBAM-58760550,28070010,357.099,tonne,4436.065,TR
CBAM-99024730,31021000,309.748,tonne,2131.486,UA
CBAM-71135522,27160000,170.582,tonne,2106.627,MA
CBAM-27989503,25232900,855.773,tonne,4857.974,CN
CBAM-93410612,72083900,217.011,tonne,213.812,IN
CBAM-12166906,76011000,869.339,tonne,4773.601,TR
CBAM-10214383,28070010,599.935,tonne,4724.311,UA
CBAM-74612173,31021000,890.222,tonne,1813.557,MA
CBAM-90411855,27160000,691.148,tonne,1099.998,CN
CBAM-26971550,25232900,637.459,tonne,1424.618,IN
CBAM-15314154,72083900,243.24,tonne,3063.991,TR
CBAM-21753360,76011000,714.897,tonne,2840.186,UA
CBAM-15656488,28070010,420.891,tonne,3457.168,MA
CBAM-57009159,31021000,284.737,tonne,988.292,CN
CBAM-26941720,27160000,670.828,tonne,395.277,IN
CBAM-96484544,25232900,248.941,tonne,1454.521,TR
CBAM-69095811,72083900,81.541,tonne,2391.946,UA
CBAM-67334626,76011000,751.093,tonne,306.817,MA
CBAM-87357775,28070010,690.997,tonne,1640.031,CN
CBAM-31047060,31021000,275.054,tonne,1265.809,IN
CBAM-19488980,27160000,197.737,tonne,4187.727,TR
CBAM-75781375,25232900,927.047,tonne,355.05,UA
CBAM-76317952,72083900,373.742,tonne,2473.148,MA
CBAM-54366934,76011000,745.988,tonne,208.214,CN
CBAM-65487782,28070010,297.45,tonne,1540.389,IN
CBAM-44747759,31021000,54.689,tonne,1026.29,TR
CBAM-00894224,27160000,985.821,tonne,4230.737,UA
CBAM-98942073,25232900,960.399,tonne,1376.379,MA
CBAM-94537279,72083900,208.417,tonne,4040.336,CN
CBAM-82780874,76011000,596.26,tonne,283.107,IN
CBAM-22625090,28070010,77.26,tonne,2143.767,TR
CBAM-64424260,31021000,419.69,tonne,1889.202,UA
CBAM-85146797,27160000,150.75,tonne,271.442,MA
CBAM-04458730,25232900,163.972,tonne,4686.066,CN
CBAM-92016651,72083900,438.668,tonne,1910.208,IN
CBAM-31174664,76011000,594.056,tonne,4517.918,TR
CBAM-37419908,28070010,313.207,tonne,4422.514,UA
CBAM-10534154,31021000,98.796,tonne,188.414,MA
CBAM-94884931,27160000,55.984,tonne,3726.653,CN
CBAM-19039254,25232900,889.746,tonne,4939.122,IN
CBAM-37286881,72083900,749.755,tonne,348.672,TR
CBAM-59646727,76011000,992.398,tonne,4172.029,UA
CBAM-65232038,28070010,772.401,tonne,119.187,MA
CBAM-78779293,31021000,446.096,tonne,4344.974,CN
CBAM-57389892,27160000,375.96,tonne,2205.622,IN
CBAM-20250352,25232900,839.129,tonne,509.06,TR
CBAM-46659498,72083900,879.547,tonne,3303.125,UA
CBAM-72365864,76011000,390.329,tonne,2976.046,MA
CBAM-87608896,28070010,710.187,tonne,3016.208,CN
CBAM-42771187,31021000,763.795,tonne,3675.204,IN
CBAM-50787748,27160000,370.749,tonne,631.543,TR
CBAM-19782618,25232900,966.431,tonne,3929.629,UA
CBAM-91205105,72083900,589.013,tonne,2646.052,MA
CBAM-12563184,76011000,68.711,tonne,1155.271,CN
CBAM-24132617,28070010,403.697,tonne,2264.2,IN
CBAM-04913813,31021000,19.042,tonne,4127.064,TR
CBAM-26812875,27160000,10.023,tonne,1515.837,UA
CBAM-98650657,25232900,222.483,tonne,2626.932,MA
CBAM-83118219,72083900,763.133,tonne,786.354,CN
CBAM-49519280,76011000,902.706,tonne,4515.696,IN
CBAM-05601434,28070010,375.177,tonne,1650.032,TR
CBAM-97899163,31021000,903.67,tonne,4825.344,UA
CBAM-36000494,27160000,221.263,tonne,4902.261,MA
CBAM-35669784,25232900,81.259,tonne,2152.702,CN
CBAM-24655971,72083900,754.07,tonne,1827.165,IN
CBAM-76811047,76011000,326.943,tonne,1967.304,TR
CBAM-64606428,28070010,267.509,tonne,4007.796,UA
CBAM-41308986,31021000,92.005,tonne,237.332,MA
CBAM-68864528,27160000,789.538,tonne,1335.384,CN
CBAM-46658730,25232900,932.153,tonne,1355.271,IN
CBAM-85321315,72083900,295.408,tonne,2075.623,TR
CBAM-24649626,76011000,892.235,tonne,4908.243,UA
CBAM-18362961,28070010,955.679,tonne,1545.467,MA
CBAM-13835437,31021000,850.263,tonne,1074.416,CN
CBAM-31949582,27160000,313.824,tonne,4976.15,IN
CBAM-75002066,25232900,888.393,tonne,2836.319,TR
CBAM-52223570,72083900,261.898,tonne,2564.438,UA
CBAM-37723188,76011000,325.104,tonne,944.487,MA
CBAM-60777563,28070010,387.272,tonne,4350.114,CN
CBAM-63179975,31021000,604.565,tonne,2021.024,IN
CBAM-52230954,27160000,243.447,tonne,1411.887,TR
CBAM-02989099,25232900,387.418,tonne,3496.789,UA
CBAM-42156725,72083900,950.104,tonne,502.993,MA
CBAM-04052123,76011000,297.885,tonne,3031.286,CN
CBAM-61043235,28070010,209.97,tonne,2068.348,IN
CBAM-46150700,31021000,928.865,tonne,392.425,TR
CBAM-11121821,27160000,594.305,tonne,1558.791,UA
CBAM-52840892,25232900,860.24,tonne,2236.597,MA
CBAM-41920468,72083900,232.148,tonne,4466.98,CN
CBAM-21737248,76011000,302.763,tonne,3663.103,IN
CBAM-81084161,28070010,136.409,tonne,126.306,TR
CBAM-87840157,31021000,429.992,tonne,1478.321,UA
CBAM-34597129,27160000,381.733,tonne,337.707,MA
CBAM-99568674,25232900,157.382,tonne,3473.302,CN
CBAM-80899984,72083900,908.943,tonne,1796.48,IN
CBAM-86382119,76011000,564.977,tonne,1529.543,TR
CBAM-45106542,28070010,662.662,tonne,1486.501,UA
CBAM-41264263,31021000,31.291,tonne,3656.256,MA
CBAM-84036031,27160000,662.024,tonne,806.844,CN
CBAM-05747463,25232900,637.892,tonne,3850.715,IN
CBAM-75989481,72083900,800.982,tonne,878.239,TR
CBAM-23725901,76011000,136.203,tonne,2474.6,UA
CBAM-92401846,28070010,859.756,tonne,3518.905,MA
CBAM-57719812,31021000,667.239,tonne,1705.975,CN
CBAM-58359839,27160000,102.493,tonne,4400.011,IN
CBAM-98307374,25232900,163.191,tonne,1189.534,TR
CBAM-08821422,72083900,49.843,tonne,588.038,UA
CBAM-96075838,76011000,545.164,tonne,316.771,MA
CBAM-41917790,28070010,20.76,tonne,4484.054,CN
CBAM-45996455,31021000,770.965,tonne,1478.315,IN
CBAM-47712566,27160000,807.515,tonne,3664.908,TR
CBAM-86534645,25232900,214.333,tonne,2124.818,UA
CBAM-82122727,72083900,915.751,tonne,1678.51,MA
CBAM-22502555,76011000,76.906,tonne,324.827,CN
CBAM-36940977,28070010,91.864,tonne,345.794,IN
CBAM-36746940,31021000,503.279,tonne,1645.954,TR
CBAM-12700465,27160000,128.567,tonne,1502.783,UA
CBAM-29118432,25232900,397.098,tonne,4958.271,MA
CBAM-36117307,72083900,539.582,tonne,3683.431,CN
CBAM-46834924,76011000,104.253,tonne,3771.626,IN
CBAM-98855671,28070010,992.436,tonne,3205.756,TR
CBAM-75905895,31021000,835.749,tonne,3646.711,UA
CBAM-97472842,27160000,479.976,tonne,2082.179,MA
CBAM-27669727,25232900,401.347,tonne,4834.267,CN
CBAM-15261720,72083900,722.898,tonne,2545.531,IN
CBAM-20027642,76011000,405.673,tonne,3931.916,TR
CBAM-61678610,28070010,961.54,tonne,3383.198,UA
CBAM-78327723,31021000,922.706,tonne,2947.911,MA
CBAM-73514652,27160000,893.668,tonne,3518.27,CN
CBAM-48552895,25232900,421.712,tonne,1542.373,IN
CBAM-09783286,72083900,457.004,tonne,3073.759,TR
CBAM-27798602,76011000,39.109,tonne,2085.957,UA
CBAM-15460664,28070010,986.998,tonne,2202.614,MA
CBAM-84142912,31021000,922.192,tonne,2610.09,CN
CBAM-61633370,27160000,349.603,tonne,484.316,IN
CBAM-92842754,25232900,767.567,tonne,3782.687,TR
CBAM-15121277,72083900,194.967,tonne,798.5,UA
CBAM-35039387,76011000,355.687,tonne,2026.58,MA
CBAM-83275911,28070010,888.629,tonne,4060.989,CN
CBAM-22143410,31021000,459.99,tonne,1274.96,IN
CBAM-60943438,27160000,154.645,tonne,38.711,TR
CBAM-92561426,25232900,913.359,tonne,274.392,UA
CBAM-66234004,72083900,170.789,tonne,3576.185,MA
CBAM-40583529,76011000,548.773,tonne,2592.675,CN
CBAM-22123416,28070010,773.509,tonne,4024.026,IN
CBAM-39655298,31021000,507.482,tonne,3176.033,TR
CBAM-72951301,27160000,143.284,tonne,4776.749,UA
CBAM-40443999,25232900,125.421,tonne,3729.382,MA
CBAM-51582002,72083900,572.139,tonne,4935.736,CN
CBAM-96508359,76011000,444.836,tonne,110.585,IN
CBAM-91459101,28070010,354.81,tonne,4782.061,TR
CBAM-65967823,31021000,667.731,tonne,1279.122,UA
CBAM-95554771,27160000,783.235,tonne,3133.53,MA
CBAM-75649497,25232900,894.837,tonne,4419.811,CN
CBAM-32030983,72083900,149.439,tonne,31.585,IN
CBAM-81481564,76011000,508.436,tonne,3861.103,TR
CBAM-70778173,28070010,368.156,tonne,3630.619,UA
CBAM-29985599,31021000,634.4,tonne,2613.817,MA
CBAM-75578752,27160000,215.266,tonne,3867.714,CN
CBAM-58908328,25232900,156.707,tonne,3597.314,IN
CBAM-31686078,72083900,28.888,tonne,1579.783,TR
CBAM-64331629,76011000,611.26,tonne,4766.304,UA
CBAM-28968182,28070010,787.769,tonne,1126.139,MA
CBAM-41990736,31021000,201.455,tonne,2683.79,CN
CBAM-75398044,27160000,856.352,tonne,1140.601,IN
CBAM-84881482,25232900,195.346,tonne,4071.217,TR
CBAM-04909789,72083900,64.795,tonne,863.308,UA
CBAM-02686577,76011000,334.122,tonne,4693.497,MA
CBAM-76529282,28070010,368.443,tonne,4709.035,CN
CBAM-72819460,31021000,711.206,tonne,3551.074,IN
CBAM-50017608,27160000,742.297,tonne,127.361,TR
CBAM-77475585,25232900,525.113,tonne,2076.142,UA
CBAM-44223112,72083900,492.329,tonne,4526.627,MA
CBAM-82939458,76011000,458.222,tonne,4368.686,CN
CBAM-96736276,28070010,762.972,tonne,1444.309,IN
CBAM-51883203,31021000,579.735,tonne,1301.235,TR
CBAM-82915133,27160000,240.34,tonne,1564.897,UA
CBAM-28636936,25232900,458.234,tonne,2565.527,MA
CBAM-52057010,72083900,445.685,tonne,1436.071,CN
CBAM-25637385,76011000,775.576,tonne,1878.407,IN
CBAM-19973550,28070010,429.571,tonne,3802.186,TR
CBAM-35638676,31021000,392.376,tonne,593.652,UA
CBAM-50678483,27160000,762.803,tonne,4967.04,MA
CBAM-64583700,25232900,455.797,tonne,182.981,CN
CBAM-56304683,72083900,616.197,tonne,1064.048,IN
CBAM-70561819,76011000,618.79,tonne,2162.4,TR
CBAM-85726107,28070010,616.286,tonne,732.831,UA
CBAM-81584051,31021000,171.155,tonne,4653.933,MA
CBAM-18068664,27160000,960.548,tonne,3764.438,CN
CBAM-60702110,25232900,823.159,tonne,560.955,IN
CBAM-99616577,72083900,169.397,tonne,751.935,TR
CBAM-83089532,76011000,356.554,tonne,4355.86,UA
CBAM-08411817,28070010,292.672,tonne,1812.402,MA
CBAM-42961096,31021000,756.772,tonne,1557.474,CN
CBAM-90481107,27160000,745.221,tonne,4274.486,IN
CBAM-28342421,25232900,785.436,tonne,1664.343,TR
CBAM-31365558,72083900,617.965,tonne,3386.198,UA
CBAM-70484970,76011000,671.687,tonne,627.293,MA
CBAM-39469254,28070010,201.005,tonne,2908.539,CN
CBAM-84889919,31021000,237.784,tonne,2495.382,IN
CBAM-63588192,27160000,300.987,tonne,2163.153,TR
CBAM-13361226,25232900,206.29,tonne,3289.258,UA
CBAM-44143809,72083900,77.638,tonne,612.898,MA
CBAM-36234529,76011000,797.388,tonne,1605.338,CN
CBAM-68138892,28070010,67.968,tonne,888.858,IN
CBAM-62146529,31021000,706.57,tonne,2660.184,TR
CBAM-49335096,27160000,691.538,tonne,2237.407,UA
CBAM-42254956,25232900,588.118,tonne,1020.495,MA
CBAM-82013352,72083900,916.349,tonne,3088.782,CN
CBAM-66646614,76011000,876.634,tonne,2479.735,IN
CBAM-42994631,28070010,165.845,tonne,3896.342,TR
CBAM-19452568,31021000,650.786,tonne,413.248,UA
CBAM-94532351,27160000,782.286,tonne,4556.051,MA
CBAM-76479824,25232900,631.919,tonne,769.495,CN
CBAM-68369783,72083900,237.182,tonne,2806.845,IN
CBAM-26089184,76011000,51.331,tonne,1133.805,TR
CBAM-55886228,28070010,81.697,tonne,4714.385,UA
CBAM-93931406,31021000,820.677,tonne,121.211,MA
CBAM-38965727,27160000,432.859,tonne,1215.52,CN
CBAM-29523499,25232900,702.949,tonne,44.029,IN
CBAM-37133536,72083900,260.649,tonne,2203.482,TR
CBAM-57469425,76011000,659.031,tonne,3443.442,UA
CBAM-17931812,28070010,139.209,tonne,3354.826,MA
CBAM-73340688,31021000,458.318,tonne,4975.318,CN
CBAM-38010955,27160000,796.907,tonne,1743.012,IN
CBAM-71040814,25232900,930.97,tonne,1139.117,TR
CBAM-94895083,72083900,576.059,tonne,3155.445,UA
CBAM-12466344,76011000,274.336,tonne,4839.62,MA
CBAM-28754452,28070010,871.846,tonne,2281.558,CN
CBAM-30672868,31021000,751.11,tonne,1189.276,IN
CBAM-91311035,27160000,124.257,tonne,4672.862,TR
CBAM-28198943,25232900,90.346,tonne,681.615,UA
CBAM-12679972,72083900,349.683,tonne,3611.552,MA
CBAM-92918513,76011000,680.257,tonne,2800.989,CN
CBAM-95612304,28070010,283.607,tonne,1601.866,IN
CBAM-28935595,31021000,781.751,tonne,2335.415,TR
CBAM-95919868,27160000,75.381,tonne,851.709,UA
CBAM-46995369,25232900,580.402,tonne,4394.982,MA
CBAM-48402777,72083900,665.623,tonne,176.415,CN
CBAM-47641394,76011000,956.586,tonne,1726.049,IN
CBAM-84346277,28070010,68.996,tonne,582.803,TR
CBAM-52955461,31021000,54.991,tonne,214.752,UA
CBAM-58807577,27160000,527.528,tonne,1980.721,MA
CBAM-66840632,25232900,502.085,tonne,2765.971,CN
CBAM-01550279,72083900,904.801,tonne,828.446,IN
CBAM-19705305,76011000,177.496,tonne,4290.78,TR
CBAM-85045418,28070010,920.944,tonne,1313.314,UA
CBAM-90144805,31021000,299.752,tonne,4264.365,MA
CBAM-24615470,27160000,855.746,tonne,2963.539,CN
CBAM-66824537,25232900,167.403,tonne,578.429,IN
CBAM-79593334,72083900,194.549,tonne,3905.336,TR
CBAM-49908998,76011000,146.083,tonne,1491.668,UA
CBAM-63848550,28070010,48.044,tonne,2151.874,MA
CBAM-34376652,31021000,383.088,tonne,2666.444,CN
CBAM-52396285,27160000,761.277,tonne,3276.971,IN
CBAM-29331635,25232900,523.329,tonne,2632.518,TR
CBAM-73915267,72083900,581.033,tonne,2090.221,UA
CBAM-12926820,76011000,376.571,tonne,2190.219,MA
CBAM-12314503,28070010,984.394,tonne,4874.97,CN
CBAM-70504545,31021000,196.6,tonne,1940.487,IN
CBAM-23336753,27160000,705.423,tonne,3746.848,TR
CBAM-28937960,25232900,127.042,tonne,3182.36,UA
CBAM-81443353,72083900,424.855,tonne,3976.239,MA
CBAM-02777068,76011000,480.713,tonne,594.044,CN
CBAM-36472226,28070010,443.186,tonne,1963.047,IN
CBAM-11474369,31021000,123.473,tonne,3110.346,TR
CBAM-51354509,27160000,241.497,tonne,258.764,UA
CBAM-66961600,25232900,155.982,tonne,2537.702,MA
CBAM-04595840,72083900,481.025,tonne,243.155,CN
CBAM-29568029,76011000,273.766,tonne,3072.068,IN
CBAM-05053195,28070010,654.729,tonne,169.657,TR
CBAM-66180401,31021000,685.88,tonne,4552.622,UA
CBAM-79836035,27160000,242.471,tonne,2722.238,MA
CBAM-26520019,25232900,254.861,tonne,2194.97,CN
CBAM-10198864,72083900,747.116,tonne,3864.293,IN
CBAM-14907607,76011000,927.035,tonne,2575.314,TR
CBAM-36806856,28070010,673.648,tonne,4296.174,UA
CBAM-74127652,31021000,156.958,tonne,4990.167,MA
CBAM-30176721,27160000,65.688,tonne,2133.661,CN
CBAM-86616266,25232900,879.7,tonne,2204.995,IN
CBAM-92654491,72083900,634.844,tonne,2223.657,TR
CBAM-92156346,76011000,110.952,tonne,2395.598,UA
CBAM-99394976,28070010,963.506,tonne,1881.658,MA
CBAM-31516931,31021000,810.274,tonne,1438.432,CN
CBAM-55052303,27160000,149.915,tonne,2733.007,IN
CBAM-66065141,25232900,445.2,tonne,803.836,TR
CBAM-44018885,72083900,512.856,tonne,1263.302,UA
CBAM-24510805,76011000,135.446,tonne,4902.103,MA
CBAM-93933682,28070010,680.965,tonne,582.556,CN
CBAM-88521945,31021000,150.727,tonne,2469.205,IN
CBAM-99286921,27160000,274.957,tonne,240.872,TR
CBAM-60206813,25232900,891.401,tonne,3516.718,UA
CBAM-54209729,72083900,710.84,tonne,1127.869,MA
CBAM-65568757,76011000,646.765,tonne,1881.258,CN
CBAM-81020437,28070010,141.656,tonne,266.693,IN
CBAM-48509844,31021000,710.021,tonne,3558.091,TR
CBAM-93880477,27160000,396.434,tonne,2667.418,UA
CBAM-46732613,25232900,477.128,tonne,4926.731,MA
CBAM-31811501,72083900,192.583,tonne,926.167,CN
CBAM-92926084,76011000,633.225,tonne,1725.239,IN
CBAM-90072460,28070010,29.005,tonne,1672.823,TR
CBAM-95262315,31021000,689.377,tonne,2915.621,UA
CBAM-38406620,27160000,440.889,tonne,2917.856,MA
CBAM-85288748,25232900,963.027,tonne,1678.312,CN
CBAM-15150157,72083900,943.552,tonne,4416.221,IN
CBAM-40931952,76011000,736.446,tonne,2706.239,TR
CBAM-75509990,28070010,829.433,tonne,663.145,UA
CBAM-40846121,31021000,396.751,tonne,1412.088,MA
CBAM-75083824,27160000,17.319,tonne,3038.358,CN
CBAM-03358875,25232900,93.148,tonne,2440.753,IN
CBAM-48634006,72083900,747.621,tonne,199.275,TR
CBAM-35620476,76011000,230.828,tonne,4302.6,UA
CBAM-59355660,28070010,69.207,tonne,3807.381,MA
CBAM-17610936,31021000,795.461,tonne,3255.941,CN
CBAM-02362975,27160000,936.196,tonne,2983.288,IN
CBAM-54585362,25232900,815.131,tonne,1134.361,TR
CBAM-38997818,72083900,725.083,tonne,2488.361,UA
CBAM-33439534,76011000,312.827,tonne,2176.444,MA
CBAM-60227858,28070010,693.781,tonne,729.234,CN
CBAM-05429358,31021000,151.861,tonne,4092.352,IN
CBAM-68929290,27160000,171.849,tonne,2157.626,TR
CBAM-82379019,25232900,8.447,tonne,4111.713,UA
CBAM-68697140,72083900,710.362,tonne,4706.651,MA
CBAM-10300636,76011000,194.183,tonne,3404.042,CN
CBAM-79989019,28070010,710.207,tonne,196.078,IN
CBAM-72178592,31021000,826.773,tonne,4340.188,TR
CBAM-53781941,27160000,303.82,tonne,813.74,UA
CBAM-12386057,25232900,962.212,tonne,879.937,MA
CBAM-49241997,72083900,970.58,tonne,2093.084,CN
CBAM-63810827,76011000,283.028,tonne,667.719,IN
CBAM-06027386,28070010,191.412,tonne,1950.42,TR
CBAM-63463749,31021000,662.115,tonne,3673.866,UA
CBAM-25717372,27160000,485.108,tonne,4754.906,MA
CBAM-58879990,25232900,604.936,tonne,4311.997,CN
CBAM-97736558,72083900,212.977,tonne,1842.144,IN
CBAM-19468528,76011000,23.724,tonne,1797.292,TR
CBAM-66175710,28070010,252.984,tonne,4551.905,UA
CBAM-36277437,31021000,556.149,tonne,1708.059,MA
CBAM-07298579,27160000,724.221,tonne,3761.295,CN
CBAM-13928715,25232900,515.53,tonne,4950.54,IN
CBAM-06387400,72083900,844.745,tonne,755.646,TR
CBAM-61776095,76011000,436.347,tonne,2429.494,UA
CBAM-03835401,28070010,3.632,tonne,1598.183,MA
CBAM-92553435,31021000,628.362,tonne,2002.304,CN
CBAM-59609067,27160000,337.312,tonne,3343.012,IN
CBAM-10136885,25232900,376.85,tonne,1676.17,TR
CBAM-93704559,72083900,112.376,tonne,2737.462,UA
CBAM-03878441,76011000,171.384,tonne,889.75,MA
CBAM-72982971,28070010,700.415,tonne,4317.003,CN
CBAM-70294624,31021000,723.351,tonne,502.813,IN
CBAM-88395024,27160000,928.18,tonne,3222.231,TR
CBAM-91386842,25232900,611.375,tonne,2041.197,UA
CBAM-97762761,72083900,104.341,tonne,3954.271,MA
CBAM-27756939,76011000,774.131,tonne,2309.534,CN
CBAM-16829781,28070010,705.983,tonne,2261.506,IN
CBAM-17111690,31021000,885.483,tonne,55.858,TR
CBAM-68747783,27160000,878.719,tonne,1242.584,UA
CBAM-36430663,25232900,759.194,tonne,4216.388,MA
CBAM-44806454,72083900,358.269,tonne,2986.512,CN
CBAM-70899910,76011000,277.053,tonne,3329.894,IN
CBAM-78754344,28070010,26.015,tonne,1432.851,TR
CBAM-00316785,31021000,727.096,tonne,4159.598,UA
CBAM-12394304,27160000,369.493,tonne,3002.545,MA
CBAM-28286693,25232900,584.276,tonne,4134.454,CN
CBAM-81474437,72083900,612.276,tonne,3763.04,IN
CBAM-63021377,76011000,663.416,tonne,491.957,TR
CBAM-97352980,28070010,447.796,tonne,4890.134,UA
CBAM-48327533,31021000,358.506,tonne,4572.031,MA
CBAM-62206794,27160000,692.678,tonne,109.253,CN
CBAM-64563094,25232900,402.123,tonne,2056.888,IN
CBAM-73441549,72083900,517.835,tonne,1227.408,TR
CBAM-55822846,76011000,795.943,tonne,1901.327,UA
CBAM-72492665,28070010,574.055,tonne,4889.222,MA
CBAM-51400847,31021000,194.985,tonne,519.804,CN
CBAM-23564805,27160000,247.063,tonne,3716.542,IN
CBAM-00760613,25232900,212.433,tonne,1524.423,TR
CBAM-12183248,72083900,620.2,tonne,3187.339,UA
CBAM-29908847,76011000,984.968,tonne,2457.731,MA
CBAM-57323763,28070010,629.926,tonne,3067.481,CN
CBAM-38375429,31021000,885.143,tonne,4036.452,IN
CBAM-00476704,27160000,981.069,tonne,3121.495,TR
CBAM-12854192,25232900,242.496,tonne,1254.608,UA
CBAM-37610528,72083900,518.475,tonne,392.474,MA
CBAM-75052513,76011000,356.932,tonne,1272.615,CN
CBAM-59426648,28070010,650.856,tonne,2021.228,IN
CBAM-22107059,31021000,742.187,tonne,1111.891,TR
CBAM-85238243,27160000,952.715,tonne,4329.898,UA
CBAM-78722878,25232900,558.374,tonne,872.504,MA
CBAM-08703869,72083900,683.726,tonne,1431.413,CN
CBAM-04005931,76011000,137.732,tonne,668.454,IN
CBAM-49438537,28070010,155.459,tonne,3059.123,TR
CBAM-15769568,31021000,145.745,tonne,2565.834,UA
CBAM-17006314,27160000,884.61,tonne,2858.743,MA
CBAM-04357506,25232900,804.616,tonne,2442.394,CN
CBAM-37235760,72083900,130.444,tonne,2206.788,IN
CBAM-97496824,76011000,823.44,tonne,1690.002,TR
CBAM-08745632,28070010,95.1,tonne,129.803,UA
CBAM-79060657,31021000,935.684,tonne,872.927,MA
CBAM-73129064,27160000,790.267,tonne,1731.24,CN
CBAM-60476281,25232900,840.237,tonne,3645.091,IN
CBAM-61152769,72083900,907.539,tonne,2566.867,TR
CBAM-97622762,76011000,17.863,tonne,815.638,UA
CBAM-13296510,28070010,595.673,tonne,804.11,MA
CBAM-10302921,31021000,836.192,tonne,3227.883,CN
CBAM-24806117,27160000,247.522,tonne,2287.496,IN
CBAM-36528876,25232900,933.679,tonne,3562.147,TR
CBAM-71541859,72083900,708.843,tonne,206.53,UA
CBAM-01872309,76011000,407.932,tonne,3870.919,MA
CBAM-08770727,28070010,978.263,tonne,3333.137,CN
CBAM-58209242,31021000,620.522,tonne,2716.457,IN
CBAM-19560635,27160000,423.585,tonne,619.2,TR
CBAM-25091713,25232900,117.333,tonne,4852.063,UA
CBAM-30970333,72083900,686.654,tonne,4617.089,MA
CBAM-46280910,76011000,651.365,tonne,609.516,CN
CBAM-93936360,28070010,136.452,tonne,945.168,IN
CBAM-37392710,31021000,903.238,tonne,2693.1,TR
CBAM-91458178,27160000,199.778,tonne,1633.378,UA
CBAM-23922420,25232900,17.717,tonne,2625.429,MA
CBAM-05478693,72083900,45.337,tonne,3791.303,CN
CBAM-40535752,76011000,649.516,tonne,2858.439,IN
CBAM-93010635,28070010,686.576,tonne,1810.592,TR
CBAM-91400445,31021000,897.919,tonne,3107.027,UA
CBAM-99507231,27160000,632.244,tonne,1370.983,MA
CBAM-25787242,25232900,297.002,tonne,4039.629,CN
CBAM-83426088,72083900,378.858,tonne,658.409,IN
CBAM-94611225,76011000,280.334,tonne,1993.34,TR
CBAM-24663798,28070010,837.994,tonne,1595.125,UA
CBAM-86345439,31021000,369.596,tonne,4494.221,MA
CBAM-00201234,27160000,487.116,tonne,1957.402,CN
CBAM-67825389,25232900,908.071,tonne,2135.892,IN
CBAM-96854133,72083900,697.583,tonne,1079.305,TR
CBAM-23560151,76011000,540.628,tonne,2424.946,UA
CBAM-20166800,28070010,341.518,tonne,250.766,MA
CBAM-80532914,31021000,59.237,tonne,3124.436,CN
CBAM-69725374,27160000,374.313,tonne,2096.79,IN
CBAM-50226768,25232900,771.94,tonne,4049.939,TR
CBAM-52529855,72083900,384.358,tonne,4599.257,UA
CBAM-28745174,76011000,326.851,tonne,3105.174,MA
CBAM-03351887,28070010,549.43,tonne,4149.101,CN
CBAM-24067476,31021000,568.149,tonne,3188.865,IN
CBAM-26568324,27160000,911.953,tonne,3168.799,TR
CBAM-48921158,25232900,104.597,tonne,4738.148,UA
CBAM-48163628,72083900,830.824,tonne,2078.835,MA
CBAM-68940634,76011000,79.191,tonne,962.732,CN
CBAM-46912611,28070010,717.713,tonne,429.916,IN
CBAM-10739350,31021000,732.863,tonne,285.857,TR
CBAM-53729626,27160000,786.789,tonne,4523.67,UA
CBAM-35804869,25232900,632.862,tonne,4727.452,MA
CBAM-66626614,72083900,429.055,tonne,1749.856,CN
CBAM-90330269,76011000,391.88,tonne,3135.769,IN
CBAM-85543029,28070010,440.679,tonne,818.975,TR
CBAM-80509333,31021000,754.743,tonne,3359.792,UA
CBAM-11774701,27160000,764.606,tonne,2042.376,MA
CBAM-47435175,25232900,35.535,tonne,4390.039,CN
CBAM-69110455,72083900,814.486,tonne,3538.687,IN
CBAM-12413183,76011000,959.068,tonne,3821.246,TR
CBAM-15162461,28070010,486.002,tonne,3589.457,UA
CBAM-67936524,31021000,437.335,tonne,2697.726,MA
CBAM-77204991,27160000,475.195,tonne,709.522,CN
CBAM-51419972,25232900,706.445,tonne,4869.679,IN
CBAM-73793790,72083900,198.188,tonne,3224.653,TR
CBAM-89340607,76011000,511.313,tonne,1612.163,UA
CBAM-66680296,28070010,78.094,tonne,3205.98,MA
CBAM-10663620,31021000,473.955,tonne,4018.041,CN
CBAM-11252324,27160000,616.016,tonne,2813.887,IN
CBAM-23419975,25232900,551.687,tonne,3346.92,TR
CBAM-72587428,72083900,580.249,tonne,3175.29,UA
CBAM-24576749,76011000,389.127,tonne,2967.299,MA
CBAM-85559592,28070010,889.098,tonne,1480.044,CN
CBAM-73117391,31021000,248.486,tonne,545.471,IN
CBAM-08598700,27160000,749.481,tonne,4003.69,TR
CBAM-16283983,25232900,979.127,tonne,643.997,UA
CBAM-20379916,72083900,704.69,tonne,2556.939,MA
CBAM-08453097,76011000,844.098,tonne,1326.659,CN
CBAM-72999447,28070010,138.121,tonne,1068.724,IN
CBAM-26428935,31021000,595.217,tonne,205.249,TR
CBAM-12423827,27160000,481.209,tonne,3989.16,UA
CBAM-02265024,25232900,392.576,tonne,3586.615,MA
CBAM-86883462,72083900,969.532,tonne,769.762,CN
CBAM-38041653,76011000,959.656,tonne,3558.688,IN
CBAM-53706868,28070010,780.016,tonne,1390.681,TR
CBAM-23573702,31021000,811.645,tonne,4291.369,UA
CBAM-75235137,27160000,291.336,tonne,3499.289,MA
CBAM-88185635,25232900,357.897,tonne,1797.051,CN
CBAM-27240773,72083900,457.631,tonne,1784.185,IN
CBAM-48683488,76011000,744.7,tonne,984.952,TR
CBAM-76374030,28070010,528.813,tonne,4204.416,UA
CBAM-27675309,31021000,562.459,tonne,3684.822,MA
CBAM-87937822,27160000,540.873,tonne,205.313,CN
CBAM-75223642,25232900,501.154,tonne,3020.231,IN
CBAM-82963499,72083900,124.212,tonne,3564.482,TR
CBAM-69630493,76011000,471.885,tonne,2008.354,UA
CBAM-38140385,28070010,266.967,tonne,820.967,MA
CBAM-56809849,31021000,149.96,tonne,2252.838,CN
CBAM-03834107,27160000,999.135,tonne,1706.879,IN
CBAM-10671475,25232900,254.35,tonne,2162.283,TR
CBAM-02929791,72083900,496.021,tonne,135.865,UA
CBAM-54973169,76011000,128.62,tonne,3240.158,MA
CBAM-64344424,28070010,785.931,tonne,2935.764,CN
CBAM-55864699,31021000,211.752,tonne,4500.669,IN
CBAM-73249100,27160000,475.498,tonne,3284.637,TR
CBAM-13876485,25232900,250.938,tonne,191.487,UA
CBAM-17502348,72083900,27.115,tonne,1881.628,MA
CBAM-18609120,76011000,989.551,tonne,4892.601,CN
CBAM-80152834,28070010,659.055,tonne,753.523,IN
CBAM-42858055,31021000,500.92,tonne,1725.98,TR
CBAM-71621547,27160000,558.407,tonne,4779.146,UA
CBAM-48286680,25232900,10.631,tonne,3872.603,MA
CBAM-35249088,72083900,778.808,tonne,3078.981,CN
CBAM-77764661,76011000,865.064,tonne,135.4,IN
CBAM-29133790,28070010,875.775,tonne,285.241,TR
CBAM-76989891,31021000,974.305,tonne,3734.191,UA
CBAM-83825149,27160000,229.338,tonne,2926.844,MA
CBAM-20609377,25232900,126.999,tonne,1676.327,CN
CBAM-37014031,72083900,649.319,tonne,3131.962,IN
CBAM-67893571,76011000,921.038,tonne,4550.512,TR
CBAM-36915769,28070010,477.77,tonne,4687.333,UA
CBAM-80348498,31021000,528.913,tonne,453.272,MA
CBAM-47999852,27160000,913.962,tonne,177.478,CN
CBAM-52619709,25232900,995.255,tonne,424.715,IN
CBAM-25226254,72083900,749.8,tonne,4197.106,TR
CBAM-03471716,76011000,86.277,tonne,828.705,UA
CBAM-97145429,28070010,90.67,tonne,661.556,MA
CBAM-51360817,31021000,317.306,tonne,4172.463,CN
CBAM-87781691,27160000,346.773,tonne,2157.685,IN
CBAM-83845123,25232900,150.82,tonne,485.226,TR
CBAM-28012162,72083900,885.811,tonne,303.882,UA
CBAM-56320992,76011000,312.498,tonne,51.574,MA
CBAM-25894988,28070010,920.195,tonne,3387.706,CN
CBAM-26456296,31021000,629.363,tonne,1546.037,IN
CBAM-44412701,27160000,833.441,tonne,937.335,TR
CBAM-02331275,25232900,807.017,tonne,1281.538,UA
CBAM-15670671,72083900,6.889,tonne,4450.552,MA
CBAM-10176414,76011000,829.26,tonne,147.157,CN
CBAM-68437882,28070010,196.141,tonne,994.279,IN
CBAM-85693034,31021000,584.712,tonne,1124.893,TR
CBAM-16951845,27160000,156.514,tonne,3133.661,UA
CBAM-85016212,25232900,170.306,tonne,2945.678,MA
CBAM-28764773,72083900,751.493,tonne,1179.053,CN
CBAM-15723072,76011000,986.646,tonne,2885.99,IN
CBAM-57106849,28070010,809.989,tonne,676.71,TR
CBAM-38887869,31021000,771.641,tonne,4490.842,UA
CBAM-97790346,27160000,333.393,tonne,1145.774,MA
CBAM-08158794,25232900,968.772,tonne,126.633,CN
CBAM-03050302,72083900,684.849,tonne,3983.106,IN
CBAM-93344863,76011000,924.829,tonne,3197.369,TR
CBAM-33987854,28070010,328.966,tonne,3650.857,UA
CBAM-46419706,31021000,530.978,tonne,3287.025,MA
CBAM-31048567,27160000,663.526,tonne,2492.652,CN
CBAM-39754903,25232900,103.635,tonne,1843.468,IN
CBAM-84083194,72083900,395.811,tonne,107.941,TR
CBAM-02986996,76011000,508.351,tonne,2499.222,UA
CBAM-28675342,28070010,224.499,tonne,2523.977,MA
CBAM-16174112,31021000,204.064,tonne,1967.552,CN
CBAM-30790057,27160000,997.815,tonne,1767.715,IN
CBAM-80816279,25232900,1.9,tonne,4357.05,TR
CBAM-96319888,72083900,735.927,tonne,3142.865,UA
CBAM-29462492,76011000,767.124,tonne,3789.063,MA
CBAM-77414503,28070010,601.058,tonne,1026.384,CN
CBAM-32014469,31021000,71.09,tonne,2592.687,IN
CBAM-29614801,27160000,507.408,tonne,4869.693,TR
CBAM-67674646,25232900,929.258,tonne,2143.488,UA
CBAM-45290475,72083900,43.517,tonne,4755.983,MA
CBAM-62385920,76011000,695.964,tonne,1690.255,CN
CBAM-66040713,28070010,141.032,tonne,3234.848,IN
CBAM-16983659,31021000,817.266,tonne,4143.432,TR
CBAM-21772723,27160000,882.55,tonne,4606.972,UA
CBAM-71447975,25232900,899.607,tonne,4241.873,MA
CBAM-74736101,72083900,900.072,tonne,1524.534,CN
CBAM-42193563,76011000,831.241,tonne,2320.079,IN
CBAM-92564250,28070010,746.925,tonne,4635.988,TR
CBAM-59708014,31021000,74.993,tonne,1764.341,UA
CBAM-20689836,27160000,888.488,tonne,4198.662,MA
CBAM-66581591,25232900,606.477,tonne,3971.551,CN
CBAM-86304224,72083900,722.079,tonne,4774.902,IN
CBAM-90838160,76011000,771.918,tonne,2538.597,TR
CBAM-14631192,28070010,762.742,tonne,3218.789,UA
CBAM-40885564,31021000,88.386,tonne,360.13,MA
CBAM-72282068,27160000,160.64,tonne,1121.887,CN
CBAM-83014979,25232900,557.216,tonne,1037.894,IN
CBAM-97032725,72083900,926.109,tonne,3796.451,TR
CBAM-24698186,76011000,677.507,tonne,4572.656,UA
CBAM-13207755,28070010,805.377,tonne,3408.509,MA
CBAM-94928504,31021000,531.359,tonne,1716.356,CN
CBAM-67698994,27160000,584.463,tonne,901.561,IN
CBAM-10305603,25232900,257.272,tonne,3910.268,TR
CBAM-37939995,72083900,544.362,tonne,4817.358,UA
CBAM-79151012,76011000,393.868,tonne,1729.112,MA
CBAM-60553876,28070010,757.921,tonne,1179.039,CN
CBAM-67829900,31021000,729.285,tonne,4791.799,IN
CBAM-22999565,27160000,899.22,tonne,2678.845,TR
CBAM-44680039,25232900,510.755,tonne,2284.584,UA
CBAM-25522109,72083900,560.966,tonne,1205.464,MA
CBAM-86133929,76011000,309.093,tonne,4050.292,CN
CBAM-53688234,28070010,395.007,tonne,3598.447,IN
CBAM-21686178,31021000,194.528,tonne,1286.321,TR
CBAM-77711974,27160000,720.554,tonne,4131.509,UA
CBAM-39917660,25232900,877.638,tonne,4642.379,MA
CBAM-20937024,72083900,439.556,tonne,4987.955,CN
CBAM-49327434,76011000,919.827,tonne,524.989,IN
CBAM-67446359,28070010,248.165,tonne,3020.421,TR
CBAM-70372793,31021000,968.107,tonne,1874.523,UA
CBAM-83944598,27160000,346.861,tonne,3138.372,MA
CBAM-92971816,25232900,686.634,tonne,2161.799,CN
CBAM-29154358,72083900,724.197,tonne,1270.024,IN
CBAM-74651311,76011000,170.246,tonne,2922.143,TR
CBAM-37679808,28070010,194.128,tonne,4642.059,UA
CBAM-81964509,31021000,357.613,tonne,729.796,MA
CBAM-43709224,27160000,513.298,tonne,3642.228,CN
CBAM-30514458,25232900,363.475,tonne,452.324,IN
CBAM-91734647,72083900,985.58,tonne,2492.007,TR
CBAM-06986301,76011000,527.303,tonne,2403.922,UA
CBAM-30300423,28070010,124.605,tonne,737.097,MA
CBAM-78796933,31021000,677.909,tonne,4875.946,CN
CBAM-37801286,27160000,980.673,tonne,3014.81,IN
CBAM-92532227,25232900,467.059,tonne,2755.625,TR
CBAM-90412792,72083900,430.286,tonne,433.369,UA
CBAM-82167959,76011000,711.643,tonne,4027.561,MA
CBAM-73246566,28070010,50.954,tonne,881.641,CN
CBAM-39632848,31021000,124.121,tonne,4870.339,IN
CBAM-85877206,27160000,268.941,tonne,750.407,TR
CBAM-07227364,25232900,523.846,tonne,1724.8,UA
CBAM-75747197,72083900,823.326,tonne,3533.005,MA
CBAM-31188762,76011000,23.283,tonne,4169.006,CN
CBAM-91882255,28070010,776.503,tonne,1148.927,IN
CBAM-70834706,31021000,930.119,tonne,3809.379,TR
CBAM-63103838,27160000,596.35,tonne,2805.057,UA
CBAM-22152090,25232900,601.42,tonne,1409.679,MA
CBAM-89450636,72083900,512.695,tonne,2912.459,CN
CBAM-73850066,76011000,997.231,tonne,2144.607,IN
CBAM-82082521,28070010,384.662,tonne,4736.957,TR
CBAM-56564295,31021000,310.075,tonne,1813.023,UA
CBAM-69788290,27160000,246.201,tonne,1117.485,MA
CBAM-98104268,25232900,100.74,tonne,3508.228,CN
CBAM-50281739,72083900,476.663,tonne,1600.558,IN
CBAM-68295486,76011000,651.745,tonne,93.575,TR
CBAM-13153556,28070010,450.564,tonne,4757.984,UA
CBAM-65104412,31021000,153.38,tonne,2673.034,MA
CBAM-70891501,27160000,812.75,tonne,2480.219,CN
CBAM-29388416,25232900,987.304,tonne,1727.397,IN
CBAM-78321562,72083900,616.631,tonne,3067.403,TR
CBAM-71286759,76011000,607.493,tonne,1825.574,UA
CBAM-55236756,28070010,715.709,tonne,2421.327,MA
CBAM-61067447,31021000,273.108,tonne,3649.537,CN
CBAM-60045271,27160000,451.069,tonne,4090.691,IN
CBAM-25489945,25232900,926.008,tonne,187.754,TR
CBAM-50901064,72083900,686.577,tonne,4102.048,UA
CBAM-04431874,76011000,427.684,tonne,883.641,MA
CBAM-78935048,28070010,818.98,tonne,3887.642,CN
CBAM-39532656,31021000,804.138,tonne,2213.751,IN
CBAM-51668585,27160000,566.766,tonne,3218.693,TR
CBAM-36524699,25232900,516.071,tonne,525.677,UA
CBAM-44355059,72083900,297.659,tonne,3983.907,MA
CBAM-23727221,76011000,876.094,tonne,4570.212,CN
CBAM-43203250,28070010,719.099,tonne,2571.301,IN
CBAM-27209054,31021000,435.589,tonne,1325.886,TR
CBAM-37189799,27160000,85.667,tonne,2469.801,UA
CBAM-31725810,25232900,283.335,tonne,1518.561,MA
CBAM-43235991,72083900,907.194,tonne,198.936,CN
CBAM-09409912,76011000,283.688,tonne,1855.391,IN
CBAM-12199996,28070010,87.606,tonne,3561.916,TR
CBAM-13989572,31021000,612.191,tonne,4071.116,UA
CBAM-57188716,27160000,379.518,tonne,567.316,MA
CBAM-88551894,25232900,35.962,tonne,166.818,CN
CBAM-92916987,72083900,736.558,tonne,678.043,IN
CBAM-36160811,76011000,103.948,tonne,2085.827,TR
CBAM-77579191,28070010,805.76,tonne,4407.946,UA
CBAM-27547549,31021000,823.821,tonne,3146.951,MA
CBAM-29963472,27160000,103.573,tonne,1451.631,CN
CBAM-07224414,25232900,291.462,tonne,3401.002,IN
CBAM-29539429,72083900,236.314,tonne,1333.838,TR
CBAM-29155095,76011000,584.081,tonne,1250.998,UA
CBAM-73469804,28070010,588.509,tonne,4546.853,MA
CBAM-17592034,31021000,61.706,tonne,932.727,CN
CBAM-73583575,27160000,888.899,tonne,4435.263,IN
CBAM-65890162,25232900,320.389,tonne,136.792,TR
CBAM-73430282,72083900,327.365,tonne,3492.811,UA
CBAM-42650644,76011000,163.32,tonne,2107.844,MA
CBAM-05658636,28070010,475.464,tonne,2318.383,CN
CBAM-37174882,31021000,856.506,tonne,3410.122,IN
CBAM-44389803,27160000,557.699,tonne,2664.581,TR
CBAM-87004247,25232900,524.634,tonne,4983.551,UA
CBAM-29346058,72083900,813.284,tonne,3857.357,MA
CBAM-36515131,76011000,602.028,tonne,1577.09,CN
CBAM-22923742,28070010,322.9,tonne,1662.755,IN
CBAM-35941679,31021000,955.668,tonne,3454.369,TR
CBAM-24185812,27160000,6.782,tonne,4648.629,UA
CBAM-89900037,25232900,898.903,tonne,4582.038,MA
CBAM-02951073,72083900,62.829,tonne,1061.829,CN
CBAM-84277541,76011000,267.976,tonne,2583.102,IN
CBAM-32936540,28070010,622.633,tonne,949.537,TR
CBAM-24436833,31021000,946.885,tonne,783.562,UA
CBAM-26189244,27160000,59.478,tonne,4250.383,MA
CBAM-17683538,25232900,35.646,tonne,3006.247,CN
CBAM-51654698,72083900,717.696,tonne,2605.983,IN
CBAM-04298008,76011000,639.018,tonne,4793.73,TR
CBAM-27220981,28070010,175.991,tonne,1224.499,UA
CBAM-44309770,31021000,449.835,tonne,248.797,MA
CBAM-12922963,27160000,76.911,tonne,2290.88,CN
CBAM-92080620,25232900,29.555,tonne,1601.158,IN
CBAM-65970725,72083900,481.382,tonne,1948.871,TR
CBAM-99012307,76011000,45.625,tonne,243.68,UA
CBAM-22269178,28070010,506.715,tonne,2518.566,MA
CBAM-28415416,31021000,51.241,tonne,2122.44,CN
CBAM-95430028,27160000,494.952,tonne,2946.216,IN
CBAM-67485464,25232900,527.717,tonne,1319.349,TR
CBAM-95996229,72083900,255.969,tonne,535.388,UA
CBAM-93258629,76011000,142.219,tonne,300.074,MA
CBAM-08491806,28070010,302.312,tonne,3583.777,CN
CBAM-89790025,31021000,166.722,tonne,2142.16,IN
CBAM-57329019,27160000,878.122,tonne,2255.303,TR
CBAM-16492980,25232900,470.411,tonne,2453.814,UA
CBAM-93242785,72083900,388.299,tonne,417.369,MA
CBAM-27325948,76011000,395.673,tonne,272.233,CN
CBAM-22147715,28070010,639.204,tonne,943.618,IN
CBAM-01462092,31021000,655.512,tonne,3580.941,TR
CBAM-24380830,27160000,961.075,tonne,1691.442,UA
CBAM-02786838,25232900,851.089,tonne,1308.985,MA
CBAM-93129551,72083900,171.215,tonne,4503.983,CN
CBAM-79689203,76011000,793.308,tonne,1502.973,IN
CBAM-10718854,28070010,832.911,tonne,3747.835,TR
CBAM-32335860,31021000,723.543,tonne,3691.792,UA
CBAM-34129361,27160000,467.991,tonne,4526.103,MA
CBAM-19345108,25232900,20.405,tonne,3708.436,CN
CBAM-37707052,72083900,149.377,tonne,2764.716,IN
CBAM-62818782,76011000,932.236,tonne,820.99,TR
CBAM-85729533,28070010,65.58,tonne,3410.331,UA
CBAM-84323422,31021000,888.389,tonne,4433.936,MA
CBAM-29733817,27160000,322.677,tonne,1539.15,CN
CBAM-09430521,25232900,857.767,tonne,4179.253,IN
CBAM-73381092,72083900,914.287,tonne,4678.338,TR
CBAM-95284977,76011000,689.721,tonne,1823.503,UA
CBAM-83370280,28070010,145.918,tonne,5003.312,MA
CBAM-00391961,31021000,640.827,tonne,3167.659,CN
CBAM-73017116,27160000,480.804,tonne,192.788,IN
CBAM-44150900,25232900,173.26,tonne,4708.848,TR
CBAM-82060976,72083900,809.69,tonne,2810.881,UA
CBAM-80479362,76011000,896.414,tonne,4505.176,MA
CBAM-54718451,28070010,85.973,tonne,1879.414,CN
CBAM-18523656,31021000,979.825,tonne,4355.151,IN
CBAM-16692714,27160000,524.636,tonne,398.188,TR
CBAM-97027269,25232900,380.566,tonne,2915.188,UA
CBAM-65562585,72083900,763.408,tonne,986.224,MA
CBAM-33859858,76011000,430.761,tonne,3164.299,CN
CBAM-06481529,28070010,515.852,tonne,156.618,IN
CBAM-44867142,31021000,148.602,tonne,3002.434,TR
CBAM-06587170,27160000,813.896,tonne,3850.397,UA
CBAM-73943515,25232900,260.128,tonne,4373.845,MA
CBAM-79211701,72083900,997.541,tonne,1043.334,CN
CBAM-62518657,76011000,818.372,tonne,1109.099,IN
CBAM-82687958,28070010,68.401,tonne,2763.905,TR
CBAM-02526760,31021000,960.506,tonne,591.069,UA
CBAM-19065413,27160000,272.923,tonne,100.524,MA
CBAM-54902670,25232900,746.462,tonne,546.643,CN
CBAM-20310590,72083900,640.935,tonne,3236.607,IN
CBAM-23092360,76011000,543.775,tonne,4168.228,TR
CBAM-35455097,28070010,912.827,tonne,379.957,UA
CBAM-75878562,31021000,795.619,tonne,3349.103,MA
CBAM-67425331,27160000,490.026,tonne,686.676,CN
CBAM-94865719,25232900,206.711,tonne,4864.965,IN
CBAM-61708074,72083900,362.249,tonne,3415.123,TR
CBAM-73167203,76011000,662.328,tonne,2450.031,UA
CBAM-75682046,28070010,203.992,tonne,820.772,MA
CBAM-23760462,31021000,688.447,tonne,4929.476,CN
CBAM-91998153,27160000,604.212,tonne,257.674,IN
CBAM-54147725,25232900,33.23,tonne,55.692,TR
CBAM-69532936,72083900,731.852,tonne,363.783,UA
CBAM-78570587,76011000,23.663,tonne,2461.32,MA
CBAM-17739697,28070010,154.276,tonne,1699.725,CN
CBAM-11817128,31021000,584.857,tonne,2956.331,IN
CBAM-84103381,27160000,33.713,tonne,4744.073,TR
CBAM-08905520,25232900,157.769,tonne,354.287,UA
CBAM-67785308,72083900,159.495,tonne,1500.875,MA
CBAM-41357337,76011000,954.425,tonne,4903.457,CN
CBAM-11712340,28070010,444.772,tonne,4159.927,IN
CBAM-76685472,31021000,33.428,tonne,4619.691,TR
CBAM-02409578,27160000,678.403,tonne,1491.188,UA
CBAM-67944225,25232900,97.416,tonne,4191.749,MA
CBAM-09330714,72083900,311.593,tonne,2989.691,CN
CBAM-22675761,76011000,333.504,tonne,4193.972,IN
CBAM-46133848,28070010,442.083,tonne,2207.95,TR
CBAM-69516603,31021000,492.922,tonne,2209.636,UA
CBAM-03626864,27160000,614.402,tonne,2232.537,MA
CBAM-69191067,25232900,673.8,tonne,4130.72,CN
CBAM-25977150,72083900,574.724,tonne,1602.229,IN
CBAM-97742266,76011000,474.628,tonne,1582.607,TR
CBAM-41803413,28070010,65.787,tonne,288.515,UA
CBAM-89308126,31021000,821.416,tonne,4485.891,MA
CBAM-79254331,27160000,639.791,tonne,1187.268,CN
CBAM-41880810,25232900,326.688,tonne,1845.728,IN
CBAM-62927089,72083900,772.509,tonne,4421.421,TR
CBAM-43114076,76011000,63.533,tonne,1993.512,UA
CBAM-96605400,28070010,253.847,tonne,3474.161,MA
CBAM-86479834,31021000,352.959,tonne,1887.018,CN
CBAM-69566129,27160000,58.238,tonne,2743.836,IN
CBAM-17395679,25232900,683.933,tonne,2633.045,TR
CBAM-32029721,72083900,283.646,tonne,4367.495,UA
CBAM-66930385,76011000,856.229,tonne,3967.458,MA
CBAM-70548411,28070010,429.148,tonne,4450.231,CN
CBAM-93389181,31021000,424.129,tonne,2467.544,IN
CBAM-84042405,27160000,638.199,tonne,4326.586,TR
CBAM-40222897,25232900,722.658,tonne,2669.342,UA
CBAM-45255635,72083900,533.912,tonne,1675.767,MA
CBAM-48544395,76011000,963.583,tonne,3656.534,CN
CBAM-35310261,28070010,246.159,tonne,375.111,IN
CBAM-33405419,31021000,664.065,tonne,3112.562,TR
CBAM-20980322,27160000,195.265,tonne,2988.586,UA
CBAM-04919376,25232900,785.509,tonne,2570.751,MA
CBAM-34072948,72083900,421.247,tonne,4814.577,CN
CBAM-98342941,76011000,781.871,tonne,4086.035,IN
CBAM-22869694,28070010,433.294,tonne,2092.467,TR
CBAM-12632639,31021000,362.929,tonne,2324.68,UA
CBAM-20189740,27160000,55.925,tonne,2256.584,MA
CBAM-52397432,25232900,463.54,tonne,4831.841,CN
CBAM-77891996,72083900,662.883,tonne,1488.603,IN
CBAM-62430259,76011000,139.646,tonne,4650.242,TR
CBAM-72385166,28070010,254.587,tonne,130.801,UA
CBAM-63317327,31021000,966.403,tonne,3021.961,MA
CBAM-04662009,27160000,941.733,tonne,123.309,CN
CBAM-65179091,25232900,484.888,tonne,4840.753,IN
CBAM-26057057,72083900,678.231,tonne,564.34,TR
CBAM-24837576,76011000,659.385,tonne,2876.182,UA
CBAM-72882793,28070010,2.043,tonne,332.427,MA
CBAM-95235167,31021000,178.746,tonne,2656.089,CN
CBAM-39229447,27160000,832.451,tonne,4408.997,IN
CBAM-70157520,25232900,693.99,tonne,2365.484,TR
CBAM-48134336,72083900,330.032,tonne,1060.362,UA
CBAM-01747237,76011000,85.518,tonne,3851.411,MA
CBAM-73972216,28070010,280.542,tonne,4656.863,CN
CBAM-46451952,31021000,898.235,tonne,372.456,IN
CBAM-60071578,27160000,62.971,tonne,1781.186,TR
CBAM-90857690,25232900,601.857,tonne,1642.221,UA
CBAM-20644513,72083900,679.799,tonne,750.203,MA
CBAM-19977570,76011000,225.46,tonne,4685.57,CN
CBAM-60520065,28070010,136.433,tonne,4846.564,IN
CBAM-79089841,31021000,942.797,tonne,3872.67,TR
CBAM-11128464,27160000,77.641,tonne,4292.373,UA
CBAM-51206151,25232900,878.375,tonne,1431.221,MA
CBAM-58971623,72083900,626.498,tonne,3351.031,CN
CBAM-50336755,76011000,306.737,tonne,4888.329,IN
CBAM-18107652,28070010,569.749,tonne,3286.815,TR
CBAM-72827568,31021000,579.56,tonne,2265.73,UA
CBAM-29972846,27160000,394.873,tonne,4660.134,MA
CBAM-14536682,25232900,309.43,tonne,4724.856,CN
CBAM-26380090,72083900,704.756,tonne,97.202,IN
CBAM-76874349,76011000,879.122,tonne,3966.952,TR
CBAM-57781210,28070010,840.466,tonne,1499.304,UA
CBAM-22868896,31021000,707.036,tonne,3862.628,MA
CBAM-10235158,27160000,691.892,tonne,3279.221,CN
CBAM-97823216,25232900,103.855,tonne,4540.172,IN
CBAM-42997116,72083900,757.142,tonne,1529.079,TR
CBAM-65299191,76011000,92.249,tonne,2026.764,UA
CBAM-81611035,28070010,888.147,tonne,1203.62,MA
CBAM-08733994,31021000,749.741,tonne,4674.482,CN
CBAM-56432647,27160000,615.443,tonne,4025.295,IN
CBAM-79239397,25232900,367.746,tonne,1984.226,TR
CBAM-61408518,72083900,430.84,tonne,1743.818,UA
CBAM-31299035,76011000,793.348,tonne,2180.42,MA
CBAM-05886158,28070010,874.691,tonne,1515.831,CN
CBAM-65760728,31021000,585.165,tonne,811.375,IN
CBAM-20216618,27160000,643.142,tonne,4085.698,TR
CBAM-21588802,25232900,113.023,tonne,2861.541,UA
CBAM-04023971,72083900,540.544,tonne,4365.493,MA
CBAM-03432972,76011000,159.751,tonne,4661.725,CN
CBAM-05647791,28070010,943.327,tonne,3559.373,IN
CBAM-50291154,31021000,17.421,tonne,109.135,TR
CBAM-85410376,27160000,772.866,tonne,4410.179,UA
CBAM-37082539,25232900,852.958,tonne,2132.229,MA
CBAM-60841123,72083900,144.233,tonne,4945.78,CN
CBAM-53431333,76011000,266.293,tonne,4778.222,IN
CBAM-07749759,28070010,756.987,tonne,796.551,TR
CBAM-90589955,31021000,756.706,tonne,2971.44,UA
CBAM-71161605,27160000,39.563,tonne,3667.368,MA
CBAM-34597143,25232900,64.736,tonne,2786.861,CN
CBAM-33364291,72083900,395.42,tonne,3374.438,IN
CBAM-24038513,76011000,722.78,tonne,582.378,TR
CBAM-41388063,28070010,223.495,tonne,2651.285,UA
CBAM-26825703,31021000,858.955,tonne,2352.768,MA
CBAM-90197516,27160000,252.606,tonne,3172.687,CN
CBAM-61374389,25232900,659.567,tonne,3128.67,IN
CBAM-54220157,72083900,59.33,tonne,996.128,TR
CBAM-40917462,76011000,617.751,tonne,3517.685,UA
CBAM-42725126,28070010,86.724,tonne,2828.859,MA
CBAM-36583679,31021000,179.781,tonne,583.476,CN
CBAM-08594699,27160000,830.229,tonne,3329.766,IN
CBAM-13177965,25232900,216.779,tonne,4596.173,TR
CBAM-32509950,72083900,532.097,tonne,2410.258,UA
CBAM-76602664,76011000,527.851,tonne,746.444,MA
CBAM-90762871,28070010,87.861,tonne,2162.088,CN
CBAM-71711642,31021000,778.213,tonne,2417.244,IN
CBAM-36226497,27160000,392.665,tonne,1393.651,TR
CBAM-78255233,25232900,853.984,tonne,2012.576,UA
CBAM-48300186,72083900,905.885,tonne,3692.886,MA
CBAM-24350040,76011000,901.557,tonne,407.27,CN
CBAM-18954274,28070010,791.213,tonne,911.234,IN
CBAM-49728537,31021000,683.421,tonne,1310.542,TR
CBAM-87212149,27160000,803.149,tonne,4847.858,UA
CBAM-44186974,25232900,242.099,tonne,2860.633,MA
CBAM-33817748,72083900,742.627,tonne,2302.384,CN
CBAM-69967063,76011000,380.958,tonne,1897.53,IN
CBAM-04164497,28070010,817.666,tonne,4682.446,TR
CBAM-24475807,31021000,522.656,tonne,3017.809,UA
CBAM-08314863,27160000,397.461,tonne,4233.443,MA
CBAM-49678030,25232900,419.58,tonne,4593.129,CN
CBAM-04085004,72083900,96.972,tonne,155.477,IN
CBAM-14134396,76011000,68.656,tonne,1747.657,TR
CBAM-71818876,28070010,834.776,tonne,1106.978,UA
CBAM-54420556,31021000,828.748,tonne,1597.77,MA
CBAM-83877468,27160000,218.293,tonne,2931.524,CN
CBAM-60900975,25232900,212.198,tonne,1999.935,IN
CBAM-12511525,72083900,548.372,tonne,915.69,TR
CBAM-39860944,76011000,844.114,tonne,1179.039,UA
CBAM-88109296,28070010,575.821,tonne,648.286,MA
CBAM-69607402,31021000,873.252,tonne,2277.239,CN
CBAM-36876414,27160000,368.625,tonne,4653.307,IN
CBAM-57028144,25232900,22.005,tonne,2945.796,TR
CBAM-79903627,72083900,301.615,tonne,3004.48,UA
CBAM-24380087,76011000,960.719,tonne,1767.446,MA
CBAM-38137598,28070010,567.622,tonne,1073.691,CN
CBAM-96185403,31021000,493.892,tonne,906.674,IN
CBAM-42918795,27160000,749.561,tonne,1968.97,TR
CBAM-99446279,25232900,202.193,tonne,2160.822,UA
CBAM-93956979,72083900,880.802,tonne,435.032,MA
CBAM-77197253,76011000,973.02,tonne,803.128,CN
CBAM-61705112,28070010,775.242,tonne,4894.42,IN
CBAM-42664151,31021000,639.159,tonne,4140.282,TR
CBAM-82454293,27160000,448.23,tonne,472.992,UA
CBAM-53110825,25232900,287.46,tonne,1284.869,MA
CBAM-86231667,72083900,968.722,tonne,648.6,CN
CBAM-88944273,76011000,979.701,tonne,3087.727,IN
CBAM-59620131,28070010,416.485,tonne,2784.287,TR
CBAM-22551399,31021000,426.407,tonne,2409.313,UA
CBAM-73325507,27160000,781.357,tonne,4577.911,MA
CBAM-62312377,25232900,101.737,tonne,646.309,CN
CBAM-47581606,72083900,815.1,tonne,2295.265,IN
CBAM-89577986,76011000,964.855,tonne,4042.41,TR
CBAM-42425925,28070010,909.567,tonne,4921.043,UA
CBAM-58902833,31021000,10.994,tonne,3443.603,MA
CBAM-28690032,27160000,257.016,tonne,2474.051,CN
CBAM-99617029,25232900,862.784,tonne,4317.477,IN
CBAM-73983241,72083900,669.211,tonne,3216.119,TR
CBAM-29028866,76011000,833.956,tonne,978.474,UA
CBAM-24912537,28070010,658.965,tonne,660.379,MA
CBAM-07119265,31021000,410.98,tonne,4765.787,CN
CBAM-97882517,27160000,447.906,tonne,5006.253,IN
CBAM-23835755,25232900,612.736,tonne,4341.429,TR
CBAM-62208259,72083900,212.557,tonne,1798.214,UA
CBAM-11569429,76011000,524.804,tonne,2666.206,MA
CBAM-69442638,28070010,941.508,tonne,3067.24,CN
CBAM-47536719,31021000,500.986,tonne,2931.291,IN
CBAM-11573530,27160000,379.753,tonne,295.183,TR
CBAM-59202551,25232900,241.412,tonne,2707.414,UA
CBAM-09606238,72083900,165.369,tonne,1429.975,MA
CBAM-23297229,76011000,851.747,tonne,3735.656,CN
CBAM-61561530,28070010,350.633,tonne,3546.911,IN
CBAM-40276250,31021000,99.325,tonne,688.867,TR
CBAM-77756223,27160000,859.242,tonne,1553.027,UA
CBAM-43383972,25232900,11.875,tonne,3694.815,MA
CBAM-37424767,72083900,399.361,tonne,2140.819,CN
CBAM-68757345,76011000,839.955,tonne,300.321,IN
CBAM-25967027,28070010,86.063,tonne,29.629,TR
CBAM-88250314,31021000,197.098,tonne,320.451,UA
CBAM-20824806,27160000,351.997,tonne,1080.925,MA
CBAM-92423460,25232900,292.578,tonne,203.146,CN
CBAM-84254824,72083900,250.943,tonne,791.587,IN
CBAM-15564183,76011000,258.78,tonne,1043.061,TR
CBAM-97420553,28070010,239.986,tonne,1161.832,UA
CBAM-53436186,31021000,60.17,tonne,2786.741,MA
CBAM-91945443,27160000,833.518,tonne,2168.422,CN
CBAM-00499736,25232900,60.673,tonne,2403.471,IN
CBAM-18113507,72083900,762.58,tonne,56.241,TR
CBAM-57580667,76011000,203.48,tonne,1402.556,UA
CBAM-47541993,28070010,813.894,tonne,1737.782,MA
CBAM-11610625,31021000,977.18,tonne,177.58,CN
CBAM-40082289,27160000,215.377,tonne,572.438,IN
CBAM-49000474,25232900,252.42,tonne,2735.341,TR
CBAM-66644129,72083900,488.711,tonne,4759.361,UA
CBAM-46661189,76011000,564.496,tonne,820.229,MA
CBAM-37670068,28070010,588.831,tonne,1888.945,CN
CBAM-10449050,31021000,745.221,tonne,4195.736,IN
CBAM-36365899,27160000,213.741,tonne,326.969,TR
CBAM-52066644,25232900,142.309,tonne,222.863,UA
CBAM-16321787,72083900,335.47,tonne,4330.69,MA
CBAM-48265030,76011000,623.934,tonne,1581.462,CN
CBAM-47101937,28070010,87.523,tonne,1599.349,IN
CBAM-14461167,31021000,325.697,tonne,2214.411,TR
CBAM-68263625,27160000,999.607,tonne,599.447,UA
CBAM-33872707,25232900,432.633,tonne,4853.62,MA
CBAM-55675904,72083900,518.247,tonne,207.455,CN
CBAM-91260625,76011000,579.366,tonne,522.022,IN
CBAM-63677106,28070010,131.174,tonne,258.96,TR
CBAM-60826531,31021000,608.239,tonne,945.163,UA
CBAM-07791906,27160000,743.624,tonne,4556.532,MA
CBAM-34995411,25232900,737.225,tonne,1523.921,CN
CBAM-03741712,72083900,955.279,tonne,3192.715,IN
CBAM-97040093,76011000,618.7,tonne,1116.519,TR
CBAM-75086601,28070010,2.611,tonne,2335.523,UA
CBAM-78516913,31021000,714.674,tonne,968.294,MA
CBAM-02396168,27160000,622.692,tonne,224.397,CN
CBAM-44570275,25232900,645.76,tonne,2936.645,IN
CBAM-08800034,72083900,94.598,tonne,4585.496,TR
CBAM-92145275,76011000,541.288,tonne,1932.113,UA
CBAM-72237017,28070010,522.317,tonne,3708.282,MA
CBAM-77862000,31021000,460.317,tonne,3762.931,CN
CBAM-77602722,27160000,976.113,tonne,545.836,IN
CBAM-90171350,25232900,257.308,tonne,3212.972,TR
CBAM-59492066,72083900,139.092,tonne,3462.025,UA
CBAM-90959036,76011000,661.419,tonne,4735.077,MA
CBAM-83420382,28070010,295.095,tonne,2166.083,CN
CBAM-77185725,31021000,798.953,tonne,3267.637,IN
CBAM-31678087,27160000,445.463,tonne,2219.524,TR
CBAM-19861860,25232900,357.196,tonne,3158.496,UA
CBAM-53170611,72083900,479.811,tonne,3524.675,MA
CBAM-73841054,76011000,358.775,tonne,2957.444,CN
CBAM-97782612,28070010,685.75,tonne,4849.464,IN
CBAM-07913745,31021000,195.692,tonne,4054.91,TR
CBAM-33067438,27160000,711.929,tonne,4075.606,UA
CBAM-71831691,25232900,640.96,tonne,2543.418,MA
CBAM-46823766,72083900,577.136,tonne,3350.717,CN
CBAM-44854617,76011000,990.507,tonne,3211.027,IN
CBAM-80386049,28070010,904.891,tonne,4123.544,TR
CBAM-07543043,31021000,113.701,tonne,704.908,UA
CBAM-05208192,27160000,512.73,tonne,916.729,MA
CBAM-54044413,25232900,744.454,tonne,2165.673,CN
CBAM-15299046,72083900,588.848,tonne,2208.345,IN
CBAM-47349391,76011000,484.645,tonne,1259.088,TR
CBAM-51814032,28070010,591.928,tonne,2920.222,UA
CBAM-18183536,31021000,504.37,tonne,2887.058,MA
CBAM-72332999,27160000,173.505,tonne,2112.706,CN
CBAM-74480245,25232900,86.415,tonne,4342.054,IN
CBAM-15578123,72083900,974.627,tonne,1253.945,TR
CBAM-21932911,76011000,375.078,tonne,2200.23,UA
CBAM-00127860,28070010,852.517,tonne,4929.762,MA
CBAM-06251520,31021000,717,tonne,3188.889,CN
CBAM-95878945,27160000,902.095,tonne,2070.252,IN
CBAM-71324875,25232900,266.61,tonne,4444.229,TR
CBAM-19270567,72083900,476.133,tonne,3699.447,UA
CBAM-33665538,76011000,598.208,tonne,2860.78,MA
CBAM-93008146,28070010,834.379,tonne,46.843,CN
CBAM-53242006,31021000,276.501,tonne,3542.585,IN
CBAM-71782990,27160000,906.983,tonne,2853.712,TR
CBAM-11987892,25232900,784.968,tonne,4275.517,UA
CBAM-64448764,72083900,744.924,tonne,4477.673,MA
CBAM-16337751,76011000,516.205,tonne,920.919,CN
CBAM-12462515,28070010,817.895,tonne,2841.211,IN
CBAM-22662477,31021000,572.7,tonne,803.339,TR
CBAM-61987768,27160000,49.514,tonne,1224.138,UA
CBAM-74223434,25232900,263.867,tonne,903.637,MA
CBAM-06037690,72083900,705.594,tonne,434.203,CN
CBAM-43193307,76011000,665.413,tonne,1076.651,IN
CBAM-20241479,28070010,694.921,tonne,2149.97,TR
CBAM-44781606,31021000,133.595,tonne,3275.915,UA
CBAM-02622378,27160000,724.504,tonne,3190.85,MA
CBAM-60511781,25232900,463.196,tonne,1926.224,CN
CBAM-57976322,72083900,843.831,tonne,2045.518,IN
CBAM-58659970,76011000,769.236,tonne,4007.252,TR
CBAM-30459403,28070010,209.532,tonne,2542.523,UA
CBAM-73494965,31021000,477.08,tonne,4077.958,MA
CBAM-52046894,27160000,742.943,tonne,302.805,CN
CBAM-29082984,25232900,11.58,tonne,1812.706,IN
CBAM-48660336,72083900,187.888,tonne,3552.256,TR
CBAM-75486108,76011000,15.38,tonne,1414.282,UA
CBAM-32772015,28070010,620.971,tonne,2181.764,MA
CBAM-17069796,31021000,200.203,tonne,1523.035,CN
CBAM-89209944,27160000,372.917,tonne,470.595,IN
CBAM-66051191,25232900,719.732,tonne,1476.373,TR
CBAM-67153488,72083900,842.876,tonne,3802.127,UA
CBAM-57831847,76011000,641.999,tonne,3658.753,MA
CBAM-43464668,28070010,360.229,tonne,3532.459,CN
CBAM-96276315,31021000,600.366,tonne,1648.667,IN
CBAM-45709877,27160000,4.704,tonne,4580.716,TR
CBAM-50608948,25232900,624.85,tonne,3663.444,UA
CBAM-44440701,72083900,469.002,tonne,1510,MA
CBAM-96382289,76011000,341.515,tonne,3640.05,CN
CBAM-10827570,28070010,10.582,tonne,3293.774,IN
CBAM-79066029,31021000,142.506,tonne,2793.072,TR
CBAM-49998601,27160000,762.092,tonne,4361.976,UA
CBAM-54312521,25232900,139.686,tonne,3688.48,MA
CBAM-24947473,72083900,976.199,tonne,523.376,CN
CBAM-25574366,76011000,56.084,tonne,1727,IN
CBAM-44873895,28070010,43.421,tonne,3665.472,TR
CBAM-62054361,31021000,66.815,tonne,659.128,UA
CBAM-96372732,27160000,4.434,tonne,3683.081,MA
CBAM-41541684,25232900,302.228,tonne,3977.801,CN
CBAM-33469310,72083900,739.022,tonne,494.341,IN
CBAM-85643485,76011000,627.459,tonne,2431.77,TR
CBAM-19984429,28070010,557.418,tonne,1076.37,UA
CBAM-19713851,31021000,119.846,tonne,519.38,MA
CBAM-80078771,27160000,834.754,tonne,1546.781,CN
CBAM-28578446,25232900,46.004,tonne,4733.593,IN
CBAM-81017270,72083900,867.256,tonne,2845.907,TR
CBAM-69052924,76011000,380.337,tonne,1637.215,UA
CBAM-46213063,28070010,288.321,tonne,895.008,MA
CBAM-30389164,31021000,544.843,tonne,4988.882,CN
CBAM-52723684,27160000,298.663,tonne,1259.684,IN
CBAM-73849487,25232900,737.118,tonne,4013.654,TR
CBAM-54434869,72083900,763.815,tonne,1096.114,UA
CBAM-85163934,76011000,412.176,tonne,456.962,MA
CBAM-31386114,28070010,758.343,tonne,2885.306,CN
CBAM-11929867,31021000,431.75,tonne,711.729,IN
CBAM-92591190,27160000,135.528,tonne,354.701,TR
CBAM-54037789,25232900,446.581,tonne,2321.973,UA
CBAM-42703628,72083900,71.313,tonne,4652.822,MA
CBAM-99130754,76011000,950.83,tonne,4246.52,CN
CBAM-36747251,28070010,214.964,tonne,2097.901,IN
CBAM-80476663,31021000,336.386,tonne,4092.222,TR
CBAM-69193542,27160000,754.938,tonne,3914.36,UA
CBAM-11257445,25232900,169.866,tonne,4070.513,MA
CBAM-76763123,72083900,232.753,tonne,687.534,CN
CBAM-05173033,76011000,133.258,tonne,640.796,IN
CBAM-64495636,28070010,732.784,tonne,2980.132,TR
CBAM-59520971,31021000,620.929,tonne,3177.572,UA
CBAM-50098069,27160000,89.56,tonne,1217.286,MA
CBAM-16435601,25232900,723.479,tonne,2304.481,CN
CBAM-49335939,72083900,208.893,tonne,3161.577,IN
CBAM-17351921,76011000,821.988,tonne,3991.211,TR
CBAM-44779086,28070010,618.825,tonne,2069.709,UA
CBAM-22674863,31021000,830.911,tonne,4599.832,MA
CBAM-56815567,27160000,798.89,tonne,2954.022,CN
CBAM-13794210,25232900,246.473,tonne,822.86,IN
CBAM-95505530,72083900,61.77,tonne,1623.334,TR
CBAM-92478580,76011000,874.218,tonne,3342.562,UA
CBAM-90349059,28070010,905.271,tonne,4106.288,MA
CBAM-86024592,31021000,771.509,tonne,1316.737,CN
CBAM-37866987,27160000,92.094,tonne,673.047,IN
CBAM-39210085,25232900,242.445,tonne,668.076,TR
CBAM-82830278,72083900,389.928,tonne,2451.451,UA
CBAM-52968719,76011000,110.533,tonne,4445.733,MA
CBAM-85323804,28070010,849.433,tonne,1958.219,CN
CBAM-08372266,31021000,723.58,tonne,3254.654,IN
CBAM-06258509,27160000,360.699,tonne,3510.564,TR
CBAM-68875751,25232900,648.825,tonne,1048.67,UA
CBAM-00175129,72083900,362.468,tonne,2121.521,MA
CBAM-96280613,76011000,665.636,tonne,4963.758,CN
CBAM-07695230,28070010,144.032,tonne,4755.909,IN
CBAM-84116697,31021000,580.738,tonne,2185.847,TR
CBAM-02695755,27160000,416.361,tonne,4555.332,UA
CBAM-71004763,25232900,27.761,tonne,4844.342,MA
CBAM-14454444,72083900,801.899,tonne,4109.329,CN
CBAM-13524434,76011000,824.247,tonne,3777.522,IN
CBAM-30036752,28070010,49.822,tonne,593.11,TR
CBAM-37525087,31021000,739.561,tonne,4932.412,UA
CBAM-62360482,27160000,205.355,tonne,4527.395,MA
CBAM-91931413,25232900,404.724,tonne,2864.086,CN
CBAM-39244068,72083900,282.839,tonne,4480.223,IN
CBAM-05075342,76011000,260.099,tonne,207.147,TR
CBAM-09735128,28070010,987.747,tonne,894.47,UA
CBAM-00999272,31021000,296.747,tonne,4344.909,MA
CBAM-62274809,27160000,228.822,tonne,2185.401,CN
CBAM-40073450,25232900,103.656,tonne,4896.915,IN
CBAM-28289879,72083900,161.33,tonne,972.975,TR
CBAM-75283048,76011000,534.425,tonne,669.926,UA
CBAM-12505808,28070010,863.599,tonne,817.863,MA
CBAM-50077797,31021000,879.697,tonne,1048.751,CN
CBAM-06425531,27160000,498.26,tonne,4426.437,IN
CBAM-41532328,25232900,576.956,tonne,1310.728,TR
CBAM-48399421,72083900,182.015,tonne,4041.274,UA
CBAM-64083141,76011000,886.26,tonne,3678.585,MA
CBAM-68931317,28070010,252.175,tonne,4173.195,CN
CBAM-47525501,31021000,869.782,tonne,570.424,IN
CBAM-55848360,27160000,925.127,tonne,1547.082,TR
CBAM-50022731,25232900,651.462,tonne,1757.227,UA
CBAM-66538901,72083900,54.87,tonne,4275.816,MA
CBAM-27737177,76011000,983.5,tonne,2033.92,CN
CBAM-38617590,28070010,709.782,tonne,3807.162,IN
CBAM-25513166,31021000,275.986,tonne,2401.75,TR
CBAM-94477023,27160000,504.069,tonne,2102.11,UA
CBAM-88244398,25232900,914.016,tonne,3458.78,MA
CBAM-28078144,72083900,370.223,tonne,4643.239,CN
CBAM-70371726,76011000,998.692,tonne,349.521,IN
CBAM-03508659,28070010,190.872,tonne,401.695,TR
CBAM-97296783,31021000,723.994,tonne,777.847,UA
CBAM-97096092,27160000,616.414,tonne,1562.303,MA
CBAM-38445012,25232900,424.149,tonne,3842.364,CN
CBAM-97759183,72083900,623.302,tonne,3736.262,IN
CBAM-86707554,76011000,3.903,tonne,3454.489,TR
CBAM-91903442,28070010,141.528,tonne,4575.541,UA
CBAM-39911762,31021000,801.116,tonne,3619.503,MA
CBAM-06231530,27160000,744.983,tonne,172.509,CN
CBAM-41180109,25232900,455.318,tonne,2092.863,IN
CBAM-87581865,72083900,720.635,tonne,822.349,TR
CBAM-94454160,76011000,570.653,tonne,3992.237,UA
CBAM-99566935,28070010,970.405,tonne,4403.79,MA
CBAM-23536620,31021000,971.213,tonne,2272.824,CN
CBAM-40565283,27160000,2.69,tonne,3954.946,IN
CBAM-72236667,25232900,457.505,tonne,2260.25,TR
CBAM-09931518,72083900,815.46,tonne,1032.069,UA
CBAM-29992028,76011000,418.033,tonne,4087.655,MA
CBAM-28412260,28070010,609.997,tonne,2879.245,CN
CBAM-53008424,31021000,571.042,tonne,2295.675,IN
CBAM-17478734,27160000,745.15,tonne,1755.818,TR
CBAM-21094837,25232900,282.139,tonne,3675.508,UA
CBAM-68689887,72083900,673.892,tonne,534.775,MA
CBAM-83134845,76011000,971.977,tonne,3847.124,CN
CBAM-98974484,28070010,565.419,tonne,2774.609,IN
CBAM-42751664,31021000,771.08,tonne,1478.375,TR
CBAM-15110357,27160000,131.448,tonne,1147.466,UA
CBAM-14518923,25232900,662.279,tonne,4885.655,MA
CBAM-76939618,72083900,141.299,tonne,4156.153,CN
CBAM-54736664,76011000,774.456,tonne,372.787,IN
CBAM-23352161,28070010,492.694,tonne,2934.008,TR
CBAM-21499511,31021000,340.711,tonne,2541.586,UA
CBAM-21224000,27160000,995.869,tonne,3623.851,MA
CBAM-54110822,25232900,888.352,tonne,95.821,CN
CBAM-21964394,72083900,847.965,tonne,173.708,IN
CBAM-24345948,76011000,231.825,tonne,2649.477,TR
CBAM-98208016,28070010,816.415,tonne,4568.415,UA
CBAM-35154175,31021000,207.483,tonne,1700.274,MA
CBAM-34949781,27160000,685.625,tonne,4923.972,CN
CBAM-37611888,25232900,956.469,tonne,4506.416,IN
CBAM-03859062,72083900,433.08,tonne,4540.575,TR
CBAM-41440205,76011000,732.116,tonne,3800.202,UA
CBAM-68333502,28070010,547.818,tonne,786.171,MA
CBAM-78894555,31021000,784.292,tonne,4175.569,CN
CBAM-87644549,27160000,45.019,tonne,515.832,IN
CBAM-03174114,25232900,377.306,tonne,3636.832,TR
CBAM-35227066,72083900,429.591,tonne,3989.667,UA
CBAM-39324292,76011000,399.577,tonne,967.756,MA
CBAM-75246895,28070010,910.912,tonne,2340.918,CN
CBAM-88605820,31021000,191.731,tonne,1573.003,IN
CBAM-87040864,27160000,980.221,tonne,452.627,TR
CBAM-22481125,25232900,17.033,tonne,4547.502,UA
CBAM-54091167,72083900,912.893,tonne,4370.254,MA
CBAM-42078720,76011000,627.101,tonne,3968.165,CN
CBAM-47387665,28070010,775.914,tonne,1804.767,IN
CBAM-90038451,31021000,418.386,tonne,1361.353,TR
CBAM-87674793,27160000,684.905,tonne,943.882,UA
CBAM-95385470,25232900,136.321,tonne,4676.41,MA
CBAM-67600084,72083900,94.016,tonne,1666.498,CN
CBAM-15031591,76011000,560.931,tonne,3582.402,IN
CBAM-96268038,28070010,253.848,tonne,723.586,TR
CBAM-23858820,31021000,650.887,tonne,3258.631,UA
CBAM-47362141,27160000,253.839,tonne,458.605,MA
CBAM-86147506,25232900,522.694,tonne,2377.109,CN
CBAM-49318366,72083900,946.521,tonne,4242.966,IN
CBAM-84341665,76011000,289.93,tonne,1232.862,TR
CBAM-88675394,28070010,421.06,tonne,580.989,UA
CBAM-71236710,31021000,549.722,tonne,3855.255,MA
CBAM-01637190,27160000,320.857,tonne,3363.859,CN
CBAM-08374522,25232900,284.784,tonne,3249.795,IN
CBAM-18845794,72083900,100.171,tonne,1200.305,TR
CBAM-83191767,76011000,279.356,tonne,4189.909,UA
CBAM-03596728,28070010,356.625,tonne,4235.735,MA
CBAM-62710361,31021000,809.154,tonne,4317.381,CN
CBAM-20978465,27160000,589.209,tonne,922.634,IN
CBAM-98976238,25232900,11.522,tonne,4976.572,TR
CBAM-75229430,72083900,93.008,tonne,1049.667,UA
CBAM-83053693,76011000,795.06,tonne,4118.496,MA
CBAM-10644333,28070010,308.725,tonne,1924.674,CN
CBAM-38405153,31021000,612.943,tonne,862.336,IN
CBAM-19693142,27160000,594.443,tonne,2848.3,TR
CBAM-09632553,25232900,847.126,tonne,1039.26,UA
CBAM-89911988,72083900,667.758,tonne,3228.513,MA
CBAM-55829768,76011000,118.794,tonne,2598.799,CN
CBAM-20302204,28070010,532.314,tonne,4201.453,IN
CBAM-52467628,31021000,347.448,tonne,3946.052,TR
CBAM-30605124,27160000,177.242,tonne,4116.866,UA
CBAM-36817274,25232900,948.833,tonne,3997.849,MA
CBAM-63932057,72083900,226.792,tonne,4073.836,CN
CBAM-27610603,76011000,916.883,tonne,535.412,IN
CBAM-33580404,28070010,4.664,tonne,3673.831,TR
CBAM-67861425,31021000,716.431,tonne,2618.2,UA
CBAM-60383880,27160000,120.11,tonne,837.332,MA
CBAM-39849815,25232900,433.535,tonne,4747.031,CN
CBAM-07250219,72083900,176.722,tonne,322.435,IN
CBAM-10462340,76011000,453.207,tonne,3193.138,TR
CBAM-87254577,28070010,601.117,tonne,3095.082,UA
CBAM-00021865,31021000,486.548,tonne,172.382,MA
CBAM-70862513,27160000,38.25,tonne,997.35,CN
CBAM-58198898,25232900,222.238,tonne,2854.243,IN
CBAM-24804074,72083900,684.534,tonne,4629.4,TR
CBAM-34611582,76011000,764.808,tonne,3500.401,UA
CBAM-40224073,28070010,171.745,tonne,295.652,MA
CBAM-61351964,31021000,343.86,tonne,897.004,CN
CBAM-53326240,27160000,338.953,tonne,4549.039,IN
CBAM-10801623,25232900,753.69,tonne,1089.375,TR
CBAM-80766624,72083900,218.978,tonne,2256.779,UA
CBAM-82056087,76011000,23.536,tonne,4049.377,MA
CBAM-80851598,28070010,496.792,tonne,2024.42,CN
CBAM-98118026,31021000,728.503,tonne,2568.14,IN
CBAM-69022916,27160000,565.346,tonne,4709.84,TR
CBAM-11608189,25232900,994.327,tonne,446.086,UA
CBAM-81922292,72083900,845.879,tonne,3138.237,MA
CBAM-68754785,76011000,324.498,tonne,1699.497,CN
CBAM-89707627,28070010,934,tonne,4852.552,IN
CBAM-64991214,31021000,540.526,tonne,1115.169,TR
CBAM-51225519,27160000,37.585,tonne,978.624,UA
CBAM-98085087,25232900,139.837,tonne,139.691,MA
CBAM-85627980,72083900,515.819,tonne,2168.622,CN
CBAM-79117601,76011000,528.628,tonne,2188.721,IN
CBAM-87146166,28070010,242.263,tonne,3755.536,TR
CBAM-07125619,31021000,661.175,tonne,586.815,UA
CBAM-81185698,27160000,420.644,tonne,4030.315,MA
CBAM-94502634,25232900,54.039,tonne,472.752,CN
CBAM-35695184,72083900,42.37,tonne,1701.192,IN
CBAM-02943304,76011000,41.963,tonne,12.635,TR
CBAM-88313470,28070010,917.36,tonne,4073.06,UA
CBAM-38887760,31021000,455.062,tonne,826.839,MA
CBAM-72869410,27160000,52.177,tonne,235.772,CN
CBAM-00333767,25232900,140.865,tonne,1203.098,IN
CBAM-37089677,72083900,144.729,tonne,4213.579,TR
CBAM-37292899,76011000,472.207,tonne,4164.104,UA
CBAM-80618284,28070010,144.078,tonne,3860.742,MA
CBAM-73341754,31021000,948.121,tonne,2269.151,CN
CBAM-67349828,27160000,724.629,tonne,4772.048,IN
CBAM-44685558,25232900,32.392,tonne,1786.182,TR
CBAM-02866093,72083900,203.183,tonne,1738.058,UA
CBAM-54839951,76011000,486.308,tonne,1747.96,MA
CBAM-78562860,28070010,15.537,tonne,4775.234,CN
CBAM-52371295,31021000,135.132,tonne,1319.993,IN
CBAM-13083230,27160000,139.192,tonne,1252.402,TR
CBAM-64466339,25232900,74.705,tonne,3986.619,UA
CBAM-37365210,72083900,696.806,tonne,441.208,MA
CBAM-56361570,76011000,80.193,tonne,3147.758,CN
CBAM-29586456,28070010,574.841,tonne,4170.504,IN
CBAM-65631561,31021000,985.556,tonne,1762.51,TR
CBAM-45587749,27160000,428.753,tonne,1605.977,UA
CBAM-14745168,25232900,727.931,tonne,337.818,MA
CBAM-97197029,72083900,488.27,tonne,513.551,CN
CBAM-79032381,76011000,944.616,tonne,3371.574,IN
CBAM-30365324,28070010,141.814,tonne,3938.435,TR
CBAM-62608728,31021000,531.569,tonne,1942.637,UA
CBAM-94845287,27160000,3.797,tonne,3329.17,MA
CBAM-36737672,25232900,678.249,tonne,1601.4,CN
CBAM-58910499,72083900,505.656,tonne,3934.107,IN
CBAM-88064086,76011000,625.44,tonne,2946.306,TR
CBAM-78103828,28070010,253.781,tonne,1081.439,UA
CBAM-19191931,31021000,576.421,tonne,3069.819,MA
CBAM-81142763,27160000,696.499,tonne,1714.117,CN
CBAM-12778745,25232900,870.608,tonne,2356.515,IN
CBAM-48440570,72083900,130.513,tonne,209.03,TR
CBAM-02631686,76011000,7.42,tonne,558.241,UA
CBAM-12870096,28070010,603.1,tonne,96.929,MA
CBAM-60074309,31021000,117.555,tonne,668.079,CN
CBAM-60047668,27160000,331.136,tonne,1789.86,IN
CBAM-92867326,25232900,174.136,tonne,3758.223,TR
CBAM-97025531,72083900,203.239,tonne,2016.396,UA
CBAM-01218764,76011000,268.319,tonne,4412.883,MA
CBAM-83021151,28070010,64.737,tonne,805.118,CN
CBAM-81386157,31021000,718.219,tonne,409.725,IN
CBAM-90814662,27160000,977.172,tonne,4773.554,TR
CBAM-48264159,25232900,173.371,tonne,4681.031,UA
CBAM-53380685,72083900,12.074,tonne,3704.784,MA
CBAM-54650099,76011000,177.55,tonne,2750.771,CN
CBAM-30736469,28070010,950.598,tonne,2141.538,IN
CBAM-67866977,31021000,59.446,tonne,4642.666,TR
CBAM-55300297,27160000,686.906,tonne,3260.533,UA
CBAM-92220405,25232900,29.039,tonne,1949.548,MA
CBAM-40296094,72083900,335.501,tonne,658.614,CN
CBAM-09605952,76011000,918.307,tonne,3701.32,IN
CBAM-65817550,28070010,971.122,tonne,3722.785,TR
CBAM-23784861,31021000,385.467,tonne,969.132,UA
CBAM-12729464,27160000,768.93,tonne,4549.299,MA
CBAM-85550985,25232900,328.058,tonne,4633.382,CN
CBAM-68558413,72083900,850.9,tonne,4197.505,IN
CBAM-12548421,76011000,298.696,tonne,87.015,TR
CBAM-06919895,28070010,280.349,tonne,4854.873,UA
CBAM-57960743,31021000,280.112,tonne,150.874,MA
CBAM-52619281,27160000,473.347,tonne,1813.965,CN
CBAM-78706898,25232900,964.724,tonne,1796.278,IN
CBAM-27335282,72083900,431.538,tonne,3937.346,TR
CBAM-49304242,76011000,589.233,tonne,4569.648,UA
CBAM-26249752,28070010,687.944,tonne,4888.537,MA
CBAM-24193524,31021000,337.97,tonne,4638.598,CN
CBAM-69038299,27160000,73.608,tonne,4952.397,IN
CBAM-36979485,25232900,46.602,tonne,3568.191,TR
CBAM-49825550,72083900,864.222,tonne,2976.742,UA
CBAM-16094686,76011000,590.607,tonne,2865.25,MA
CBAM-23242434,28070010,816.685,tonne,4132.799,CN
CBAM-54197201,31021000,739.112,tonne,33.296,IN
CBAM-90510265,27160000,653.367,tonne,1416.315,TR
CBAM-25212148,25232900,244.402,tonne,343.486,UA
CBAM-55514545,72083900,904.7,tonne,4670.828,MA
CBAM-19412341,76011000,71.045,tonne,4290.855,CN
CBAM-04414439,28070010,337.676,tonne,32.172,IN
CBAM-26743921,31021000,415.535,tonne,1960.632,TR
CBAM-47503637,27160000,613.75,tonne,2949.1,UA
CBAM-55716243,25232900,765.474,tonne,3666.546,MA
CBAM-63865412,72083900,859.358,tonne,4743.447,CN
CBAM-23368471,76011000,724.437,tonne,1062.843,IN
CBAM-69587666,28070010,676.915,tonne,2766.878,TR
CBAM-66144737,31021000,634.34,tonne,4052.882,UA
CBAM-13853517,27160000,55.163,tonne,3364.743,MA
CBAM-80070716,25232900,986.849,tonne,3205.422,CN
CBAM-22301139,72083900,395.839,tonne,313.529,IN
CBAM-77870801,76011000,261.281,tonne,4625.265,TR
CBAM-77378465,28070010,203.326,tonne,4903.723,UA
CBAM-55827987,31021000,640.031,tonne,1274.188,MA
CBAM-60874727,27160000,495.99,tonne,2992.081,CN
CBAM-74020530,25232900,661.162,tonne,1558.085,IN
CBAM-52344429,72083900,698.467,tonne,4128.396,TR
CBAM-73760570,76011000,496.486,tonne,2003.546,UA
CBAM-48272453,28070010,574.124,tonne,3721.31,MA
CBAM-51769190,31021000,12.208,tonne,285.339,CN
CBAM-85293701,27160000,409.339,tonne,4221.622,IN
CBAM-91419426,25232900,13.411,tonne,1390.439,TR
CBAM-10347064,72083900,522.059,tonne,2373.267,UA
CBAM-05917157,76011000,706.16,tonne,3053.962,MA
CBAM-47745299,28070010,198.583,tonne,658.349,CN
CBAM-36005952,31021000,61.324,tonne,2902.905,IN
CBAM-11843188,27160000,957.91,tonne,3168.521,TR
CBAM-65779029,25232900,399.688,tonne,3008.283,UA
CBAM-31026320,72083900,197.788,tonne,1734.007,MA
CBAM-06165361,76011000,144.776,tonne,3143.605,CN
CBAM-32171793,28070010,276.357,tonne,4812.183,IN
CBAM-46970197,31021000,103.388,tonne,614.599,TR
CBAM-84962002,27160000,783.697,tonne,3150.223,UA
CBAM-45128687,25232900,178.999,tonne,3702.838,MA
CBAM-08005948,72083900,350.731,tonne,4673.834,CN
CBAM-54239049,76011000,64.511,tonne,3046.042,IN
CBAM-36143534,28070010,251.933,tonne,4881.229,TR
CBAM-10215757,31021000,994.128,tonne,3101.864,UA
CBAM-70657704,27160000,38.64,tonne,4769.804,MA
CBAM-45311744,25232900,833.339,tonne,349.272,CN
CBAM-72837923,72083900,7.619,tonne,1657.657,IN
CBAM-53732001,76011000,622.875,tonne,3345.503,TR
CBAM-02048944,28070010,289.352,tonne,544.849,UA
CBAM-23284170,31021000,957.242,tonne,3825.396,MA
CBAM-25651318,27160000,322.669,tonne,4614.343,CN
CBAM-07237584,25232900,892.654,tonne,4084.423,IN
CBAM-76309182,72083900,179.615,tonne,3672.888,TR
CBAM-12480525,76011000,168.285,tonne,484.843,UA
CBAM-53129771,28070010,665.757,tonne,2139.238,MA
CBAM-30163388,31021000,25.193,tonne,1924.996,CN
CBAM-00636225,27160000,893.882,tonne,4195.427,IN
CBAM-53374441,25232900,850.238,tonne,3893.673,TR
CBAM-41495400,72083900,159.925,tonne,1437.667,UA
CBAM-19382922,76011000,892.662,tonne,3183.208,MA
CBAM-67505113,28070010,652.708,tonne,2486.733,CN
CBAM-80552620,31021000,592.695,tonne,751.937,IN
CBAM-69734397,27160000,933.153,tonne,1232.33,TR
CBAM-49482937,25232900,567.917,tonne,4408.975,UA
CBAM-75676783,72083900,670.097,tonne,1658.215,MA
CBAM-78763946,76011000,58.626,tonne,1445.097,CN
CBAM-54426168,28070010,6.519,tonne,4824.322,IN
CBAM-64624375,31021000,928.66,tonne,4187.802,TR
CBAM-81834224,27160000,975.261,tonne,2144.152,UA
CBAM-97465249,25232900,553.367,tonne,3730.418,MA
CBAM-98015463,72083900,877.692,tonne,2255.957,CN
CBAM-43725025,76011000,662.363,tonne,709.94,IN
CBAM-44505124,28070010,805.958,tonne,339.901,TR
CBAM-62750446,31021000,540.606,tonne,4850.645,UA
CBAM-13023782,27160000,844.719,tonne,3086.573,MA
CBAM-28486742,25232900,263.3,tonne,180.132,CN
CBAM-55321182,72083900,512.162,tonne,812.856,IN
CBAM-48994056,76011000,683.499,tonne,4967.187,TR
CBAM-68078019,28070010,970.205,tonne,833.325,UA
CBAM-10351505,31021000,782.566,tonne,1452.913,MA
CBAM-44728365,27160000,192.157,tonne,2715.335,CN
CBAM-31948530,25232900,705.714,tonne,2298.069,IN
CBAM-87198454,72083900,319.594,tonne,3534.004,TR
CBAM-68124837,76011000,489.152,tonne,177.204,UA
CBAM-05984536,28070010,413.796,tonne,4248.238,MA
CBAM-52599553,31021000,264.785,tonne,176.313,CN
CBAM-96497467,27160000,947.864,tonne,4085.823,IN
CBAM-34662272,25232900,755.944,tonne,3083.772,TR
CBAM-01866396,72083900,140.951,tonne,3359.151,UA
CBAM-82796888,76011000,220.498,tonne,3306.012,MA
CBAM-18411881,28070010,890.452,tonne,3071.1,CN
CBAM-00225716,31021000,934.081,tonne,1278.102,IN
CBAM-39347789,27160000,590.255,tonne,2414.362,TR
CBAM-48763218,25232900,803.606,tonne,2838.925,UA
CBAM-64723037,72083900,978.74,tonne,4998.638,MA
CBAM-63743825,76011000,869.217,tonne,559.05,CN
CBAM-12903845,28070010,918.659,tonne,3042.606,IN
CBAM-14768235,31021000,695.522,tonne,4758.27,TR
CBAM-88946076,27160000,589.108,tonne,4359.069,UA
CBAM-89853015,25232900,521.061,tonne,4253.312,MA
CBAM-75239086,72083900,855.302,tonne,3615.961,CN
CBAM-90313793,76011000,682.626,tonne,1900.378,IN
CBAM-65755953,28070010,189.304,tonne,2774.101,TR
CBAM-95104634,31021000,931.513,tonne,3226.306,UA
CBAM-77731481,27160000,360.35,tonne,2280.703,MA
CBAM-14660248,25232900,610.27,tonne,3328.885,CN
CBAM-78143672,72083900,522.562,tonne,3551.661,IN
CBAM-21397400,76011000,755.856,tonne,2475.185,TR
CBAM-23721019,28070010,524.025,tonne,1808.98,UA
CBAM-91868518,31021000,77.393,tonne,1436.44,MA
CBAM-95077879,27160000,23.45,tonne,4803.714,CN
CBAM-23167008,25232900,735.139,tonne,3351.431,IN
CBAM-77826966,72083900,341.253,tonne,409.177,TR
CBAM-36452497,76011000,43.986,tonne,1749.473,UA
CBAM-06106657,28070010,158.409,tonne,4745.15,MA
CBAM-82816599,31021000,13.555,tonne,2573.202,CN
CBAM-18701225,27160000,40.818,tonne,2639.381,IN
CBAM-02860889,25232900,399.3,tonne,2867.919,TR
CBAM-67381471,72083900,585.546,tonne,2422.661,UA
CBAM-90830719,76011000,798.129,tonne,2994.803,MA
CBAM-14914899,28070010,639.508,tonne,2221.891,CN
CBAM-47938571,31021000,667.914,tonne,2649.103,IN
CBAM-57769680,27160000,342.368,tonne,4970.473,TR
CBAM-63964393,25232900,751.817,tonne,4687.784,UA
CBAM-54002453,72083900,731.445,tonne,2783.177,MA
CBAM-32349152,76011000,671.95,tonne,1493.246,CN
CBAM-49580092,28070010,691.837,tonne,4073.329,IN
CBAM-70261703,31021000,80.135,tonne,1639.759,TR
CBAM-59056876,27160000,139.363,tonne,2291.209,UA
CBAM-46664355,25232900,145.245,tonne,1658.586,MA
CBAM-36900881,72083900,82.374,tonne,4340.891,CN
CBAM-34670023,76011000,226.668,tonne,4327.366,IN
CBAM-17716037,28070010,848.875,tonne,2151.121,TR
CBAM-64073317,31021000,15.012,tonne,3780.515,UA
CBAM-45098740,27160000,150.914,tonne,49.646,MA
CBAM-96053258,25232900,788.949,tonne,3480.238,CN
CBAM-86074215,72083900,252.013,tonne,1633.455,IN
CBAM-05978226,76011000,863.437,tonne,3116.14,TR
CBAM-47369692,28070010,142.158,tonne,4500.035,UA
CBAM-10400014,31021000,344.216,tonne,4019.948,MA
CBAM-15766094,27160000,692.364,tonne,4527.791,CN
CBAM-33923413,25232900,139.778,tonne,4823.117,IN
CBAM-54641454,72083900,371.135,tonne,811.001,TR
CBAM-64686944,76011000,379.819,tonne,3420.64,UA
CBAM-98521743,28070010,677.033,tonne,2237.392,MA
CBAM-25267232,31021000,143.897,tonne,2929.247,CN
CBAM-05697885,27160000,563.969,tonne,1701.899,IN
CBAM-45352795,25232900,558.667,tonne,275.707,TR
CBAM-82117807,72083900,231.794,tonne,4382.196,UA
CBAM-76326068,76011000,464.952,tonne,515.926,MA
CBAM-56519825,28070010,109.258,tonne,4635.523,CN
CBAM-70270030,31021000,855.811,tonne,824.258,IN
CBAM-90032480,27160000,169.084,tonne,690.174,TR
CBAM-24711661,25232900,92.431,tonne,2981.833,UA
CBAM-91748080,72083900,690.88,tonne,3322.836,MA
CBAM-10672109,76011000,479.365,tonne,1697.405,CN
CBAM-45511532,28070010,799.138,tonne,2414.192,IN
CBAM-92330013,31021000,354.671,tonne,3808.978,TR
CBAM-06843783,27160000,23.163,tonne,1929.781,UA
CBAM-70942337,25232900,808.025,tonne,261.696,MA
CBAM-66121897,72083900,315.237,tonne,2684.314,CN
CBAM-19988865,76011000,762.534,tonne,2595.222,IN
CBAM-47593380,28070010,205.474,tonne,4324.291,TR
CBAM-44899600,31021000,243.586,tonne,1064.597,UA
CBAM-42027242,27160000,462.726,tonne,504.55,MA
CBAM-94122290,25232900,962.92,tonne,651.778,CN
CBAM-92273302,72083900,414.944,tonne,4074.898,IN
CBAM-75391472,76011000,10.981,tonne,4873.882,TR
CBAM-82777862,28070010,320.987,tonne,4394.939,UA
CBAM-90899339,31021000,380.089,tonne,3746.516,MA
CBAM-41657505,27160000,324.44,tonne,2765.104,CN
CBAM-41367641,25232900,184.391,tonne,3504.502,IN
CBAM-70237804,72083900,415.386,tonne,3859.494,TR
CBAM-34564067,76011000,708.773,tonne,4640.088,UA
CBAM-76833046,28070010,98.566,tonne,3871.063,MA
CBAM-66703439,31021000,638.75,tonne,4518.597,CN
CBAM-83175561,27160000,551.626,tonne,3816.453,IN
CBAM-29966747,25232900,945.953,tonne,3442.622,TR
CBAM-18236849,72083900,161.658,tonne,4186.162,UA
CBAM-35641570,76011000,428.303,tonne,2254.608,MA
CBAM-20019029,28070010,665.837,tonne,3975.134,CN
CBAM-53616107,31021000,589.257,tonne,4823.581,IN
CBAM-27948171,27160000,445.79,tonne,965.815,TR
CBAM-66466250,25232900,914.143,tonne,3839.678,UA
CBAM-32980006,72083900,851.607,tonne,1205.108,MA
CBAM-03537995,76011000,873.461,tonne,50.364,CN
CBAM-23576422,28070010,756.758,tonne,3663.39,IN
CBAM-99156218,31021000,212.971,tonne,285.156,TR
CBAM-25563525,27160000,999.702,tonne,3993.163,UA
CBAM-14423855,25232900,825.87,tonne,4932.546,MA
CBAM-81309442,72083900,258.216,tonne,361.153,CN
CBAM-79611200,76011000,478.14,tonne,1955.714,IN
CBAM-62496149,28070010,305.032,tonne,1680.995,TR
CBAM-70798886,31021000,954.414,tonne,4145.898,UA
CBAM-86055511,27160000,386.64,tonne,1680.63,MA
CBAM-72638953,25232900,39.225,tonne,4805.52,CN
CBAM-58940386,72083900,614.459,tonne,1907.903,IN
CBAM-93704183,76011000,302.752,tonne,616.072,TR
CBAM-22754494,28070010,588.411,tonne,71.545,UA
CBAM-17470195,31021000,401.812,tonne,3160.894,MA
CBAM-32660341,27160000,180.844,tonne,2807.122,CN
CBAM-34058359,25232900,163.75,tonne,1487.236,IN
CBAM-61870985,72083900,308.605,tonne,2565.702,TR
CBAM-63233606,76011000,776.972,tonne,3785.36,UA
CBAM-13164611,28070010,640.681,tonne,3946.131,MA
CBAM-50931679,31021000,333.95,tonne,4865.68,CN
CBAM-14555043,27160000,966.191,tonne,3766.306,IN
CBAM-80189162,25232900,842.697,tonne,926.548,TR
CBAM-20368946,72083900,312.514,tonne,700.285,UA
CBAM-25270788,76011000,133.874,tonne,1404.539,MA
CBAM-56799576,28070010,851.124,tonne,2997.24,CN
CBAM-93331497,31021000,30.726,tonne,3064.595,IN
CBAM-78541046,27160000,511.538,tonne,871.177,TR
CBAM-61067247,25232900,121.081,tonne,312.153,UA
CBAM-51190047,72083900,465.041,tonne,766.031,MA
CBAM-54664973,76011000,674.047,tonne,4265.827,CN
CBAM-79007457,28070010,162.681,tonne,3494.1,IN
CBAM-63251865,31021000,503.773,tonne,2137.509,TR
CBAM-01372164,27160000,60.043,tonne,2250.143,UA
CBAM-22583542,25232900,582.619,tonne,2169.264,MA
CBAM-20129368,72083900,66.61,tonne,1505.597,CN
CBAM-05875477,76011000,357.83,tonne,4308.571,IN
CBAM-49408239,28070010,406.566,tonne,417.262,TR
CBAM-58888901,31021000,986.207,tonne,584.431,UA
CBAM-82164790,27160000,319.732,tonne,881.95,MA
CBAM-84359295,25232900,602.075,tonne,2924.534,CN
CBAM-49233631,72083900,325.764,tonne,4658.602,IN
CBAM-90330174,76011000,907.342,tonne,2060.68,TR
CBAM-84039026,28070010,496.776,tonne,3979.487,UA
CBAM-68634102,31021000,12.407,tonne,4845.082,MA
CBAM-03251885,27160000,847.996,tonne,3149.663,CN
CBAM-16972683,25232900,109.577,tonne,2441.884,IN
CBAM-06386826,72083900,451.963,tonne,3995.788,TR
CBAM-14897871,76011000,161.726,tonne,4489.734,UA
CBAM-31018156,28070010,455.618,tonne,1997.785,MA
CBAM-44604394,31021000,610.294,tonne,3369.109,CN
CBAM-06031932,27160000,993.448,tonne,1419.078,IN
CBAM-37028138,25232900,747.146,tonne,1559.82,TR
CBAM-70092867,72083900,713.177,tonne,1889.032,UA
CBAM-48359990,76011000,740.444,tonne,1324.754,MA
CBAM-41328726,28070010,992.23,tonne,2063.523,CN
CBAM-27536456,31021000,179.259,tonne,162.141,IN
CBAM-63488940,27160000,699.679,tonne,187.871,TR
CBAM-02844539,25232900,887.539,tonne,2673.961,UA
CBAM-52703147,72083900,644.53,tonne,336.269,MA
CBAM-74067530,76011000,793.095,tonne,359.063,CN
CBAM-16680139,28070010,503.164,tonne,468.511,IN
CBAM-63039558,31021000,490.743,tonne,1766.357,TR
CBAM-08723331,27160000,727.386,tonne,117.405,UA
CBAM-92046993,25232900,652.892,tonne,2802.795,MA
CBAM-52407283,72083900,29.122,tonne,644.905,CN
CBAM-82473983,76011000,113.019,tonne,2607.822,IN
CBAM-61383663,28070010,464.587,tonne,2966.252,TR
CBAM-68684578,31021000,492.272,tonne,2604.768,UA
CBAM-45157970,27160000,457.294,tonne,3596.925,MA
CBAM-65209195,25232900,967.629,tonne,1587.074,CN
CBAM-54293737,72083900,523.262,tonne,2251.315,IN
CBAM-24516706,76011000,137.899,tonne,3945.932,TR
CBAM-73184277,28070010,940.2,tonne,2066.31,UA
CBAM-85266161,31021000,627.099,tonne,4830.883,MA
CBAM-69465522,27160000,192.431,tonne,2753.546,CN
CBAM-42182735,25232900,389.555,tonne,291.762,IN
CBAM-05669888,72083900,947.459,tonne,2916.336,TR
CBAM-12737795,76011000,845.196,tonne,2859.628,UA
CBAM-54220007,28070010,99.957,tonne,138.642,MA
CBAM-82934099,31021000,681.069,tonne,3958.861,CN
CBAM-60106568,27160000,614.109,tonne,1900.947,IN
CBAM-39242875,25232900,933.524,tonne,2898.089,TR
CBAM-42479567,72083900,247.88,tonne,1230.641,UA
CBAM-50832385,76011000,528.298,tonne,3277.123,MA
CBAM-94400911,28070010,755.386,tonne,2165.275,CN
CBAM-91879100,31021000,225.256,tonne,2983.756,IN
CBAM-73622676,27160000,902.397,tonne,4140.82,TR
CBAM-49037658,25232900,891.287,tonne,4204.761,UA
CBAM-89839864,72083900,821.277,tonne,4496.789,MA
CBAM-05847872,76011000,273.679,tonne,3951.965,CN
CBAM-87813841,28070010,675.528,tonne,4035.584,IN
CBAM-21929353,31021000,362.822,tonne,4963.097,TR
CBAM-21509040,27160000,366.519,tonne,2022.335,UA
CBAM-75581408,25232900,2.318,tonne,63.291,MA
CBAM-67653866,72083900,476.708,tonne,32.2,CN
CBAM-41752959,76011000,891.591,tonne,2163.811,IN
CBAM-32998162,28070010,516.855,tonne,848.723,TR
CBAM-73879727,31021000,151.868,tonne,2638.001,UA
CBAM-87291959,27160000,7.288,tonne,4700.702,MA
CBAM-24299750,25232900,202.404,tonne,463.677,CN
CBAM-26815818,72083900,427.287,tonne,4619.697,IN
CBAM-50311826,76011000,254.549,tonne,1696.629,TR
CBAM-72381845,28070010,694.694,tonne,3284.262,UA
CBAM-56419611,31021000,913.569,tonne,4921.33,MA
CBAM-26257419,27160000,563.925,tonne,4934.918,CN
CBAM-14718584,25232900,355.308,tonne,1924.97,IN
CBAM-99332111,72083900,421.765,tonne,1851.537,TR
CBAM-32556758,76011000,313.997,tonne,2904.43,UA
CBAM-30193475,28070010,903.514,tonne,514.039,MA
CBAM-70492045,31021000,557.986,tonne,2977.072,CN
CBAM-36769368,27160000,570.906,tonne,940.213,IN
CBAM-71393997,25232900,92.264,tonne,2903.327,TR
CBAM-20915013,72083900,256.923,tonne,4096.818,UA
CBAM-52558867,76011000,991.879,tonne,4874.012,MA
CBAM-59579083,28070010,204.291,tonne,1584.954,CN
CBAM-37874218,31021000,492.526,tonne,4589.181,IN
CBAM-32225807,27160000,605.129,tonne,3655.975,TR
CBAM-57427006,25232900,777.167,tonne,4008.115,UA
CBAM-53912893,72083900,84.835,tonne,1091.675,MA
CBAM-40472892,76011000,776.961,tonne,2132.504,CN
CBAM-93606850,28070010,439.706,tonne,3234.29,IN
CBAM-64172360,31021000,294.442,tonne,1615.321,TR
CBAM-65897847,27160000,548.75,tonne,1233.119,UA
CBAM-90005174,25232900,845.706,tonne,3056.285,MA
CBAM-67891270,72083900,799.369,tonne,2644.268,CN
CBAM-94549724,76011000,315.371,tonne,3305.591,IN
CBAM-43254767,28070010,968.019,tonne,357.457,TR
CBAM-62234850,31021000,807.043,tonne,4594.299,UA
CBAM-56331221,27160000,795.249,tonne,3441.005,MA
CBAM-13028060,25232900,466.14,tonne,4944.438,CN
CBAM-20378510,72083900,845.8,tonne,315.068,IN
CBAM-04717641,76011000,246.774,tonne,2662.814,TR
CBAM-32997536,28070010,160.219,tonne,4386.1,UA
CBAM-22548745,31021000,305.238,tonne,4017.992,MA
CBAM-98378927,27160000,46.232,tonne,2899.514,CN
CBAM-68362796,25232900,548.689,tonne,2631.149,IN
CBAM-02079830,72083900,862.797,tonne,4758.634,TR
CBAM-85771550,76011000,881.325,tonne,196.117,UA
CBAM-95339652,28070010,34.364,tonne,4150.608,MA
CBAM-78459480,31021000,707.513,tonne,1902.854,CN
CBAM-80152971,27160000,28.009,tonne,4418.417,IN
CBAM-20674017,25232900,764.294,tonne,3742.419,TR
CBAM-68666554,72083900,774.741,tonne,136.808,UA
CBAM-79266388,76011000,290.95,tonne,3012.874,MA
CBAM-61613426,28070010,972.009,tonne,2676.828,CN
CBAM-01633038,31021000,916.772,tonne,3316.756,IN
CBAM-21051901,27160000,613.327,tonne,2299.276,TR
CBAM-63346200,25232900,409.981,tonne,1626.24,UA
CBAM-17642806,72083900,379.294,tonne,2573.638,MA
CBAM-92719718,76011000,232.384,tonne,3584.552,CN
CBAM-21347573,28070010,197.655,tonne,640.886,IN
CBAM-99993444,31021000,915.293,tonne,957.3,TR
CBAM-08120465,27160000,401.913,tonne,2434.603,UA
CBAM-04682711,25232900,564.516,tonne,4171.24,MA
CBAM-70764648,72083900,909.36,tonne,119.726,CN
CBAM-30762723,76011000,108.094,tonne,2812.9,IN
CBAM-24815457,28070010,171.066,tonne,1370.533,TR
CBAM-67981051,31021000,914.532,tonne,1215.115,UA
CBAM-44222369,27160000,201.944,tonne,4251.781,MA
CBAM-23611244,25232900,627.853,tonne,354.704,CN
CBAM-58589752,72083900,99.555,tonne,2937.883,IN
CBAM-47781099,76011000,334.434,tonne,2640.507,TR
CBAM-10825187,28070010,591.385,tonne,18.79,UA
CBAM-11227510,31021000,657.542,tonne,2179.402,MA
CBAM-84809091,27160000,344.23,tonne,2111.761,CN
CBAM-97376711,25232900,227.471,tonne,2976.389,IN
CBAM-95429585,72083900,574.261,tonne,4453.958,TR
CBAM-43403390,76011000,372.137,tonne,662.495,UA
CBAM-56463399,28070010,419.322,tonne,979.51,MA
CBAM-35616116,31021000,217.754,tonne,1204.443,CN
CBAM-51045891,27160000,85.834,tonne,4904.972,IN
CBAM-73034043,25232900,270.683,tonne,3971.484,TR
CBAM-03139397,72083900,830.839,tonne,4137.013,UA
CBAM-72920572,76011000,129.716,tonne,2186.038,MA
CBAM-88709220,28070010,233.167,tonne,1778.421,CN
CBAM-13446425,31021000,747.091,tonne,910.494,IN
CBAM-55242050,27160000,891.806,tonne,1342.65,TR
CBAM-90861965,25232900,96.401,tonne,406.241,UA
CBAM-98926075,72083900,694.901,tonne,4181.599,MA
CBAM-49215889,76011000,944.537,tonne,1789.814,CN
CBAM-35715157,28070010,69.168,tonne,4977.098,IN
CBAM-36576294,31021000,75.894,tonne,2281.682,TR
CBAM-58608968,27160000,790.793,tonne,111.179,UA
CBAM-67542658,25232900,294.697,tonne,2205.631,MA
CBAM-87287982,72083900,331.588,tonne,296.818,CN
CBAM-07838032,76011000,845.881,tonne,4763.537,IN
CBAM-42239597,28070010,344.727,tonne,4511.763,TR
CBAM-70893467,31021000,235.899,tonne,2454.387,UA
CBAM-03245174,27160000,584.362,tonne,2395.026,MA
CBAM-12216294,25232900,143.5,tonne,4226.103,CN
CBAM-06172430,72083900,458.742,tonne,2154.436,IN
CBAM-31337801,76011000,428.949,tonne,2630.636,TR
CBAM-84860081,28070010,842.874,tonne,3969.565,UA
CBAM-47741151,31021000,815.25,tonne,4148.484,MA
CBAM-44396439,27160000,822.445,tonne,104.936,CN
CBAM-71559660,25232900,221.907,tonne,4459.642,IN
CBAM-07835301,72083900,331.973,tonne,373.553,TR
CBAM-61963410,76011000,468.047,tonne,1317.28,UA
CBAM-91493416,28070010,405.369,tonne,4003.234,MA
CBAM-01522850,31021000,775.798,tonne,2764.662,CN
CBAM-89524224,27160000,266.172,tonne,2388.349,IN
CBAM-72552811,25232900,987.334,tonne,3073.96,TR
CBAM-83259457,72083900,51.353,tonne,1591.071,UA
CBAM-63408654,76011000,235.304,tonne,2203.52,MA
CBAM-60868185,28070010,194.767,tonne,4704.133,CN
CBAM-52599627,31021000,326.246,tonne,3077.849,IN
CBAM-60324572,27160000,791.52,tonne,4301.52,TR
CBAM-81342556,25232900,873.825,tonne,3980.945,UA
CBAM-28685197,72083900,519.513,tonne,4272.245,MA
CBAM-22027275,76011000,620.903,tonne,2454.852,CN
CBAM-45279748,28070010,887.45,tonne,4976.785,IN
CBAM-95527911,31021000,348.126,tonne,881.664,TR
CBAM-94097221,27160000,867.481,tonne,4118.337,UA
CBAM-24769931,25232900,229.026,tonne,4015.543,MA
CBAM-32085979,72083900,612.282,tonne,103.016,CN
CBAM-26387948,76011000,359.828,tonne,2629.553,IN
CBAM-28380144,28070010,236.468,tonne,3207.212,TR
CBAM-62487812,31021000,905.209,tonne,1286.206,UA
CBAM-51650360,27160000,880.707,tonne,3220.965,MA
CBAM-75535600,25232900,332.76,tonne,3447.854,CN
CBAM-51333825,72083900,739.868,tonne,181.518,IN
CBAM-07386635,76011000,723.637,tonne,1141.609,TR
CBAM-39081582,28070010,555.067,tonne,746.347,UA
CBAM-58673431,31021000,403.536,tonne,966.268,MA
CBAM-53385672,27160000,116.559,tonne,71.364,CN
CBAM-15933680,25232900,384.425,tonne,3462.265,IN
CBAM-80294607,72083900,396.768,tonne,3790.328,TR
CBAM-05275236,76011000,272.753,tonne,3677.166,UA
CBAM-42459331,28070010,807.445,tonne,3478.07,MA
CBAM-49982314,31021000,167.082,tonne,1320.174,CN
CBAM-82381472,27160000,802.472,tonne,2441.161,IN
CBAM-16539666,25232900,804.823,tonne,1895.45,TR
CBAM-44870629,72083900,859.203,tonne,1620.28,UA
CBAM-67460877,76011000,725.178,tonne,3924.14,MA
CBAM-81760613,28070010,351.266,tonne,1451.494,CN
CBAM-20602286,31021000,832.037,tonne,1275.403,IN
CBAM-18206313,27160000,469.383,tonne,3394.957,TR
CBAM-68612058,25232900,120.611,tonne,4335.523,UA
CBAM-48426068,72083900,774.682,tonne,688.206,MA
CBAM-35982924,76011000,943.257,tonne,4664.697,CN
CBAM-05829004,28070010,176.619,tonne,3574.212,IN
CBAM-63783961,31021000,139.393,tonne,4800.431,TR
CBAM-92582613,27160000,899.242,tonne,192.607,UA
CBAM-40146044,25232900,12.671,tonne,458.776,MA
CBAM-83294973,72083900,388.19,tonne,2870.525,CN
CBAM-46347706,76011000,614.214,tonne,4356.811,IN
CBAM-18902473,28070010,96.629,tonne,2123.739,TR
CBAM-08312437,31021000,733.282,tonne,1490.189,UA
CBAM-41882123,27160000,133.353,tonne,3348.077,MA
CBAM-39816228,25232900,878.825,tonne,3985.967,CN
CBAM-19873530,72083900,876.16,tonne,3843.198,IN
CBAM-16441570,76011000,116.871,tonne,3828.188,TR
CBAM-62625015,28070010,335.379,tonne,3136.069,UA
CBAM-86705890,31021000,391.735,tonne,3384.81,MA
CBAM-94823631,27160000,284.206,tonne,4355.15,CN
CBAM-41827190,25232900,173.544,tonne,557.194,IN
CBAM-98710137,72083900,505.656,tonne,4631.419,TR
CBAM-69343687,76011000,379.554,tonne,3181.274,UA
CBAM-39634270,28070010,661.001,tonne,1954.112,MA
CBAM-84747951,31021000,497.821,tonne,1260.13,CN
CBAM-94898234,27160000,269.542,tonne,362.997,IN
CBAM-65863852,25232900,207.084,tonne,2076.769,TR
CBAM-12917345,72083900,559.549,tonne,4397.03,UA
CBAM-41313555,76011000,788.842,tonne,2712.443,MA
CBAM-73858543,28070010,289.749,tonne,897.851,CN
CBAM-44378544,31021000,591.253,tonne,4133.165,IN
CBAM-97254706,27160000,760.845,tonne,3230.658,TR
CBAM-95210539,25232900,114.677,tonne,4098.554,UA
CBAM-03480656,72083900,503.7,tonne,2327.829,MA
CBAM-65215623,76011000,468.119,tonne,4239.454,CN
CBAM-15796642,28070010,735.502,tonne,307.646,IN
CBAM-30858806,31021000,455.552,tonne,1369.885,TR
CBAM-45266109,27160000,929.087,tonne,2900.148,UA
CBAM-99166637,25232900,854.76,tonne,1208.016,MA
CBAM-15261514,72083900,48.902,tonne,3079.11,CN
CBAM-33619267,76011000,316.867,tonne,271.257,IN
CBAM-69371576,28070010,873.744,tonne,4480.209,TR
CBAM-52393578,31021000,886.145,tonne,3135.686,UA
CBAM-12137830,27160000,181.406,tonne,2448.624,MA
CBAM-81624354,25232900,310.041,tonne,4453.741,CN
CBAM-80250155,72083900,24.392,tonne,2573.256,IN
CBAM-29501729,76011000,119.984,tonne,1485.5,TR
CBAM-46701856,28070010,325.945,tonne,779.34,UA
CBAM-21612591,31021000,390.533,tonne,725.575,MA
CBAM-62195137,27160000,345.936,tonne,1618.213,CN
CBAM-35679268,25232900,235.213,tonne,1845.129,IN
CBAM-10327065,72083900,559.057,tonne,2174.483,TR
CBAM-03211163,76011000,359.446,tonne,1905.187,UA
CBAM-70116571,28070010,768.96,tonne,3669.585,MA
CBAM-82533190,31021000,866.546,tonne,3368.445,CN
CBAM-10758152,27160000,20.795,tonne,4695.771,IN
CBAM-87188548,25232900,619.272,tonne,3676.144,TR
CBAM-13591099,72083900,438.136,tonne,1049.506,UA
CBAM-31355430,76011000,652.781,tonne,4507.659,MA
CBAM-62782273,28070010,959.71,tonne,3637.162,CN
CBAM-36731379,31021000,794.929,tonne,4590.133,IN
CBAM-19512454,27160000,989.01,tonne,4177.551,TR
CBAM-50558165,25232900,591.664,tonne,3696.158,UA
CBAM-14448175,72083900,220.781,tonne,492.013,MA
CBAM-47276430,76011000,714.594,tonne,4109.255,CN
CBAM-37983288,28070010,96.798,tonne,1543.925,IN
CBAM-69424042,31021000,144.035,tonne,2495.147,TR
CBAM-84368890,27160000,353.477,tonne,3370.381,UA
CBAM-78453122,25232900,606.903,tonne,2296.116,MA
CBAM-74771142,72083900,654.112,tonne,4436.535,CN
CBAM-50527469,76011000,505.75,tonne,2894.097,IN
CBAM-83169577,28070010,709.52,tonne,2694.531,TR
CBAM-13713096,31021000,731.031,tonne,4677.172,UA
CBAM-26108648,27160000,186.928,tonne,3534.702,MA
CBAM-60624000,25232900,944.018,tonne,1358.767,CN
CBAM-81224101,72083900,464.816,tonne,4652.027,IN
CBAM-66805398,76011000,955.691,tonne,4204.67,TR
CBAM-90126010,28070010,837.387,tonne,2981.858,UA
CBAM-65773364,31021000,709.542,tonne,1105.179,MA
CBAM-36730801,27160000,815.805,tonne,3907.064,CN
CBAM-52358495,25232900,475.98,tonne,2686.244,IN
CBAM-46754601,72083900,432.043,tonne,227.763,TR
CBAM-59371349,76011000,219.704,tonne,217.688,UA
CBAM-45357819,28070010,705.248,tonne,1789.072,MA
CBAM-53587778,31021000,388.798,tonne,1522.221,CN
CBAM-75837828,27160000,611.229,tonne,2733.671,IN
CBAM-12368894,25232900,578.871,tonne,1845.255,TR
CBAM-10184440,72083900,548.476,tonne,4452.081,UA
CBAM-42377433,76011000,49.419,tonne,4946.689,MA
CBAM-43325487,28070010,973.02,tonne,4906.554,CN
CBAM-19943688,31021000,414.671,tonne,2414.108,IN
CBAM-00380227,27160000,265.934,tonne,3267.624,TR
CBAM-58737189,25232900,560.101,tonne,2939.105,UA
CBAM-92485416,72083900,840.864,tonne,2537.65,MA
CBAM-06072323,76011000,742.199,tonne,2168.155,CN
CBAM-02143855,28070010,468.569,tonne,4420.4,IN
CBAM-51446588,31021000,490.493,tonne,4711.894,TR
CBAM-57016431,27160000,561.762,tonne,4849.016,UA
CBAM-59458182,25232900,573.106,tonne,2541.466,MA
CBAM-73314956,72083900,505.867,tonne,158.631,CN
CBAM-54417624,76011000,617.242,tonne,1149.052,IN
CBAM-93540672,28070010,172.158,tonne,3551.832,TR
CBAM-01744949,31021000,798.82,tonne,2481.612,UA
CBAM-82784618,27160000,113.327,tonne,833.324,MA
CBAM-87304577,25232900,883.426,tonne,70.242,CN
CBAM-55819336,72083900,885.484,tonne,3653.389,IN
CBAM-25814089,76011000,151.253,tonne,3041.158,TR
CBAM-31144424,28070010,618.315,tonne,2226.577,UA
CBAM-47216396,31021000,647.394,tonne,523.764,MA
CBAM-77308508,27160000,438.91,tonne,2713.972,CN
CBAM-50634079,25232900,263.888,tonne,1044.756,IN
CBAM-66791311,72083900,106.529,tonne,4975.779,TR
CBAM-76631401,76011000,223.309,tonne,4359.935,UA
CBAM-14513870,28070010,131.524,tonne,1314.001,MA
CBAM-69112182,31021000,343.894,tonne,814.084,CN
CBAM-31738844,27160000,639.767,tonne,1561.838,IN
CBAM-03789358,25232900,948.205,tonne,4767.556,TR
CBAM-63087738,72083900,578.12,tonne,3798.368,UA
CBAM-52308050,76011000,377.937,tonne,4633.282,MA
CBAM-62451241,28070010,666.255,tonne,2256.258,CN
CBAM-91164581,31021000,690.088,tonne,4590.433,IN
CBAM-68212942,27160000,80.124,tonne,2553.197,TR
CBAM-66518391,25232900,546.93,tonne,4438.757,UA
CBAM-91316750,72083900,567.746,tonne,3109.596,MA
CBAM-26262356,76011000,582.862,tonne,3960.933,CN
CBAM-94143363,28070010,657.242,tonne,856.117,IN
CBAM-34575119,31021000,798.366,tonne,1474.518,TR
CBAM-46937403,27160000,365.066,tonne,2453.948,UA
CBAM-09021740,25232900,698.098,tonne,1120.317,MA
CBAM-74495074,72083900,613.024,tonne,3045.278,CN
CBAM-54189581,76011000,90.697,tonne,3095.058,IN
CBAM-22533729,28070010,894.589,tonne,595.61,TR
CBAM-31381836,31021000,272.188,tonne,209.466,UA
CBAM-79633114,27160000,871.991,tonne,4325.968,MA
CBAM-55742104,25232900,276.992,tonne,3572.372,CN
CBAM-57373873,72083900,811.377,tonne,3374.58,IN
CBAM-96084795,76011000,191.397,tonne,2291.789,TR
CBAM-62135720,28070010,427.041,tonne,2568.027,UA
CBAM-39697015,31021000,718.355,tonne,3531.237,MA
CBAM-92931261,27160000,627.336,tonne,3344.957,CN
CBAM-85693275,25232900,158.754,tonne,1220.175,IN
CBAM-91941747,72083900,67.62,tonne,3014.286,TR
CBAM-51702530,76011000,334.702,tonne,4411.771,UA
CBAM-15621601,28070010,157.34,tonne,4645.583,MA
CBAM-32064804,31021000,454.706,tonne,583.119,CN
CBAM-22984382,27160000,943.571,tonne,4716.917,IN
CBAM-25326848,25232900,263.039,tonne,2807.606,TR
CBAM-36405324,72083900,73.97,tonne,2533.338,UA
CBAM-97084775,76011000,939.122,tonne,4151.123,MA
CBAM-25830298,28070010,971.506,tonne,753.14,CN
CBAM-80681186,31021000,505.406,tonne,3907.52,IN
CBAM-12632523,27160000,377.5,tonne,2449.854,TR
CBAM-78822558,25232900,488.145,tonne,1783.229,UA
CBAM-87542027,72083900,972.345,tonne,1965.61,MA
CBAM-70671543,76011000,640.808,tonne,4161.539,CN
CBAM-58843982,28070010,1.392,tonne,72.239,IN
CBAM-00048780,31021000,861.256,tonne,4991.422,TR
CBAM-95653518,27160000,509.106,tonne,3649.649,UA
CBAM-79750711,25232900,13.055,tonne,640.595,MA
CBAM-50429656,72083900,493.456,tonne,4552.406,CN
CBAM-05839460,76011000,206.198,tonne,4977.776,IN
CBAM-48645882,28070010,132.863,tonne,4360.319,TR
CBAM-59145504,31021000,860.881,tonne,3708.831,UA
CBAM-52280002,27160000,57.227,tonne,2584.322,MA
CBAM-56959753,25232900,703.201,tonne,4721.178,CN
CBAM-29666025,72083900,452.334,tonne,2236.965,IN
CBAM-07959772,76011000,379.035,tonne,991.423,TR
CBAM-98050903,28070010,728.622,tonne,1477.748,UA
CBAM-02398010,31021000,724.898,tonne,1590.462,MA
CBAM-03120459,27160000,621.177,tonne,1017.373,CN
CBAM-98229938,25232900,369.288,tonne,2383.054,IN
CBAM-18526188,72083900,207.054,tonne,3467.736,TR
CBAM-05737218,76011000,392.423,tonne,4562.251,UA
CBAM-36142619,28070010,270.751,tonne,2659.506,MA
CBAM-07809664,31021000,277.511,tonne,1275.729,CN
CBAM-85352062,27160000,109.692,tonne,1533.914,IN
CBAM-52582569,25232900,905.725,tonne,341.873,TR
CBAM-42180125,72083900,668.001,tonne,3423.873,UA
CBAM-07140205,76011000,452.026,tonne,4385.233,MA
CBAM-10150825,28070010,910.227,tonne,546.992,CN
CBAM-29465003,31021000,502.779,tonne,247.945,IN
CBAM-58842649,27160000,192.996,tonne,4605.396,TR
CBAM-76181279,25232900,522.243,tonne,2476.824,UA
CBAM-94693474,72083900,656.61,tonne,139.487,MA
CBAM-37386780,76011000,676.407,tonne,2925.287,CN
CBAM-43427213,28070010,148.743,tonne,4215.333,IN
CBAM-31322335,31021000,291.164,tonne,1838.247,TR
CBAM-72037671,27160000,233.556,tonne,2046.041,UA
CBAM-63599485,25232900,323.578,tonne,4223.188,MA
CBAM-17694211,72083900,46.895,tonne,2324.306,CN
CBAM-42431751,76011000,320.717,tonne,1418.14,IN
CBAM-07384286,28070010,844.867,tonne,1096.135,TR
CBAM-36301559,31021000,908.012,tonne,2915.199,UA
CBAM-83172867,27160000,743.476,tonne,3183.333,MA
CBAM-10428862,25232900,499.915,tonne,5004.24,CN
CBAM-64666754,72083900,773.471,tonne,119.251,IN
CBAM-39359332,76011000,936.135,tonne,1864.977,TR
CBAM-71307455,28070010,678.037,tonne,3870.688,UA
CBAM-69211950,31021000,749.623,tonne,537.22,MA
CBAM-01106278,27160000,968.185,tonne,3270.437,CN
CBAM-45193805,25232900,739.364,tonne,157.488,IN
CBAM-00122403,72083900,758.172,tonne,103.909,TR
CBAM-72853941,76011000,956.144,tonne,2829.135,UA
CBAM-97182001,28070010,810.033,tonne,2862.651,MA
CBAM-17227448,31021000,427.26,tonne,2575.845,CN
CBAM-38599948,27160000,983.924,tonne,2871.608,IN
CBAM-89868020,25232900,15.533,tonne,3629.597,TR
CBAM-78922970,72083900,246.796,tonne,4028.795,UA
CBAM-47208024,76011000,784.635,tonne,2180.711,MA
CBAM-64834188,28070010,141.7,tonne,207.78,CN
CBAM-20880013,31021000,142.091,tonne,189.354,IN
CBAM-45504049,27160000,968.297,tonne,2224.326,TR
CBAM-02516001,25232900,71.572,tonne,2813.661,UA
CBAM-09994441,72083900,678.425,tonne,3724.113,MA
CBAM-66756167,76011000,684.307,tonne,3801.498,CN
CBAM-03519631,28070010,557.034,tonne,3094.662,IN
CBAM-13280157,31021000,838.292,tonne,1352.668,TR
CBAM-93357963,27160000,142.456,tonne,2343.959,UA
CBAM-81310116,25232900,271.366,tonne,3764.55,MA
CBAM-25399291,72083900,91.422,tonne,4292.385,CN
CBAM-23033451,76011000,506.813,tonne,4167.983,IN
CBAM-33541528,28070010,960.386,tonne,4461.123,TR
CBAM-89158169,31021000,841.065,tonne,3870.45,UA
CBAM-59808266,27160000,590.551,tonne,1363.352,MA
CBAM-07768872,25232900,48.937,tonne,4603.265,CN
CBAM-87374067,72083900,912.173,tonne,3254.034,IN
CBAM-49466296,76011000,464.752,tonne,3881.324,TR
CBAM-14561545,28070010,646.214,tonne,2396.944,UA
CBAM-70898301,31021000,890.898,tonne,3974.371,MA
CBAM-92298097,27160000,46.887,tonne,3821.987,CN
CBAM-72416301,25232900,721.582,tonne,3506.92,IN
CBAM-11954109,72083900,989.649,tonne,364.885,TR
CBAM-08255979,76011000,973.958,tonne,2618.472,UA
CBAM-60157952,28070010,911.523,tonne,4196.192,MA
CBAM-17294658,31021000,257.553,tonne,3694.316,CN
CBAM-66219811,27160000,873.331,tonne,4603.053,IN
CBAM-51069118,25232900,360.696,tonne,1343.143,TR
CBAM-28635954,72083900,698.14,tonne,1422.725,UA
CBAM-83000678,76011000,120.747,tonne,3801.981,MA
CBAM-26412061,28070010,897.517,tonne,2463.711,CN
CBAM-24658470,31021000,243.928,tonne,3589.989,IN
CBAM-78598417,27160000,181.112,tonne,3129.453,TR
CBAM-53314679,25232900,932.353,tonne,4489.127,UA
CBAM-90696473,72083900,697.356,tonne,1188.296,MA
CBAM-59256102,76011000,631.093,tonne,1785.96,CN
CBAM-57731843,28070010,34.899,tonne,4234.294,IN
CBAM-52490813,31021000,669.257,tonne,2578.652,TR
CBAM-99198329,27160000,837.131,tonne,739.099,UA
CBAM-16303762,25232900,960.232,tonne,2681.592,MA
CBAM-70319265,72083900,768.653,tonne,337.051,CN
CBAM-21097828,76011000,14.817,tonne,583.951,IN
CBAM-54998308,28070010,286.528,tonne,3326.296,TR
CBAM-17244868,31021000,469.702,tonne,4148.075,UA
CBAM-46364367,27160000,592.4,tonne,2864.553,MA
CBAM-23139133,25232900,616.125,tonne,2963.655,CN
CBAM-55377466,72083900,691.994,tonne,372.537,IN
CBAM-35921162,76011000,814.437,tonne,3753.723,TR
CBAM-60422831,28070010,38.11,tonne,1060.662,UA
CBAM-15122046,31021000,847.018,tonne,4523.911,MA
CBAM-82935022,27160000,565.317,tonne,4334.858,CN
CBAM-37844937,25232900,847.922,tonne,4346.539,IN
CBAM-80152173,72083900,299.431,tonne,3906.735,TR
CBAM-68360359,76011000,758.714,tonne,3270.627,UA
CBAM-02835078,28070010,87.216,tonne,3964.176,MA
CBAM-30785043,31021000,740.278,tonne,2306.821,CN
CBAM-32459296,27160000,359.33,tonne,740.697,IN
CBAM-99646510,25232900,655.016,tonne,2478.51,TR
CBAM-17954136,72083900,413.517,tonne,1688.877,UA
CBAM-72925498,76011000,476.922,tonne,3981.513,MA
CBAM-18372250,28070010,993.625,tonne,3458.868,CN
CBAM-78011495,31021000,102.722,tonne,2727.812,IN
CBAM-60704153,27160000,522.007,tonne,4874.635,TR
CBAM-64716588,25232900,872.393,tonne,4507.222,UA
CBAM-44462613,72083900,827.495,tonne,1310.685,MA
CBAM-25866875,76011000,364.543,tonne,2365.367,CN
CBAM-79911273,28070010,299.091,tonne,4785.569,IN
CBAM-75179112,31021000,282,tonne,4705.226,TR
CBAM-51642945,27160000,835.152,tonne,4788.662,UA
CBAM-20450122,25232900,754.03,tonne,1460.243,MA
CBAM-40245578,72083900,993.604,tonne,428.991,CN
CBAM-13296423,76011000,637.802,tonne,2137.937,IN
CBAM-40009307,28070010,573.374,tonne,3437.797,TR
CBAM-75591478,31021000,364.072,tonne,954.898,UA
CBAM-34002432,27160000,520.395,tonne,4495.498,MA
CBAM-98234536,25232900,167.151,tonne,4206.837,CN
CBAM-46698263,72083900,52.033,tonne,2342.969,IN
CBAM-48544548,76011000,614.659,tonne,4476.738,TR
CBAM-00701357,28070010,801.192,tonne,3608.942,UA
CBAM-11696729,31021000,785.228,tonne,4731.483,MA
CBAM-97243365,27160000,267.024,tonne,690.685,CN
CBAM-95984358,25232900,646.797,tonne,2414.484,IN
CBAM-27364441,72083900,473.841,tonne,3809.525,TR
CBAM-29861658,76011000,948.595,tonne,1969.721,UA
CBAM-81426994,28070010,336.744,tonne,3126.151,MA
CBAM-07987202,31021000,937.286,tonne,3733.906,CN
CBAM-71720492,27160000,473.907,tonne,726.023,IN
CBAM-97608708,25232900,594.413,tonne,912.094,TR
CBAM-92128629,72083900,271.43,tonne,3627.186,UA
CBAM-91077920,76011000,991.348,tonne,4428.256,MA
CBAM-95023071,28070010,66,tonne,4655.303,CN
CBAM-36496031,31021000,474.894,tonne,359.854,IN
CBAM-31133196,27160000,257.861,tonne,3961.192,TR
CBAM-99043690,25232900,902.327,tonne,1557.102,UA
CBAM-35726711,72083900,660.847,tonne,2720.655,MA
CBAM-02768441,76011000,19.669,tonne,2030.741,CN
CBAM-72546988,28070010,501.203,tonne,2661.299,IN
CBAM-03376725,31021000,342.674,tonne,4573.862,TR
CBAM-38696020,27160000,732.875,tonne,1049.111,UA
CBAM-45406963,25232900,625.5,tonne,3752.538,MA
CBAM-33341722,72083900,74.072,tonne,364.677,CN
CBAM-99945743,76011000,865.554,tonne,649.95,IN
CBAM-72559929,28070010,769.661,tonne,168.476,TR
CBAM-66182511,31021000,551.864,tonne,1060.284,UA
CBAM-54131324,27160000,26.441,tonne,3949.115,MA
CBAM-45876869,25232900,209.127,tonne,973.118,CN
CBAM-91010523,72083900,808.472,tonne,2759.009,IN
CBAM-65011524,76011000,872.283,tonne,2920.542,TR
CBAM-97464823,28070010,94.351,tonne,2257.836,UA
CBAM-48698131,31021000,888.991,tonne,4179.266,MA
CBAM-50756636,27160000,319.101,tonne,4108.106,CN
CBAM-66358360,25232900,667.012,tonne,4353.398,IN
CBAM-48534869,72083900,172.32,tonne,4685.903,TR
CBAM-37445963,76011000,528.345,tonne,2957.5,UA
CBAM-88402362,28070010,809.492,tonne,4486.569,MA
CBAM-65606912,31021000,300.261,tonne,4510.535,CN
CBAM-38021796,27160000,17.44,tonne,4791.136,IN
CBAM-63391930,25232900,733.752,tonne,178.504,TR
CBAM-59105337,72083900,302.052,tonne,1455.468,UA
CBAM-67325550,76011000,270.13,tonne,2456.118,MA
CBAM-30954669,28070010,368.164,tonne,1430.339,CN
CBAM-73050752,31021000,603.468,tonne,3276.441,IN
CBAM-42827840,27160000,273.983,tonne,1063.314,TR
CBAM-34388078,25232900,68.271,tonne,1328.835,UA
CBAM-56570031,72083900,951.86,tonne,4252.179,MA
CBAM-83448924,76011000,212.712,tonne,834.041,CN
CBAM-88375943,28070010,25.24,tonne,4636.442,IN
CBAM-12856690,31021000,93.436,tonne,776.112,TR
CBAM-41455018,27160000,643.729,tonne,4828.714,UA
CBAM-74373931,25232900,806.908,tonne,3903.964,MA
CBAM-43885800,72083900,162.651,tonne,1424.273,CN
CBAM-34352454,76011000,149.137,tonne,3561.533,IN
CBAM-90108414,28070010,437.445,tonne,2492.834,TR
CBAM-27787820,31021000,277.68,tonne,3232.193,UA
CBAM-21633382,27160000,761.44,tonne,2327.413,MA
CBAM-38485388,25232900,422.498,tonne,3580.17,CN
CBAM-17197837,72083900,231.53,tonne,3013.062,IN
CBAM-55833405,76011000,459.364,tonne,2455.963,TR
CBAM-32731862,28070010,693.687,tonne,2199.307,UA
CBAM-14634302,31021000,46.319,tonne,203.621,MA
CBAM-63690701,27160000,544.189,tonne,2692.277,CN
CBAM-44257708,25232900,114.44,tonne,4324.793,IN
CBAM-41794531,72083900,250.065,tonne,983.828,TR
CBAM-11606207,76011000,590.456,tonne,4625.93,UA
CBAM-79636990,28070010,500.209,tonne,2801.287,MA
CBAM-76242018,31021000,221.155,tonne,4927.814,CN
CBAM-24274554,27160000,281.839,tonne,598.956,IN
CBAM-84066453,25232900,262.964,tonne,4338.936,TR
CBAM-62039855,72083900,727.145,tonne,3890.633,UA
CBAM-14611479,76011000,841.112,tonne,527.238,MA
CBAM-57418942,28070010,380.214,tonne,3957.309,CN
CBAM-39043162,31021000,139.6,tonne,653.741,IN
CBAM-02592132,27160000,974.415,tonne,1048.724,TR
CBAM-15645298,25232900,108.662,tonne,3800.854,UA
CBAM-77003600,72083900,610.674,tonne,611.478,MA
CBAM-16022123,76011000,649.471,tonne,1214.723,CN
CBAM-94319859,28070010,869.234,tonne,73.604,IN
CBAM-52918186,31021000,57.433,tonne,3588.616,TR
CBAM-89693849,27160000,854.717,tonne,880.999,UA
CBAM-65256242,25232900,802.678,tonne,501.889,MA
CBAM-01721109,72083900,336.627,tonne,2667.472,CN
CBAM-76950468,76011000,248.535,tonne,3766.83,IN
CBAM-59190246,28070010,6.404,tonne,4066.769,TR
CBAM-40250556,31021000,8.52,tonne,3661.266,UA
CBAM-30298303,27160000,149.781,tonne,1011.016,MA
CBAM-71403571,25232900,575.857,tonne,443.19,CN
CBAM-22323143,72083900,758.86,tonne,4670.62,IN
CBAM-19005205,76011000,269.681,tonne,220.4,TR
CBAM-26842929,28070010,809.285,tonne,2866.997,UA
CBAM-38445348,31021000,617.526,tonne,3258.936,MA
CBAM-92091053,27160000,73.139,tonne,4481.912,CN
CBAM-91808913,25232900,264.341,tonne,1260.096,IN
CBAM-06162698,72083900,580.209,tonne,4648.807,TR
CBAM-02809775,76011000,543.417,tonne,185.014,UA
CBAM-49630102,28070010,430.265,tonne,2694.33,MA
CBAM-31463292,31021000,988.936,tonne,3040.558,CN
CBAM-25543405,27160000,315.552,tonne,4861.8,IN
CBAM-48910760,25232900,774.194,tonne,583.531,TR
CBAM-14200216,72083900,909.915,tonne,4880.468,UA
CBAM-36904831,76011000,703.011,tonne,4163.608,MA
CBAM-43875654,28070010,783.354,tonne,1781.615,CN
CBAM-89832182,31021000,450.335,tonne,4702.675,IN
CBAM-90216591,27160000,911.197,tonne,1155.379,TR
CBAM-73908845,25232900,900.304,tonne,2070.286,UA
CBAM-65946255,72083900,314.476,tonne,2663.066,MA
CBAM-04929331,76011000,528.663,tonne,3695.846,CN
CBAM-00783243,28070010,791.958,tonne,1215.361,IN
CBAM-24672911,31021000,356.335,tonne,2004.213,TR
CBAM-88770450,27160000,426.716,tonne,4438.589,UA
CBAM-86437774,25232900,423.637,tonne,351.586,MA
CBAM-21641206,72083900,5.106,tonne,3456.03,CN
CBAM-29694607,76011000,730.546,tonne,1673.459,IN
CBAM-56957379,28070010,444.69,tonne,142.024,TR
CBAM-30170378,31021000,219.893,tonne,761.522,UA
CBAM-95316628,27160000,378.044,tonne,2022.953,MA
CBAM-31876276,25232900,486.674,tonne,180.184,CN
CBAM-50840282,72083900,448.111,tonne,590.539,IN
CBAM-63232229,76011000,514.371,tonne,423.283,TR
CBAM-15027580,28070010,38.917,tonne,114.105,UA
CBAM-71800575,31021000,689.444,tonne,4059.984,MA
CBAM-66382681,27160000,498.024,tonne,2575.806,CN
CBAM-07106823,25232900,237.265,tonne,3635.306,IN
CBAM-73082807,72083900,650.632,tonne,2220.029,TR
CBAM-70463499,76011000,236.74,tonne,2187.725,UA
CBAM-53234213,28070010,49.187,tonne,665.291,MA
CBAM-29879597,31021000,332.187,tonne,3255.174,CN
CBAM-32111030,27160000,674.965,tonne,2731.97,IN
CBAM-61545076,25232900,671.444,tonne,1229.708,TR
CBAM-25691039,72083900,105.631,tonne,460.924,UA
CBAM-12569117,76011000,90.874,tonne,364.74,MA
CBAM-56371853,28070010,689.628,tonne,3140.884,CN
CBAM-44972699,31021000,886.386,tonne,2697.731,IN
CBAM-79283448,27160000,36.12,tonne,4825.28,TR
CBAM-36792466,25232900,40.86,tonne,996.255,UA
CBAM-48694577,72083900,737.369,tonne,2853.043,MA
CBAM-63959677,76011000,878.423,tonne,4857.063,CN
CBAM-15344567,28070010,770.909,tonne,1118.819,IN
CBAM-48240163,31021000,495.123,tonne,2430.185,TR
CBAM-41426035,27160000,621,tonne,2968.305,UA
CBAM-45202824,25232900,260.172,tonne,236.785,MA
CBAM-19066650,72083900,891.491,tonne,2228.267,CN
CBAM-63385344,76011000,641.642,tonne,973.092,IN
CBAM-30682774,28070010,577.536,tonne,1163.978,TR
CBAM-40020238,31021000,563.655,tonne,4986.12,UA
CBAM-86667576,27160000,430.548,tonne,2570.032,MA
CBAM-51760916,25232900,206.964,tonne,1340.81,CN
CBAM-43615361,72083900,444.47,tonne,3394.719,IN
CBAM-73638492,76011000,597.991,tonne,2679.151,TR
CBAM-87723424,28070010,273.594,tonne,4197.009,UA
CBAM-63470291,31021000,565.347,tonne,2883.031,MA
CBAM-99758211,27160000,57.884,tonne,840.037,CN
CBAM-40928248,25232900,573.847,tonne,236.248,IN
CBAM-32026482,72083900,154.504,tonne,2502.578,TR
CBAM-43064656,76011000,27.406,tonne,1845.622,UA
CBAM-43977542,28070010,982.674,tonne,3549.748,MA
CBAM-09327502,31021000,1.475,tonne,290.513,CN
CBAM-06362586,27160000,346.711,tonne,4395.958,IN
CBAM-11686841,25232900,550.103,tonne,1932.535,TR
CBAM-79045658,72083900,382.573,tonne,1786.097,UA
CBAM-69961522,76011000,63.623,tonne,2115.651,MA
CBAM-36450637,28070010,911.585,tonne,2298.276,CN
CBAM-70777781,31021000,111.375,tonne,1189.988,IN
CBAM-69189118,27160000,940.212,tonne,3838.832,TR
CBAM-33799519,25232900,89.486,tonne,1261.966,UA
CBAM-66196265,72083900,327.445,tonne,1623.514,MA
CBAM-34430529,76011000,655.173,tonne,2877.05,CN
CBAM-61055207,28070010,997.585,tonne,602.601,IN
CBAM-10294730,31021000,557.102,tonne,2373.194,TR
CBAM-60921280,27160000,959.99,tonne,290.891,UA
CBAM-13123116,25232900,447.031,tonne,3823.674,MA
CBAM-67741133,72083900,726.602,tonne,3309.908,CN
CBAM-10498044,76011000,732.722,tonne,1503.777,IN
CBAM-09372640,28070010,568.605,tonne,2138.702,TR
CBAM-34348964,31021000,578.832,tonne,123.368,UA
CBAM-04482883,27160000,249.172,tonne,458.264,MA
CBAM-69204338,25232900,671.099,tonne,2085.227,CN
CBAM-87346228,72083900,300.224,tonne,4349.984,IN
CBAM-10336046,76011000,398.79,tonne,124.865,TR
CBAM-99423205,28070010,865.813,tonne,3256.453,UA
CBAM-36435155,31021000,355.025,tonne,1342.932,MA
CBAM-95410742,27160000,529.958,tonne,4851.48,CN
CBAM-47060919,25232900,273.544,tonne,3896.979,IN
CBAM-21677121,72083900,490.707,tonne,1688.401,TR
CBAM-22850012,76011000,203.973,tonne,1631.573,UA
CBAM-24728641,28070010,441.673,tonne,3747.061,MA
CBAM-92089573,31021000,357.264,tonne,2383.408,CN
CBAM-55267886,27160000,543.108,tonne,4239.556,IN
CBAM-54807725,25232900,918.093,tonne,549.823,TR
CBAM-39588080,72083900,311.465,tonne,4634.495,UA
CBAM-11178786,76011000,419.311,tonne,4949.955,MA
CBAM-26041430,28070010,725.377,tonne,2705.66,CN
CBAM-76640887,31021000,911.403,tonne,1417.963,IN
CBAM-06074225,27160000,952.048,tonne,4000.151,TR
CBAM-80681010,25232900,486.05,tonne,2311.829,UA
CBAM-54334564,72083900,865.716,tonne,1937.38,MA
CBAM-95863593,76011000,380.374,tonne,2298.257,CN
CBAM-02143675,28070010,590.552,tonne,1356.741,IN
CBAM-30146872,31021000,867.536,tonne,975.008,TR
CBAM-12035285,27160000,597.373,tonne,2766.182,UA
CBAM-68222709,25232900,695.892,tonne,2425.065,MA
CBAM-42883431,72083900,785.294,tonne,4755.963,CN
CBAM-66261536,76011000,75.355,tonne,4945.399,IN
CBAM-13575963,28070010,224.759,tonne,1627.112,TR
CBAM-40753492,31021000,688.278,tonne,4116.152,UA
CBAM-00512427,27160000,912.747,tonne,2800.652,MA
CBAM-86606194,25232900,665.298,tonne,3126.067,CN
CBAM-75768532,72083900,981.319,tonne,1351.905,IN
CBAM-64643076,76011000,599.274,tonne,2655.284,TR
CBAM-05319450,28070010,842.013,tonne,392.581,UA
CBAM-19143523,31021000,106.907,tonne,1450.244,MA
CBAM-41911204,27160000,556.67,tonne,2428.331,CN
CBAM-74153179,25232900,460.392,tonne,4731.21,IN
CBAM-71539026,72083900,95.771,tonne,4631.293,TR
CBAM-25546551,76011000,608.821,tonne,3045.404,UA
CBAM-60927336,28070010,897.745,tonne,291.9,MA
CBAM-86843129,31021000,584.873,tonne,4300.871,CN
CBAM-15062656,27160000,322.437,tonne,883.925,IN
CBAM-27013674,25232900,560.549,tonne,3081.045,TR
CBAM-35642415,72083900,695.887,tonne,544.335,UA
CBAM-72781572,76011000,947.801,tonne,1840.174,MA
CBAM-55278122,28070010,592.11,tonne,312.403,CN
CBAM-03736963,31021000,365.898,tonne,4314.585,IN
CBAM-45116374,27160000,538.427,tonne,2261.429,TR
CBAM-92060390,25232900,151.487,tonne,2525.384,UA
CBAM-96752752,72083900,994.442,tonne,1602.439,MA
CBAM-10138979,76011000,835.725,tonne,3991.53,CN
CBAM-12733899,28070010,790.64,tonne,62.884,IN
CBAM-10971388,31021000,410.549,tonne,926.401,TR
CBAM-91235204,27160000,25.991,tonne,1627.403,UA
CBAM-15141413,25232900,372.304,tonne,737.218,MA
CBAM-96278688,72083900,837.307,tonne,4154.302,CN
CBAM-97020942,76011000,502.911,tonne,73.6,IN
CBAM-01713310,28070010,476.534,tonne,1312.849,TR
CBAM-16732980,31021000,101.176,tonne,280.149,UA
CBAM-28040138,27160000,550.184,tonne,202.56,MA
CBAM-20550966,25232900,979.812,tonne,2778.386,CN
CBAM-73118648,72083900,701.962,tonne,4873.128,IN
CBAM-10516099,76011000,934.737,tonne,436.986,TR
CBAM-95269794,28070010,875.028,tonne,3461.864,UA
CBAM-07580615,31021000,695.608,tonne,2544.38,MA
CBAM-32117226,27160000,898.27,tonne,2307.717,CN
CBAM-21652317,25232900,123.427,tonne,1317.376,IN
CBAM-71703718,72083900,815.765,tonne,1872.668,TR
CBAM-07713212,76011000,515.06,tonne,451.975,UA
CBAM-40279904,28070010,702.829,tonne,2064.746,MA
CBAM-82047904,31021000,577.349,tonne,227.689,CN
CBAM-84557415,27160000,415.064,tonne,382.033,IN
CBAM-84796623,25232900,105.145,tonne,3081.511,TR
CBAM-98586040,72083900,240.839,tonne,4701.868,UA
CBAM-97351965,76011000,970.922,tonne,4650.471,MA
CBAM-84777382,28070010,91.692,tonne,555.335,CN
CBAM-87292307,31021000,379.283,tonne,1921.233,IN
CBAM-55041995,27160000,318.23,tonne,542.52,TR
CBAM-35709311,25232900,228.339,tonne,1135.794,UA
CBAM-60202446,72083900,126.748,tonne,1184.943,MA
CBAM-16200900,76011000,403.98,tonne,1982.246,CN
CBAM-00074314,28070010,117.248,tonne,3858.189,IN
CBAM-10974506,31021000,35.996,tonne,4521.236,TR
CBAM-60329235,27160000,612.061,tonne,3693.313,UA
CBAM-73666406,25232900,24.779,tonne,3983.969,MA
CBAM-12392193,72083900,809.598,tonne,898.36,CN
CBAM-72178851,76011000,291.033,tonne,1317.498,IN
CBAM-84684144,28070010,566.476,tonne,294.871,TR
CBAM-72278974,31021000,311.223,tonne,83.341,UA
CBAM-85249776,27160000,136.936,tonne,4393.768,MA
CBAM-95608198,25232900,261.917,tonne,980.244,CN
CBAM-34203777,72083900,76.493,tonne,1530.531,IN
CBAM-50588788,76011000,698.937,tonne,1154.718,TR
CBAM-41748606,28070010,977.115,tonne,535.583,UA
CBAM-26395551,31021000,168.835,tonne,2725.887,MA
CBAM-95803734,27160000,924.468,tonne,1427.584,CN
CBAM-58548450,25232900,103.567,tonne,2114.677,IN
CBAM-91209684,72083900,830.396,tonne,1211.596,TR
CBAM-18460332,76011000,354.461,tonne,4802.779,UA
CBAM-81283348,28070010,533.875,tonne,4875.443,MA
CBAM-20279239,31021000,76.096,tonne,476.862,CN
CBAM-99883400,27160000,408.813,tonne,4001.867,IN
CBAM-59032519,25232900,541.983,tonne,3128.639,TR
CBAM-13654497,72083900,369.833,tonne,3981.484,UA
CBAM-50371927,76011000,671.906,tonne,679.201,MA
CBAM-55682423,28070010,766.038,tonne,3818.603,CN
CBAM-27595652,31021000,295.408,tonne,4799.897,IN
CBAM-94951982,27160000,386.942,tonne,1239.673,TR
CBAM-03010747,25232900,344.621,tonne,2432.642,UA
CBAM-41552860,72083900,931.678,tonne,3337.646,MA
CBAM-12263114,76011000,688.088,tonne,2955.74,CN
CBAM-61745803,28070010,442.164,tonne,4687.404,IN
CBAM-95215519,31021000,522.832,tonne,480.542,TR
CBAM-31233487,27160000,263.555,tonne,2830.507,UA
CBAM-65938295,25232900,605.809,tonne,4074.787,MA
CBAM-01554421,72083900,632.827,tonne,666.316,CN
CBAM-97016685,76011000,242.395,tonne,2679.993,IN
CBAM-09175875,28070010,895.136,tonne,4526.098,TR
CBAM-90722919,31021000,942.751,tonne,579.756,UA
CBAM-35436563,27160000,968.448,tonne,519.933,MA
CBAM-70425473,25232900,486.933,tonne,2343.51,CN
CBAM-38549544,72083900,236.83,tonne,3985.906,IN
CBAM-91759724,76011000,15.678,tonne,907.815,TR
CBAM-32834455,28070010,211.395,tonne,2222.443,UA
CBAM-03528138,31021000,151.49,tonne,2111.114,MA
CBAM-85998427,27160000,185.661,tonne,3229.002,CN
CBAM-99110134,25232900,339.067,tonne,3307.323,IN
CBAM-33632193,72083900,944.794,tonne,3555.752,TR
CBAM-96891120,76011000,447.136,tonne,1238.97,UA
CBAM-82730939,28070010,90.275,tonne,3703.68,MA
CBAM-58532646,31021000,457.866,tonne,662.495,CN
CBAM-28489671,27160000,900.616,tonne,3571.88,IN
CBAM-34543427,25232900,652.549,tonne,887.456,TR
CBAM-93472483,72083900,629.799,tonne,708.964,UA
CBAM-57644243,76011000,471.192,tonne,2453.273,MA
CBAM-55931304,28070010,616.691,tonne,3196.426,CN
CBAM-91973288,31021000,654.261,tonne,4846.817,IN
CBAM-67305272,27160000,410.228,tonne,714.23,TR
CBAM-52322455,25232900,954.186,tonne,149.779,UA
CBAM-30938299,72083900,655.603,tonne,2797.182,MA
CBAM-28635478,76011000,697.422,tonne,3788.24,CN
CBAM-99880919,28070010,45.954,tonne,2007.935,IN
CBAM-93877456,31021000,508.647,tonne,672.751,TR
CBAM-58164773,27160000,88.573,tonne,361.461,UA
CBAM-78038298,25232900,834.272,tonne,3753.092,MA
CBAM-81961559,72083900,658.043,tonne,455.639,CN
CBAM-59859387,76011000,874.495,tonne,1855.842,IN
CBAM-67495043,28070010,54.23,tonne,3637.527,TR
CBAM-76573926,31021000,227.348,tonne,3139.959,UA
CBAM-72057913,27160000,116.346,tonne,2910.495,MA
CBAM-03771549,25232900,573.489,tonne,2379.964,CN
CBAM-48032632,72083900,597.093,tonne,913.325,IN
CBAM-72633920,76011000,653.535,tonne,4362.835,TR
CBAM-86186108,28070010,768.216,tonne,4755.419,UA
CBAM-62284611,31021000,473.399,tonne,1959.914,MA
CBAM-52083367,27160000,805.492,tonne,1195.523,CN
CBAM-00335821,25232900,188.871,tonne,4893.53,IN
CBAM-59173269,72083900,288.939,tonne,4974.62,TR
CBAM-72001672,76011000,366.063,tonne,4109.55,UA
CBAM-46903759,28070010,70.892,tonne,4422.139,MA
CBAM-23852120,31021000,929.903,tonne,4812.394,CN
CBAM-33283292,27160000,347.75,tonne,1598.196,IN
CBAM-69506309,25232900,826.316,tonne,1733.286,TR
CBAM-17055227,72083900,858.546,tonne,2655.586,UA
CBAM-49829474,76011000,964.901,tonne,1876.39,MA
CBAM-18032142,28070010,407.468,tonne,3995.011,CN
CBAM-99408963,31021000,53.041,tonne,1063.497,IN
CBAM-01499916,27160000,270.101,tonne,2362.054,TR
CBAM-88895118,25232900,767.447,tonne,44.653,UA
CBAM-76796264,72083900,108.996,tonne,2469.062,MA
CBAM-35003813,76011000,669.8,tonne,2393.748,CN
CBAM-33969522,28070010,135.854,tonne,4229.615,IN
CBAM-22316386,31021000,919.444,tonne,478.913,TR
CBAM-46820258,27160000,379.989,tonne,3981.592,UA
CBAM-94929839,25232900,123.204,tonne,3209.756,MA
CBAM-42783302,72083900,222.166,tonne,3941.971,CN
CBAM-89410552,76011000,111.466,tonne,4676.331,IN
CBAM-18533067,28070010,549.136,tonne,3250.716,TR
CBAM-99163070,31021000,506.477,tonne,3759.888,UA
CBAM-09892037,27160000,543.97,tonne,4595.821,MA
CBAM-09977418,25232900,288.469,tonne,4464.965,CN
CBAM-55165213,72083900,493.907,tonne,3141.62,IN
CBAM-94877282,76011000,539.049,tonne,368.036,TR
CBAM-28390643,28070010,881.726,tonne,4461.381,UA
CBAM-22546368,31021000,608.612,tonne,4772.322,MA
CBAM-61408742,27160000,176.213,tonne,337.034,CN
CBAM-25588353,25232900,850.464,tonne,2772.12,IN
CBAM-94202104,72083900,430.879,tonne,338.799,TR
CBAM-78244005,76011000,446.497,tonne,635.1,UA
CBAM-68135456,28070010,873.778,tonne,385.738,MA
CBAM-73414593,31021000,374.815,tonne,2873.037,CN
CBAM-16728193,27160000,568.535,tonne,153.217,IN
CBAM-68746415,25232900,179.228,tonne,2186.239,TR
CBAM-57911348,72083900,728.102,tonne,3681.676,UA
CBAM-81364670,76011000,580.788,tonne,382.227,MA
CBAM-65522437,28070010,229.319,tonne,3432.176,CN
CBAM-54539505,31021000,192.186,tonne,1498.055,IN
CBAM-81170193,27160000,420.485,tonne,2208.488,TR
CBAM-17741842,25232900,741.867,tonne,3167.694,UA
CBAM-85002431,72083900,753.301,tonne,3545.543,MA
CBAM-08892304,76011000,54.129,tonne,3343.856,CN
CBAM-93073910,28070010,478.58,tonne,2423.959,IN
CBAM-55384350,31021000,390.44,tonne,3244.857,TR
CBAM-54729253,27160000,537.901,tonne,4050.35,UA
CBAM-66141649,25232900,304.901,tonne,3017.52,MA
CBAM-06474933,72083900,970.706,tonne,1630.072,CN
CBAM-76111431,76011000,4.494,tonne,2762.929,IN
CBAM-07032201,28070010,436.901,tonne,3849.67,TR
CBAM-75470748,31021000,607.672,tonne,4598.758,UA
CBAM-27600358,27160000,624.792,tonne,3804.746,MA
CBAM-64615398,25232900,142.124,tonne,3671.121,CN
CBAM-11019401,72083900,428.116,tonne,4400.341,IN
CBAM-77033976,76011000,856.776,tonne,382.559,TR
CBAM-22223354,28070010,330.435,tonne,1033.339,UA
CBAM-31412813,31021000,364.767,tonne,1520.571,MA
CBAM-22567685,27160000,612.213,tonne,2974.824,CN
CBAM-71499547,25232900,884.819,tonne,4437.951,IN
CBAM-09503269,72083900,69.396,tonne,4162.214,TR
CBAM-79227627,76011000,994.777,tonne,4774.925,UA
CBAM-49719661,28070010,797.23,tonne,3123.465,MA
CBAM-23225308,31021000,438.482,tonne,2995.613,CN
CBAM-28045435,27160000,126.452,tonne,1555.17,IN
CBAM-78050423,25232900,287.561,tonne,731.22,TR
CBAM-03752306,72083900,993.872,tonne,1462.716,UA
CBAM-28960508,76011000,534.975,tonne,3942.623,MA
CBAM-25317757,28070010,475.919,tonne,4681.433,CN
CBAM-91721136,31021000,536.253,tonne,3847.264,IN
CBAM-77613085,27160000,820.626,tonne,3674.099,TR
CBAM-70491121,25232900,793.54,tonne,4456.236,UA
CBAM-45956755,72083900,400.674,tonne,1204.332,MA
CBAM-20562366,76011000,800.519,tonne,2462.454,CN
CBAM-24377830,28070010,793.496,tonne,4537.713,IN
CBAM-32889927,31021000,864.721,tonne,1055.464,TR
CBAM-49675030,27160000,650.315,tonne,1169.001,UA
CBAM-99672855,25232900,899.453,tonne,963.266,MA
CBAM-27430389,72083900,676.53,tonne,1974.508,CN
CBAM-25272952,76011000,83.196,tonne,2704.472,IN
CBAM-57423662,28070010,981.649,tonne,1190.819,TR
CBAM-44689728,31021000,283.945,tonne,2080.775,UA
CBAM-85168834,27160000,122.057,tonne,3031.452,MA
CBAM-66246568,25232900,110.182,tonne,4561.223,CN
CBAM-88904909,72083900,465.32,tonne,1398.132,IN
CBAM-83158774,76011000,768.193,tonne,4782.816,TR
CBAM-62980556,28070010,412.061,tonne,837.132,UA
CBAM-12673920,31021000,898.246,tonne,3417.635,MA
CBAM-11931049,27160000,167.893,tonne,380.489,CN
CBAM-64369168,25232900,29.673,tonne,1857.883,IN
CBAM-11753566,72083900,295.573,tonne,373.047,TR
CBAM-60536908,76011000,147.564,tonne,816.343,UA
CBAM-25401108,28070010,376.322,tonne,2608.445,MA
CBAM-01310810,31021000,61.376,tonne,4412.234,CN
CBAM-54683537,27160000,446.854,tonne,4837.377,IN
CBAM-23908334,25232900,73.908,tonne,3150.301,TR
CBAM-70601288,72083900,248.717,tonne,1317.576,UA
CBAM-02089497,76011000,135.024,tonne,2296.287,MA
CBAM-89129833,28070010,100.347,tonne,2860.286,CN
CBAM-25396654,31021000,402.543,tonne,1429.316,IN
CBAM-64562968,27160000,186.64,tonne,3160.148,TR
CBAM-92674096,25232900,966.304,tonne,4032.039,UA
CBAM-22270334,72083900,738.269,tonne,1166.85,MA
CBAM-48287577,76011000,142.784,tonne,3951.231,CN
CBAM-29435060,28070010,454.897,tonne,2161.707,IN
CBAM-43361866,31021000,903.066,tonne,910.198,TR
CBAM-44717108,27160000,979.527,tonne,2272.354,UA
CBAM-48267299,25232900,733.736,tonne,241.053,MA
CBAM-42298434,72083900,578.249,tonne,263.101,CN
CBAM-91700447,76011000,774.131,tonne,53.266,IN
CBAM-89055197,28070010,933.276,tonne,4399.924,TR
CBAM-72321832,31021000,284.683,tonne,2417.098,UA
CBAM-99494833,27160000,626.184,tonne,2234.997,MA
CBAM-04004367,25232900,546.034,tonne,1862.754,CN
CBAM-85995731,72083900,587.76,tonne,876.604,IN
CBAM-33489772,76011000,263.5,tonne,1586.628,TR
CBAM-68100693,28070010,385.442,tonne,664.949,UA
CBAM-21714941,31021000,265.569,tonne,1962.764,MA
CBAM-25001951,27160000,559.063,tonne,4147.752,CN
CBAM-28014650,25232900,243.234,tonne,1937.299,IN
CBAM-15411860,72083900,985.876,tonne,883.575,TR
CBAM-63617690,76011000,869.475,tonne,2174.178,UA
CBAM-25115181,28070010,497.051,tonne,2440.06,MA
CBAM-01767270,31021000,245.785,tonne,4856.23,CN
CBAM-37955655,27160000,585.694,tonne,3099.157,IN
CBAM-70452714,25232900,673.834,tonne,1483.864,TR
CBAM-78985467,72083900,423.499,tonne,4665.522,UA
CBAM-93993376,76011000,877.711,tonne,2409.628,MA
CBAM-26844528,28070010,382.046,tonne,4622.244,CN
CBAM-84846638,31021000,366.605,tonne,2858.356,IN
CBAM-56748276,27160000,387.968,tonne,1408.312,TR
CBAM-04879719,25232900,252.161,tonne,1700.435,UA
CBAM-47642665,72083900,309.941,tonne,3972.983,MA
CBAM-12270467,76011000,240.248,tonne,4673.385,CN
CBAM-08755723,28070010,722.589,tonne,4188.785,IN
CBAM-27379147,31021000,503.521,tonne,1804.752,TR
CBAM-10028314,27160000,341.448,tonne,4825.217,UA
CBAM-85141528,25232900,828.045,tonne,347.221,MA
CBAM-89260761,72083900,343.294,tonne,2377.337,CN
CBAM-34421992,76011000,718.178,tonne,638.923,IN
CBAM-72646643,28070010,620.144,tonne,580.625,TR
CBAM-98974999,31021000,115.643,tonne,2777.166,UA
CBAM-87640548,27160000,646.356,tonne,3894.602,MA
CBAM-66685737,25232900,252.21,tonne,1088.109,CN
CBAM-27561599,72083900,365.679,tonne,3817.061,IN
CBAM-46811251,76011000,347.055,tonne,1623.726,TR
CBAM-92610022,28070010,10.85,tonne,99.807,UA
CBAM-94087353,31021000,198.057,tonne,4818.971,MA
CBAM-48237117,27160000,398.956,tonne,1630.973,CN
CBAM-63363592,25232900,18.35,tonne,2392.778,IN
CBAM-60396753,72083900,745.565,tonne,1069.333,TR
CBAM-86100705,76011000,781.899,tonne,2286.93,UA
CBAM-14505649,28070010,756.647,tonne,318.723,MA
CBAM-27919358,31021000,781.943,tonne,3048.857,CN
CBAM-30942544,27160000,985.484,tonne,2532.015,IN
CBAM-67255484,25232900,698.78,tonne,4632.827,TR
CBAM-36504314,72083900,302.435,tonne,4975.315,UA
CBAM-02272996,76011000,497.178,tonne,457.146,MA
CBAM-23349143,28070010,48.666,tonne,1190.865,CN
CBAM-08763956,31021000,173.729,tonne,2700.862,IN
CBAM-24027697,27160000,991.582,tonne,822.395,TR
CBAM-49513138,25232900,986.677,tonne,2711.801,UA
CBAM-98822987,72083900,918.261,tonne,1029.499,MA
CBAM-46884249,76011000,264.973,tonne,3077.158,CN
CBAM-36746733,28070010,534.026,tonne,1257.038,IN
CBAM-26656817,31021000,830.874,tonne,903.59,TR
CBAM-96327911,27160000,811.757,tonne,1837.405,UA
CBAM-07771850,25232900,954.943,tonne,1043.536,MA
CBAM-54128632,72083900,104.361,tonne,55.701,CN
CBAM-51601829,76011000,534.153,tonne,4808.422,IN
CBAM-71730191,28070010,389.983,tonne,1546.385,TR
CBAM-85397951,31021000,957.18,tonne,1267.551,UA
CBAM-45930744,27160000,801.727,tonne,1346.886,MA
CBAM-02901154,25232900,298.584,tonne,3830.019,CN
CBAM-41120771,72083900,319.764,tonne,766.427,IN
CBAM-83422154,76011000,595.121,tonne,3678.564,TR
CBAM-57351034,28070010,772.677,tonne,1861.489,UA
CBAM-05839241,31021000,224.845,tonne,4317.401,MA
CBAM-50751116,27160000,679.791,tonne,659.106,CN
CBAM-32831115,25232900,828.062,tonne,3980.717,IN
CBAM-14662018,72083900,180.606,tonne,2686.941,TR
CBAM-46507238,76011000,577.596,tonne,3719.919,UA
CBAM-15393360,28070010,387.985,tonne,87.263,MA
CBAM-62076678,31021000,586.888,tonne,1467.708,CN
CBAM-78591388,27160000,868.941,tonne,2675.652,IN
CBAM-25246907,25232900,403.442,tonne,1433.197,TR
CBAM-50580345,72083900,680.694,tonne,3126.492,UA
CBAM-19189336,76011000,996.367,tonne,1240.363,MA
CBAM-82137089,28070010,923.928,tonne,4015.802,CN
CBAM-57388661,31021000,893.476,tonne,3051.179,IN
CBAM-76265926,27160000,677.935,tonne,2678.474,TR
CBAM-80542665,25232900,946.854,tonne,421.846,UA
CBAM-68223228,72083900,693.435,tonne,1253.971,MA
CBAM-08446954,76011000,937.109,tonne,2398.832,CN
CBAM-03852946,28070010,276.85,tonne,4941.187,IN
CBAM-46536010,31021000,472.744,tonne,2506.755,TR
CBAM-55914758,27160000,508.267,tonne,2758.131,UA
CBAM-17166917,25232900,177.551,tonne,4554.407,MA
CBAM-45062782,72083900,565.503,tonne,1889.091,CN
CBAM-29578956,76011000,51.89,tonne,4063.722,IN
CBAM-58982617,28070010,579.205,tonne,3426.245,TR
CBAM-30664332,31021000,899.69,tonne,3461.607,UA
CBAM-05780475,27160000,391.91,tonne,253.948,MA
CBAM-28929969,25232900,258.924,tonne,4622.265,CN
CBAM-50980550,72083900,10.238,tonne,1034.901,IN
CBAM-71624187,76011000,489,tonne,2896.59,TR
CBAM-10099492,28070010,482.845,tonne,4204.144,UA
CBAM-30495328,31021000,814.884,tonne,1142.575,MA
CBAM-23447644,27160000,590.433,tonne,1989.103,CN
CBAM-22163539,25232900,192.729,tonne,1246.858,IN
CBAM-16390370,72083900,451.17,tonne,1383.965,TR
CBAM-69154069,76011000,124.051,tonne,3493.408,UA
CBAM-03798363,28070010,638.734,tonne,3870.475,MA
CBAM-71800233,31021000,800.518,tonne,599.275,CN
CBAM-34999727,27160000,129.162,tonne,2010.942,IN
CBAM-28508494,25232900,215.823,tonne,1127.444,TR
CBAM-96419882,72083900,61.16,tonne,1530.752,UA
CBAM-70169306,76011000,774.307,tonne,3929.415,MA
CBAM-42220815,28070010,82.519,tonne,1649.568,CN
CBAM-09528075,31021000,172.757,tonne,3084.93,IN
CBAM-50204694,27160000,654.736,tonne,1448.227,TR
CBAM-00992205,25232900,781.101,tonne,1385.177,UA
CBAM-77616000,72083900,483.026,tonne,3234.517,MA
CBAM-51286200,76011000,59.719,tonne,460.48,CN
CBAM-67321133,28070010,453.649,tonne,4904.9,IN
CBAM-58972179,31021000,223.265,tonne,2035.943,TR
CBAM-66718113,27160000,849.754,tonne,4582.811,UA
CBAM-77553470,25232900,737.032,tonne,947.424,MA
CBAM-83136085,72083900,151.006,tonne,756.062,CN
CBAM-26761241,76011000,692.346,tonne,2060.847,IN
CBAM-25693544,28070010,167.483,tonne,3461.13,TR
CBAM-79177286,31021000,603.954,tonne,1100.933,UA
CBAM-01746346,27160000,318.338,tonne,4319.987,MA
CBAM-48457682,25232900,546.426,tonne,916.575,CN
CBAM-40258920,72083900,785.259,tonne,2085.674,IN
CBAM-07965853,76011000,796.492,tonne,3198.463,TR
CBAM-58043212,28070010,8.387,tonne,4817.368,UA
CBAM-27142859,31021000,301.345,tonne,3120.575,MA
CBAM-70182111,27160000,240.668,tonne,694.506,CN
CBAM-55002364,25232900,467.12,tonne,3321.656,IN
CBAM-18373826,72083900,623.999,tonne,1970.35,TR
CBAM-12418640,76011000,98.306,tonne,476.084,UA
CBAM-67735122,28070010,793.206,tonne,1185.47,MA
CBAM-65041762,31021000,581.626,tonne,4723.511,CN
CBAM-77948536,27160000,798.904,tonne,89.202,IN
CBAM-27283038,25232900,267.951,tonne,1290.112,TR
CBAM-89186677,72083900,665.375,tonne,1999.24,UA
CBAM-39374140,76011000,339.919,tonne,4218.976,MA
CBAM-63985422,28070010,260.078,tonne,2129.594,CN
CBAM-55627691,31021000,332.697,tonne,3915.805,IN
CBAM-50430546,27160000,345.943,tonne,4720.99,TR
CBAM-93608720,25232900,444.616,tonne,3213.219,UA
CBAM-64516210,72083900,178.528,tonne,2347.661,MA
CBAM-34007249,76011000,445.736,tonne,129.656,CN
CBAM-76161892,28070010,258.344,tonne,259.403,IN
CBAM-31120712,31021000,792.914,tonne,1446.692,TR
CBAM-38532076,27160000,119.637,tonne,3357.379,UA
CBAM-91287596,25232900,918.724,tonne,4198.308,MA
CBAM-27534341,72083900,138.716,tonne,2468.57,CN
CBAM-17771520,76011000,326.056,tonne,662.32,IN
CBAM-06876646,28070010,21.764,tonne,4185.879,TR
CBAM-98224818,31021000,532.445,tonne,3634.613,UA
CBAM-73070291,27160000,646.485,tonne,952.465,MA
CBAM-60269455,25232900,712.843,tonne,1156.202,CN
CBAM-06282450,72083900,188.833,tonne,3764.414,IN
CBAM-99417328,76011000,517.251,tonne,1163.513,TR
CBAM-49346681,28070010,315.388,tonne,238.232,UA
CBAM-92565299,31021000,465.531,tonne,4794.391,MA
CBAM-23143337,27160000,102.938,tonne,3734.614,CN
CBAM-42031851,25232900,512.272,tonne,294.209,IN
CBAM-05023857,72083900,720.321,tonne,4725.988,TR
CBAM-76600451,76011000,94.126,tonne,3523.939,UA
CBAM-94517853,28070010,311.462,tonne,1773.14,MA
CBAM-77588750,31021000,997.907,tonne,2259.144,CN
CBAM-94039306,27160000,93.465,tonne,2713.823,IN
CBAM-09982519,25232900,171.614,tonne,2457.646,TR
CBAM-31717695,72083900,819.737,tonne,4993.606,UA
CBAM-68762931,76011000,242.209,tonne,2573.222,MA
CBAM-95655075,28070010,403.081,tonne,1049.929,CN
CBAM-30656743,31021000,603.158,tonne,3029.454,IN
CBAM-25043944,27160000,370.259,tonne,4300.564,TR
CBAM-20898992,25232900,357.634,tonne,1782.729,UA
CBAM-72427170,72083900,400.946,tonne,2725.77,MA
CBAM-67614091,76011000,82.154,tonne,380.049,CN
CBAM-10224731,28070010,152.846,tonne,1032.04,IN
CBAM-60168447,31021000,603.786,tonne,1765.857,TR
CBAM-20754431,27160000,26.504,tonne,3247.858,UA
CBAM-12157889,25232900,15.911,tonne,2387.723,MA
CBAM-46334596,72083900,438.86,tonne,4377.98,CN
CBAM-81354076,76011000,246.951,tonne,4673.373,IN
CBAM-10945629,28070010,373.46,tonne,3622.192,TR
CBAM-67655430,31021000,731.443,tonne,3985.117,UA
CBAM-30435349,27160000,830.378,tonne,523.245,MA
CBAM-86675817,25232900,199.822,tonne,4228.131,CN
CBAM-75072108,72083900,481.427,tonne,1774.705,IN
CBAM-31562295,76011000,597.58,tonne,4571.281,TR
CBAM-47996436,28070010,782.692,tonne,1092.209,UA
CBAM-82390973,31021000,389.223,tonne,4871.132,MA
CBAM-09283668,27160000,562.359,tonne,4867.284,CN
CBAM-12761645,25232900,518.507,tonne,2347.394,IN
CBAM-24656888,72083900,597.826,tonne,4651.379,TR
CBAM-96849262,76011000,894.335,tonne,583.789,UA
CBAM-49558998,28070010,501.169,tonne,3302.336,MA
CBAM-96292011,31021000,112.577,tonne,3269.939,CN
CBAM-24939942,27160000,995.058,tonne,4208.913,IN
CBAM-78443610,25232900,233.448,tonne,3495.694,TR
CBAM-56584139,72083900,403.153,tonne,3349.62,UA
CBAM-12927376,76011000,508.812,tonne,1991.773,MA
CBAM-75013688,28070010,911.898,tonne,1286.146,CN
CBAM-40455897,31021000,196.577,tonne,4906.888,IN
CBAM-05106283,27160000,898.617,tonne,2615.365,TR
CBAM-95543681,25232900,157.226,tonne,1695.656,UA
CBAM-52481231,72083900,805.679,tonne,4065.375,MA
CBAM-72806632,76011000,853.029,tonne,4187.197,CN
CBAM-21834096,28070010,631.182,tonne,2720.13,IN
CBAM-04348705,31021000,821.691,tonne,1416.501,TR
CBAM-45656821,27160000,886.817,tonne,4440.173,UA
CBAM-97267660,25232900,827.206,tonne,4154.659,MA
CBAM-45280155,72083900,441.127,tonne,1778.572,CN
CBAM-52446640,76011000,770.989,tonne,2816.688,IN
CBAM-26541771,28070010,416.623,tonne,4484.273,TR
CBAM-42478599,31021000,163.795,tonne,279.715,UA
CBAM-97000552,27160000,299.738,tonne,1336.707,MA
CBAM-48806465,25232900,729.276,tonne,242.254,CN
CBAM-38120855,72083900,815.96,tonne,1026.052,IN
CBAM-57639675,76011000,184.454,tonne,212.216,TR
CBAM-32632643,28070010,252.053,tonne,2682.903,UA
CBAM-63330935,31021000,336.263,tonne,4897.033,MA
CBAM-31389738,27160000,691.13,tonne,161,CN
CBAM-61331805,25232900,961.486,tonne,2393.139,IN
CBAM-54828252,72083900,899.463,tonne,4934.729,TR
CBAM-09455913,76011000,119.16,tonne,1178.696,UA
CBAM-90332490,28070010,531.076,tonne,1537.166,MA
CBAM-55379332,31021000,729.637,tonne,1323.155,CN
CBAM-98100149,27160000,92.02,tonne,647.025,IN
CBAM-12431304,25232900,610.103,tonne,2566.861,TR
CBAM-62527354,72083900,571.837,tonne,225.912,UA
CBAM-41403537,76011000,457.499,tonne,4481.397,MA
CBAM-23446692,28070010,588.041,tonne,551.209,CN
CBAM-62216441,31021000,489.742,tonne,4429.577,IN
CBAM-99370646,27160000,476.251,tonne,2426.677,TR
CBAM-53322922,25232900,655.084,tonne,4422.514,UA
CBAM-19924233,72083900,848.121,tonne,4584.979,MA
CBAM-33600753,76011000,741.179,tonne,1691.538,CN
CBAM-21932318,28070010,322.689,tonne,2841.94,IN
CBAM-21916916,31021000,174.87,tonne,4034.869,TR
CBAM-93675833,27160000,826.378,tonne,119.644,UA
CBAM-13618512,25232900,677.935,tonne,459.338,MA
CBAM-71480713,72083900,541.429,tonne,1434.856,CN
CBAM-90847902,76011000,739.333,tonne,601.559,IN
CBAM-02059930,28070010,957.974,tonne,2797.643,TR
CBAM-04574259,31021000,854.11,tonne,4609.095,UA
CBAM-21000233,27160000,637.886,tonne,3232.875,MA
CBAM-81289285,25232900,472.988,tonne,1047.967,CN
CBAM-83379371,72083900,125.933,tonne,2923.228,IN
CBAM-94689302,76011000,58.154,tonne,2772.631,TR
CBAM-81553748,28070010,502.278,tonne,470.589,UA
CBAM-50092491,31021000,974.19,tonne,4247.236,MA
CBAM-13431179,27160000,368.755,tonne,1421.597,CN
CBAM-91711731,25232900,842.498,tonne,4451.647,IN
CBAM-42013960,72083900,922.314,tonne,1004.281,TR
CBAM-39089844,76011000,133.969,tonne,4528.343,UA
CBAM-96555648,28070010,634.862,tonne,4192.626,MA
CBAM-75627227,31021000,863.262,tonne,754.86,CN
CBAM-31134525,27160000,630.44,tonne,3274.594,IN
CBAM-48611927,25232900,201.401,tonne,4804.761,TR
CBAM-25922317,72083900,251.909,tonne,3562.068,UA
CBAM-78007618,76011000,161.651,tonne,1566.203,MA
CBAM-82041635,28070010,449.45,tonne,2481.395,CN
CBAM-28051265,31021000,402.179,tonne,4464.821,IN
CBAM-95467370,27160000,316.587,tonne,4801.309,TR
CBAM-71366763,25232900,302.575,tonne,2805.768,UA
CBAM-63339535,72083900,739.254,tonne,2713.317,MA
CBAM-96239093,76011000,261.998,tonne,2910.749,CN
CBAM-45488543,28070010,693.912,tonne,2526.09,IN
CBAM-31441207,31021000,995.152,tonne,3135.141,TR
CBAM-84247431,27160000,452.377,tonne,1442.981,UA
CBAM-54952252,25232900,560.608,tonne,5009.23,MA
CBAM-36309257,72083900,220.072,tonne,4945.211,CN
CBAM-78865007,76011000,314.419,tonne,4711.84,IN
CBAM-96284882,28070010,519.818,tonne,1153.451,TR
CBAM-65942148,31021000,238.837,tonne,1945.387,UA
CBAM-39826571,27160000,36.561,tonne,3260.606,MA
CBAM-49894732,25232900,322.072,tonne,429.191,CN
CBAM-02310362,72083900,234.491,tonne,4750.987,IN
CBAM-35954236,76011000,614.477,tonne,1565.524,TR
CBAM-95061735,28070010,139.96,tonne,3662.799,UA
CBAM-65219593,31021000,597.68,tonne,2357.941,MA
CBAM-22688964,27160000,375.754,tonne,1889.138,CN
CBAM-85863764,25232900,737.546,tonne,1743.411,IN
CBAM-06372935,72083900,846.638,tonne,4992.307,TR
CBAM-57790898,76011000,953.011,tonne,3486.487,UA
CBAM-39439944,28070010,77.89,tonne,478.304,MA
CBAM-16209414,31021000,376.761,tonne,3683.926,CN
CBAM-91765087,27160000,159.033,tonne,3856.666,IN
CBAM-63024161,25232900,190.221,tonne,1656.937,TR
CBAM-09003485,72083900,249.362,tonne,2909.841,UA
CBAM-90854510,76011000,972.154,tonne,144.747,MA
CBAM-89843243,28070010,25.431,tonne,4422.816,CN
CBAM-96314422,31021000,787.027,tonne,4796.808,IN
CBAM-51620055,27160000,468.148,tonne,2299.149,TR
CBAM-27068709,25232900,418.139,tonne,474.284,UA
CBAM-31881270,72083900,134.616,tonne,3571.267,MA
CBAM-02368396,76011000,758.785,tonne,655.25,CN
CBAM-33630072,28070010,304.088,tonne,1760.07,IN
CBAM-04169865,31021000,752.477,tonne,1135.05,TR
CBAM-09997418,27160000,494.46,tonne,2609.123,UA
CBAM-07441281,25232900,767.336,tonne,1601.537,MA
CBAM-61205258,72083900,240.185,tonne,2509.974,CN
CBAM-15779308,76011000,312.835,tonne,3438.405,IN
CBAM-66537722,28070010,312.626,tonne,474.309,TR
CBAM-85015202,31021000,404.897,tonne,2398.633,UA
CBAM-27721456,27160000,167.803,tonne,2615.977,MA
CBAM-50598312,25232900,931.083,tonne,2341.034,CN
CBAM-60122805,72083900,311.889,tonne,2941.588,IN
CBAM-11559803,76011000,339.45,tonne,2816.75,TR
CBAM-19228449,28070010,523.531,tonne,1702.901,UA
CBAM-31974895,31021000,322.97,tonne,4832.214,MA
CBAM-29714863,27160000,382.014,tonne,4997.857,CN
CBAM-45043382,25232900,605.427,tonne,4063.095,IN
CBAM-21445086,72083900,829.548,tonne,3523.164,TR
CBAM-48868778,76011000,478.293,tonne,4817.531,UA
CBAM-38239616,28070010,158.208,tonne,1658.475,MA
CBAM-27615213,31021000,767.771,tonne,1619.433,CN
CBAM-83762507,27160000,5.136,tonne,3665.156,IN
CBAM-06708898,25232900,125.243,tonne,655.57,TR
CBAM-33003179,72083900,816.198,tonne,2341.803,UA
CBAM-62180086,76011000,718.942,tonne,4176.292,MA
CBAM-77210527,28070010,354.515,tonne,3141.575,CN
CBAM-09779928,31021000,216.664,tonne,3054.983,IN
CBAM-19492515,27160000,777.469,tonne,3752.156,TR
CBAM-37149123,25232900,42.176,tonne,2987.624,UA
CBAM-52681963,72083900,247.205,tonne,2888.313,MA
CBAM-93512546,76011000,67.837,tonne,3697.516,CN
CBAM-51362631,28070010,613.721,tonne,48.809,IN
CBAM-15058936,31021000,849.644,tonne,1884.4,TR
CBAM-62282827,27160000,452.164,tonne,3802.491,UA
CBAM-58320290,25232900,910.977,tonne,2229.514,MA
CBAM-05394096,72083900,358.534,tonne,3517.884,CN
CBAM-53712219,76011000,495.402,tonne,2523.538,IN
CBAM-14731157,28070010,74.777,tonne,4035.224,TR
CBAM-55209455,31021000,423.381,tonne,826.984,UA
CBAM-21275197,27160000,490.02,tonne,4018.837,MA
CBAM-41866134,25232900,164.773,tonne,118.756,CN
CBAM-89848829,72083900,474.737,tonne,336.912,IN
CBAM-12660833,76011000,87.091,tonne,4140.541,TR
CBAM-02765721,28070010,643.231,tonne,3607.259,UA
CBAM-95657442,31021000,690.503,tonne,4886.72,MA
CBAM-00069317,27160000,271.606,tonne,2134.792,CN
CBAM-27103112,25232900,8.383,tonne,418.426,IN
CBAM-99991571,72083900,361.892,tonne,3224.52,TR
CBAM-89121654,76011000,939.36,tonne,2937.312,UA
CBAM-83005034,28070010,855.929,tonne,4250.632,MA
CBAM-12616018,31021000,61.308,tonne,3305.508,CN
CBAM-78670048,27160000,183.125,tonne,3851.114,IN
CBAM-99753721,25232900,724.394,tonne,1780.563,TR
CBAM-44154155,72083900,609.301,tonne,3099.173,UA
CBAM-51681251,76011000,650.063,tonne,2681.895,MA
CBAM-61630147,28070010,783.419,tonne,1752.89,CN
CBAM-07453340,31021000,698.049,tonne,3031.502,IN
CBAM-72671485,27160000,844.834,tonne,2269.951,TR
CBAM-80170742,25232900,771.44,tonne,682.46,UA
CBAM-68706757,72083900,714.326,tonne,2160.552,MA
CBAM-95146032,76011000,485.805,tonne,4383.754,CN
CBAM-50892116,28070010,881.285,tonne,2117.424,IN
CBAM-78609133,31021000,6.479,tonne,3774.196,TR
CBAM-07276063,27160000,793.724,tonne,1995.689,UA
CBAM-63996169,25232900,286.74,tonne,992.081,MA
CBAM-34535614,72083900,809.65,tonne,3006.598,CN
CBAM-92678809,76011000,250.129,tonne,2240.895,IN
CBAM-98995112,28070010,382.624,tonne,2363.198,TR
CBAM-53271611,31021000,111.694,tonne,2445.401,UA
CBAM-19902365,27160000,480.256,tonne,1530.234,MA
CBAM-82731833,25232900,17.988,tonne,1632.759,CN
CBAM-22693888,72083900,700.019,tonne,4211.204,IN
CBAM-05764419,76011000,296.694,tonne,775.248,TR
CBAM-05477798,28070010,639.653,tonne,690.06,UA
CBAM-22697154,31021000,185.354,tonne,3480.01,MA
CBAM-94752679,27160000,605.583,tonne,1495.561,CN
CBAM-57934061,25232900,562.062,tonne,840.67,IN
CBAM-78536839,72083900,567.968,tonne,3133.489,TR
CBAM-73344628,76011000,362.381,tonne,215.018,UA
CBAM-15311751,28070010,612.317,tonne,3256.598,MA
CBAM-30133839,31021000,234.406,tonne,3983.959,CN
CBAM-65152295,27160000,476.246,tonne,3945.227,IN
CBAM-05429002,25232900,218.173,tonne,3548.564,TR
CBAM-54613268,72083900,790.312,tonne,4438.614,UA
CBAM-22775053,76011000,37.506,tonne,3329.519,MA
CBAM-91070180,28070010,609.093,tonne,3141.066,CN
CBAM-13088173,31021000,820.866,tonne,3970.335,IN
CBAM-08749867,27160000,772.06,tonne,3662.688,TR
CBAM-21759562,25232900,551.513,tonne,3519.746,UA
CBAM-54473456,72083900,886.894,tonne,100.74,MA
CBAM-90263781,76011000,737.206,tonne,3363.77,CN
CBAM-67036272,28070010,180.161,tonne,4179.424,IN
CBAM-97744094,31021000,66.983,tonne,4212.65,TR
CBAM-53572626,27160000,881.653,tonne,3747.356,UA
CBAM-98275289,25232900,564.685,tonne,146.346,MA
CBAM-06960892,72083900,968.41,tonne,1885.596,CN
CBAM-53320227,76011000,848.968,tonne,1600.562,IN
CBAM-14294937,28070010,566.046,tonne,4027.742,TR
CBAM-44547849,31021000,355.815,tonne,3050.165,UA
CBAM-41093293,27160000,78.85,tonne,4341.343,MA
CBAM-85891443,25232900,108.386,tonne,3696.922,CN
CBAM-81573167,72083900,669.134,tonne,752.005,IN
CBAM-30517306,76011000,433.698,tonne,1256.286,TR
CBAM-21949550,28070010,961.844,tonne,1042.098,UA
CBAM-83486127,31021000,971.88,tonne,1283.583,MA
CBAM-49445623,27160000,722.612,tonne,3035.398,CN
CBAM-03864362,25232900,939.147,tonne,3622.353,IN
CBAM-79937595,72083900,600.957,tonne,2776.113,TR
CBAM-81324741,76011000,633.157,tonne,3665.483,UA
CBAM-92556749,28070010,296.496,tonne,2215.921,MA
CBAM-93833276,31021000,26.594,tonne,2779.084,CN
CBAM-30869120,27160000,894.185,tonne,4765.454,IN
CBAM-15971330,25232900,165.635,tonne,3962.227,TR
CBAM-95251557,72083900,788.529,tonne,4496.289,UA
CBAM-32789220,76011000,57.266,tonne,4041.255,MA
CBAM-44026613,28070010,479.967,tonne,1653.296,CN
CBAM-08674829,31021000,601.543,tonne,1325.917,IN
CBAM-37166131,27160000,36.787,tonne,4258.132,TR
CBAM-70322782,25232900,731.232,tonne,4685.827,UA
CBAM-37327621,72083900,636.555,tonne,4283.455,MA
CBAM-04209031,76011000,968.114,tonne,2855.562,CN
CBAM-89027466,28070010,555.883,tonne,1928.078,IN
CBAM-15379944,31021000,722.672,tonne,4808.667,TR
CBAM-98381265,27160000,660.042,tonne,4914.94,UA
CBAM-55631441,25232900,197.508,tonne,3809.833,MA
CBAM-68863748,72083900,375.517,tonne,3654.273,CN
CBAM-63786622,76011000,739.992,tonne,2239.85,IN
CBAM-17964966,28070010,149.49,tonne,4428.495,TR
CBAM-30700973,31021000,792.12,tonne,924.322,UA
CBAM-84224449,27160000,940.694,tonne,1404.384,MA
CBAM-07214638,25232900,813.338,tonne,1081.804,CN
CBAM-08022807,72083900,159.866,tonne,4069.149,IN
CBAM-88462029,76011000,779.044,tonne,737.189,TR
CBAM-29150095,28070010,183.787,tonne,2906.885,UA
CBAM-77451079,31021000,222.986,tonne,2154.39,MA
CBAM-20645645,27160000,198.147,tonne,602.941,CN
CBAM-39474820,25232900,566.753,tonne,2283.922,IN
CBAM-96163359,72083900,871.006,tonne,1316.484,TR
CBAM-44087260,76011000,291.249,tonne,2723.071,UA
CBAM-85876726,28070010,214.711,tonne,2387.583,MA
CBAM-83086436,31021000,814.251,tonne,3300.001,CN
CBAM-60959807,27160000,501.136,tonne,4969.135,IN
CBAM-44460005,25232900,812.998,tonne,836.199,TR
CBAM-14581645,72083900,287.436,tonne,3817.052,UA
CBAM-82767808,76011000,686.117,tonne,4913.257,MA
CBAM-01076052,28070010,758.11,tonne,3705.548,CN
CBAM-65886673,31021000,796.816,tonne,1658.689,IN
CBAM-84892449,27160000,529.431,tonne,2580.128,TR
CBAM-03587854,25232900,573.025,tonne,541.826,UA
CBAM-27103967,72083900,271.578,tonne,2624.064,MA
CBAM-51349875,76011000,306.309,tonne,2033.666,CN
CBAM-00394287,28070010,134.367,tonne,1316.726,IN
CBAM-13078420,31021000,371.686,tonne,2621.599,TR
CBAM-70820801,27160000,165.944,tonne,4860.147,UA
CBAM-61864228,25232900,985.001,tonne,3913.908,MA
CBAM-90838908,72083900,143.945,tonne,97.206,CN
CBAM-27880229,76011000,157.978,tonne,2184.646,IN
CBAM-97893456,28070010,130.906,tonne,4321.122,TR
CBAM-88933272,31021000,170.277,tonne,3493.598,UA
CBAM-23740035,27160000,412.828,tonne,49.336,MA
CBAM-94397911,25232900,627.145,tonne,1817.043,CN
CBAM-16301545,72083900,157.935,tonne,2340.298,IN
CBAM-70354390,76011000,706.017,tonne,3352.421,TR
CBAM-98722448,28070010,776.252,tonne,1668.591,UA
CBAM-70328258,31021000,216.31,tonne,381.936,MA
CBAM-27844325,27160000,413.094,tonne,2967.605,CN
CBAM-30556023,25232900,886.776,tonne,2673.093,IN
CBAM-88408115,72083900,649.143,tonne,1051.206,TR
CBAM-38336222,76011000,185.552,tonne,1002.823,UA
CBAM-23991747,28070010,645.806,tonne,2772.146,MA
CBAM-41157568,31021000,630.147,tonne,665.815,CN
CBAM-41042232,27160000,155.098,tonne,3851.637,IN
CBAM-51233281,25232900,246.163,tonne,4489.257,TR
CBAM-49798906,72083900,88.013,tonne,3843.421,UA
CBAM-56070555,76011000,755.092,tonne,1082.061,MA
CBAM-29334708,28070010,634.567,tonne,2377.514,CN
CBAM-83119411,31021000,841.03,tonne,546.133,IN
CBAM-72287709,27160000,594.248,tonne,2366.256,TR
CBAM-74918133,25232900,788.666,tonne,639.191,UA
CBAM-68408904,72083900,179.048,tonne,1001.564,MA
CBAM-92215392,76011000,184.97,tonne,3035.033,CN
CBAM-90793367,28070010,300.434,tonne,3355.815,IN
CBAM-92236057,31021000,517.831,tonne,2099.611,TR
CBAM-55835970,27160000,624.158,tonne,1368.365,UA
CBAM-55826830,25232900,682.818,tonne,2210.489,MA
CBAM-82816084,72083900,346.904,tonne,510.526,CN
CBAM-84890635,76011000,147.62,tonne,4016.24,IN
CBAM-20359059,28070010,539.266,tonne,3848.037,TR
CBAM-69011216,31021000,862.203,tonne,3111.132,UA
CBAM-82749202,27160000,190.697,tonne,2992.206,MA
CBAM-37568020,25232900,404.628,tonne,668.264,CN
CBAM-50791839,72083900,900.711,tonne,1558.061,IN
CBAM-35968721,76011000,331.963,tonne,1989.409,TR
CBAM-37973463,28070010,718.485,tonne,2166.642,UA
CBAM-32906867,31021000,930.75,tonne,2644.188,MA
CBAM-52907660,27160000,107.59,tonne,3617.989,CN
CBAM-79612313,25232900,109.332,tonne,498.191,IN
CBAM-42371426,72083900,598.153,tonne,3488.829,TR
CBAM-47257905,76011000,488.734,tonne,2323.453,UA
CBAM-22559527,28070010,524.324,tonne,4955.81,MA
CBAM-34460899,31021000,515.828,tonne,2032.109,CN
CBAM-28592701,27160000,845.18,tonne,4257.071,IN
CBAM-20161836,25232900,239.777,tonne,1799.463,TR
CBAM-78522117,72083900,640.915,tonne,3897.97,UA
CBAM-61110397,76011000,887.084,tonne,458.306,MA
CBAM-58833998,28070010,30.542,tonne,3539.562,CN
CBAM-14682563,31021000,729.909,tonne,2311.53,IN
CBAM-65818575,27160000,6.869,tonne,4507.26,TR
CBAM-83572893,25232900,356.87,tonne,3745.775,UA
CBAM-67880153,72083900,97.633,tonne,3880.94,MA
CBAM-42341501,76011000,345.148,tonne,4862.581,CN
CBAM-78739644,28070010,583.798,tonne,4377.765,IN
CBAM-49511522,31021000,113.467,tonne,712.862,TR
CBAM-19733267,27160000,573.294,tonne,1865.27,UA
CBAM-43444545,25232900,927.434,tonne,2949.703,MA
CBAM-65887432,72083900,511.884,tonne,879.752,CN
CBAM-16119049,76011000,551.888,tonne,2304.097,IN
CBAM-45857562,28070010,36.775,tonne,310.025,TR
CBAM-70212379,31021000,92.671,tonne,883.291,UA
CBAM-03660911,27160000,341.328,tonne,2079.871,MA
CBAM-00912727,25232900,462.343,tonne,2562.628,CN
CBAM-71520359,72083900,382.543,tonne,5001.176,IN
CBAM-65951274,76011000,642.542,tonne,37.664,TR
CBAM-29080943,28070010,908.014,tonne,1032.745,UA
CBAM-47073109,31021000,756.489,tonne,4639.143,MA
CBAM-56825827,27160000,280.917,tonne,3779.774,CN
CBAM-11466186,25232900,652.783,tonne,2217.047,IN
CBAM-41553523,72083900,742.215,tonne,979.986,TR
CBAM-46565501,76011000,375.28,tonne,1671.737,UA
CBAM-79886918,28070010,143.903,tonne,2051.244,MA
CBAM-67411042,31021000,390.939,tonne,1982.357,CN
CBAM-08558644,27160000,94.703,tonne,3084.017,IN
CBAM-05588918,25232900,730.251,tonne,2923.14,TR
CBAM-45748935,72083900,501.454,tonne,2716.595,UA
CBAM-21699855,76011000,88.768,tonne,1301.334,MA
CBAM-04370972,28070010,383.74,tonne,3532.8,CN
CBAM-12684674,31021000,809.079,tonne,3153.946,IN
CBAM-82385281,27160000,595.727,tonne,3744.663,TR
CBAM-80839630,25232900,511.155,tonne,627.493,UA
CBAM-13722753,72083900,211.488,tonne,4464.678,MA
CBAM-64325016,76011000,689.681,tonne,2549.983,CN
CBAM-82402684,28070010,616.819,tonne,1411.867,IN
CBAM-37120622,31021000,813.311,tonne,1709.738,TR
CBAM-03895154,27160000,866.33,tonne,2803.551,UA
CBAM-38728998,25232900,184.056,tonne,4928.149,MA
CBAM-81176190,72083900,137.366,tonne,2564.858,CN
CBAM-83146033,76011000,240.298,tonne,1388.937,IN
CBAM-88257371,28070010,638.355,tonne,2201.852,TR
CBAM-49562537,31021000,537.946,tonne,2801.477,UA
CBAM-08542495,27160000,897.138,tonne,4057.715,MA
CBAM-54232151,25232900,143.868,tonne,2554.532,CN
CBAM-53389006,72083900,754.091,tonne,1814.082,IN
CBAM-45436859,76011000,709.5,tonne,1142.51,TR
CBAM-15528702,28070010,885.415,tonne,847.133,UA
CBAM-36211954,31021000,681.407,tonne,449.845,MA
CBAM-28272702,27160000,124.748,tonne,1528.629,CN
CBAM-52063559,25232900,541.435,tonne,4789.324,IN
CBAM-91060109,72083900,7.472,tonne,1751.155,TR
CBAM-10375544,76011000,353.791,tonne,4361.651,UA
CBAM-13805639,28070010,374.446,tonne,4327.795,MA
CBAM-48762115,31021000,975.247,tonne,854.084,CN
CBAM-54302406,27160000,416.478,tonne,719.427,IN
CBAM-19695384,25232900,738.358,tonne,678.019,TR
CBAM-73345595,72083900,460.07,tonne,4028.915,UA
CBAM-18580540,76011000,833.833,tonne,1807.62,MA
CBAM-86236976,28070010,543.403,tonne,1496.558,CN
CBAM-08848111,31021000,473.407,tonne,1163.509,IN
CBAM-72263525,27160000,979.055,tonne,3698.036,TR
CBAM-00756784,25232900,821.494,tonne,3939.594,UA
CBAM-14582666,72083900,486.31,tonne,2983.912,MA
CBAM-65676632,76011000,489.666,tonne,1142.043,CN
CBAM-40206200,28070010,897.382,tonne,726.929,IN
CBAM-09950114,31021000,546.829,tonne,1529.596,TR
CBAM-78000159,27160000,940.756,tonne,3416.95,UA
CBAM-36771552,25232900,526.963,tonne,2261.88,MA
CBAM-07472030,72083900,778.368,tonne,2059.747,CN
CBAM-32414761,76011000,190.66,tonne,4113.537,IN
CBAM-86158314,28070010,986.378,tonne,469.013,TR
CBAM-50091711,31021000,31.75,tonne,4522.451,UA
CBAM-31640694,27160000,972.488,tonne,2629.612,MA
CBAM-65450360,25232900,35.225,tonne,366.683,CN
CBAM-18444292,72083900,422.859,tonne,520.318,IN
CBAM-34695850,76011000,53.271,tonne,4304.891,TR
CBAM-86606794,28070010,914.423,tonne,3184.049,UA
CBAM-01551648,31021000,892.661,tonne,2617.045,MA
CBAM-23362639,27160000,354.614,tonne,3892.668,CN
CBAM-89336017,25232900,767.91,tonne,264.301,IN
CBAM-53699940,72083900,350.734,tonne,2840.906,TR
CBAM-13005173,76011000,533.308,tonne,1479.96,UA
CBAM-75087077,28070010,595.077,tonne,4532.085,MA
CBAM-46107023,31021000,437.567,tonne,776.298,CN
CBAM-10899981,27160000,515.219,tonne,674.312,IN
CBAM-79045356,25232900,844.556,tonne,3068.562,TR
CBAM-98480457,72083900,975.374,tonne,1010.204,UA
CBAM-84725218,76011000,100.07,tonne,563.032,MA
CBAM-53343137,28070010,548.198,tonne,3866.529,CN
CBAM-30535025,31021000,602.12,tonne,1091.885,IN
CBAM-89195433,27160000,639.865,tonne,2178.17,TR
CBAM-08381086,25232900,126.443,tonne,3254.816,UA
CBAM-99952769,72083900,283.097,tonne,3209.157,MA
CBAM-53623888,76011000,579.268,tonne,4614.221,CN
CBAM-47246398,28070010,26.782,tonne,4828.677,IN
CBAM-29108710,31021000,45.699,tonne,3962.561,TR
CBAM-48449494,27160000,735.262,tonne,1033.381,UA
CBAM-39133548,25232900,612.428,tonne,112.705,MA
CBAM-78964745,72083900,469.91,tonne,2761.315,CN
CBAM-18460749,76011000,28.316,tonne,943.026,IN
CBAM-49527117,28070010,374.881,tonne,3263.286,TR
CBAM-90140705,31021000,198.304,tonne,768.517,UA
CBAM-00228423,27160000,865.253,tonne,3923.978,MA
CBAM-20707006,25232900,66.294,tonne,697.522,CN
CBAM-77420719,72083900,364.363,tonne,1142.386,IN
CBAM-96686131,76011000,578.546,tonne,2743.248,TR
CBAM-73680376,28070010,978.068,tonne,3195.161,UA
CBAM-93471788,31021000,580.115,tonne,1654.697,MA
CBAM-79381175,27160000,389.429,tonne,886.192,CN
CBAM-97520052,25232900,260.023,tonne,1555.933,IN
CBAM-76705481,72083900,139.359,tonne,122.053,TR
CBAM-45699884,76011000,953.823,tonne,3271.207,UA
CBAM-46160303,28070010,834.04,tonne,2212.717,MA
CBAM-98731837,31021000,961.091,tonne,2755.543,CN
CBAM-85311990,27160000,778.622,tonne,2795.85,IN
CBAM-43660669,25232900,303.933,tonne,1407.08,TR
CBAM-75881760,72083900,208.85,tonne,4386.976,UA
CBAM-45745574,76011000,788.828,tonne,1308.708,MA
CBAM-23404624,28070010,951.321,tonne,1106.746,CN
CBAM-99006071,31021000,132.532,tonne,1690.825,IN
CBAM-43916553,27160000,145.711,tonne,5001.432,TR
CBAM-05513063,25232900,832.282,tonne,1362.451,UA
CBAM-48628701,72083900,614.339,tonne,3512.479,MA
CBAM-64511501,76011000,789.337,tonne,4389.126,CN
CBAM-00718942,28070010,903.355,tonne,2699.937,IN
CBAM-16605047,31021000,353.759,tonne,2725.731,TR
CBAM-87248840,27160000,973.046,tonne,1631.274,UA
CBAM-81654949,25232900,395.515,tonne,3485.466,MA
CBAM-33916321,72083900,672.966,tonne,388.59,CN
CBAM-11919249,76011000,452.746,tonne,1815.433,IN
CBAM-44903125,28070010,411.198,tonne,2190.316,TR
CBAM-39264770,31021000,165.538,tonne,3984.413,UA
CBAM-10730195,27160000,748.41,tonne,3643.112,MA
CBAM-11997040,25232900,912.173,tonne,1201.152,CN
CBAM-23736415,72083900,335.562,tonne,1861.349,IN
CBAM-00272601,76011000,399.605,tonne,234.547,TR
CBAM-05902468,28070010,265.899,tonne,1220.614,UA
CBAM-84862582,31021000,85.841,tonne,1854.922,MA
CBAM-14106357,27160000,301.901,tonne,1315.414,CN
CBAM-79525529,25232900,143.088,tonne,2658.836,IN
CBAM-20082738,72083900,899.974,tonne,4685.432,TR
CBAM-11032684,76011000,495.859,tonne,641.402,UA
CBAM-11250411,28070010,900.516,tonne,1626.659,MA
CBAM-34178481,31021000,697.211,tonne,3451.258,CN
CBAM-82772477,27160000,497.571,tonne,1402.042,IN
CBAM-80085805,25232900,558.786,tonne,1738.439,TR
CBAM-88188867,72083900,238.333,tonne,3500.733,UA
CBAM-68318370,76011000,848.364,tonne,59.408,MA
CBAM-42031862,28070010,381.926,tonne,847.103,CN
CBAM-70057189,31021000,11.816,tonne,1941.618,IN
CBAM-98835021,27160000,79.328,tonne,4296.529,TR
CBAM-60043761,25232900,152.142,tonne,1501.875,UA
CBAM-73635600,72083900,594.082,tonne,1227.737,MA
CBAM-74521988,76011000,262.739,tonne,1397.705,CN
CBAM-35513902,28070010,571.209,tonne,1248.186,IN
CBAM-85812880,31021000,45.723,tonne,1572.586,TR
CBAM-91654268,27160000,730.745,tonne,2233.806,UA
CBAM-52598645,25232900,781.246,tonne,505.309,MA
CBAM-14683691,72083900,33.228,tonne,3183.126,CN
CBAM-51328375,76011000,954.229,tonne,4495.047,IN
CBAM-52544340,28070010,451.387,tonne,1086.804,TR
CBAM-69637545,31021000,631.431,tonne,341.796,UA
CBAM-89817094,27160000,139.03,tonne,2920.327,MA
CBAM-43856051,25232900,14.221,tonne,3101.972,CN
CBAM-69372603,72083900,405.942,tonne,1926.992,IN
CBAM-65818095,76011000,577.9,tonne,4008.768,TR
CBAM-87541410,28070010,712.875,tonne,3464.312,UA
CBAM-38882946,31021000,531.746,tonne,4929.261,MA
CBAM-84954113,27160000,605.201,tonne,625.501,CN
CBAM-99944667,25232900,987.361,tonne,4913.277,IN
CBAM-70148483,72083900,81.302,tonne,952.109,TR
CBAM-33618592,76011000,179.21,tonne,566.538,UA
CBAM-50815581,28070010,569.945,tonne,1832.741,MA
CBAM-31671901,31021000,482.518,tonne,546.209,CN
CBAM-13487382,27160000,543.705,tonne,950.071,IN
CBAM-78727182,25232900,498.569,tonne,1480.194,TR
CBAM-10324327,72083900,697.229,tonne,3200.892,UA
CBAM-92123854,76011000,795.968,tonne,2470.436,MA
CBAM-78819886,28070010,456.51,tonne,4795.603,CN
CBAM-33137127,31021000,560.842,tonne,886.662,IN
CBAM-63880062,27160000,488.958,tonne,2736.3,TR
CBAM-62889772,25232900,343.712,tonne,2292.554,UA
CBAM-10583369,72083900,647.912,tonne,1343.858,MA
CBAM-66109900,76011000,232.898,tonne,4348.222,CN
CBAM-78081105,28070010,699.201,tonne,1854.337,IN
CBAM-40695098,31021000,411.261,tonne,4647.717,TR
CBAM-43946294,27160000,893.62,tonne,127.208,UA
CBAM-96897778,25232900,10.087,tonne,4876.145,MA
CBAM-45940602,72083900,539.173,tonne,4256.181,CN
CBAM-58983723,76011000,928.731,tonne,2389.884,IN
CBAM-46004895,28070010,256.297,tonne,621.42,TR
CBAM-51912783,31021000,262.389,tonne,3823.384,UA
CBAM-50966588,27160000,149.617,tonne,4038.574,MA
CBAM-84189479,25232900,128.964,tonne,2699.202,CN
CBAM-78844901,72083900,876.515,tonne,4657.476,IN
CBAM-60853936,76011000,596.483,tonne,1945.026,TR
CBAM-89262427,28070010,96.722,tonne,3372.061,UA
CBAM-95071302,31021000,931.609,tonne,3294.579,MA
CBAM-66298099,27160000,286.15,tonne,4472.078,CN
CBAM-54881786,25232900,576.135,tonne,3579.315,IN
CBAM-83779026,72083900,622.722,tonne,493.054,TR
CBAM-40564344,76011000,51.322,tonne,1664.118,UA
CBAM-76864066,28070010,364.745,tonne,1736.338,MA
CBAM-73546041,31021000,231.953,tonne,4149.203,CN
CBAM-31318473,27160000,61.202,tonne,2940.928,IN
CBAM-26555080,25232900,285.295,tonne,1867.025,TR
CBAM-90769784,72083900,21.909,tonne,2894.67,UA
CBAM-45497430,76011000,153.239,tonne,1841.876,MA
CBAM-59921173,28070010,836.459,tonne,4183.049,CN
CBAM-77402885,31021000,495.685,tonne,3725.862,IN
CBAM-15911927,27160000,99.84,tonne,2101.837,TR
CBAM-64096918,25232900,638.67,tonne,113.955,UA
CBAM-77669004,72083900,686.516,tonne,944.284,MA
CBAM-13529132,76011000,292.085,tonne,761.453,CN
CBAM-75037163,28070010,971.054,tonne,565.395,IN
CBAM-61459920,31021000,797.796,tonne,1428.756,TR
CBAM-69259478,27160000,256.476,tonne,1437.406,UA
CBAM-52101118,25232900,139.249,tonne,4520.52,MA
CBAM-91108050,72083900,89.305,tonne,1759.26,CN
CBAM-03964394,76011000,572.201,tonne,192.009,IN
CBAM-49627393,28070010,330.269,tonne,1635.687,TR
CBAM-95266889,31021000,708.302,tonne,3957.322,UA
CBAM-27814529,27160000,137.174,tonne,3103.145,MA
CBAM-43409191,25232900,209.146,tonne,2483.683,CN
CBAM-59926359,72083900,669.105,tonne,3563.794,IN
CBAM-61413630,76011000,100.57,tonne,2691.981,TR
CBAM-69906747,28070010,678.479,tonne,3226.41,UA
CBAM-80654272,31021000,80.218,tonne,1831.996,MA
CBAM-09565275,27160000,465.465,tonne,678.437,CN
CBAM-63401203,25232900,124.124,tonne,3392.57,IN
CBAM-47668731,72083900,423.871,tonne,4278.295,TR
CBAM-09703389,76011000,97.125,tonne,986.679,UA
CBAM-74160155,28070010,285.686,tonne,4443.923,MA
CBAM-53136086,31021000,723.158,tonne,2021.615,CN
CBAM-83724173,27160000,68.017,tonne,2015.141,IN
CBAM-86696467,25232900,536.863,tonne,2786.166,TR
CBAM-15077738,72083900,89.806,tonne,2970.235,UA
CBAM-93802338,76011000,783.315,tonne,3607.195,MA
CBAM-49150647,28070010,205.927,tonne,1882.898,CN
CBAM-24527504,31021000,608.888,tonne,4554.746,IN
CBAM-78026002,27160000,80.319,tonne,2446.715,TR
CBAM-15234177,25232900,212.044,tonne,514.722,UA
CBAM-31385368,72083900,134.066,tonne,897.361,MA
CBAM-55803299,76011000,438.424,tonne,1840.839,CN
CBAM-15367457,28070010,610.9,tonne,1935.318,IN
CBAM-56728160,31021000,451.75,tonne,621.378,TR
CBAM-26999026,27160000,705.952,tonne,617.353,UA
CBAM-13063419,25232900,2.596,tonne,668.109,MA
CBAM-88539692,72083900,436.424,tonne,3090.294,CN
CBAM-64611167,76011000,28.016,tonne,4909.039,IN
CBAM-96027565,28070010,245.609,tonne,3844.525,TR
CBAM-57645279,31021000,245.749,tonne,3561.771,UA
CBAM-95365926,27160000,835.891,tonne,3531.859,MA
CBAM-36751533,25232900,11.096,tonne,4687.855,CN
CBAM-24908466,72083900,958.419,tonne,2476.123,IN
CBAM-20036501,76011000,655.274,tonne,1684.6,TR
CBAM-03860508,28070010,419.116,tonne,831.384,UA
CBAM-40233779,31021000,270.628,tonne,4871.23,MA
CBAM-45295390,27160000,848.743,tonne,4718.576,CN
CBAM-54441941,25232900,622.801,tonne,3328.388,IN
CBAM-54235178,72083900,88.571,tonne,1961.485,TR
CBAM-05762704,76011000,457.556,tonne,2910.913,UA
CBAM-71521644,28070010,396.998,tonne,3397.435,MA
CBAM-66815086,31021000,527.99,tonne,4197.226,CN
CBAM-78960099,27160000,370.483,tonne,1220.822,IN
CBAM-31797602,25232900,975.854,tonne,3203.985,TR
CBAM-98269857,72083900,308.068,tonne,4343.084,UA
CBAM-74802215,76011000,161.832,tonne,726.774,MA
CBAM-63755356,28070010,242.308,tonne,3454.95,CN
CBAM-90854854,31021000,250.73,tonne,3148.573,IN
CBAM-42814029,27160000,300.983,tonne,2177.654,TR
CBAM-10617839,25232900,980.741,tonne,495.627,UA
CBAM-32695334,72083900,402.473,tonne,4904.408,MA
CBAM-48527776,76011000,999.833,tonne,3669.041,CN
CBAM-51815590,28070010,433.235,tonne,3529.61,IN
CBAM-67553553,31021000,100.627,tonne,2248.419,TR
CBAM-16950247,27160000,319.895,tonne,426.386,UA
CBAM-06724670,25232900,827.73,tonne,4766.834,MA
CBAM-60297211,72083900,311.415,tonne,51.865,CN
CBAM-13351866,76011000,551.143,tonne,1568.038,IN
CBAM-71652303,28070010,833.577,tonne,951.676,TR
CBAM-65190343,31021000,750.154,tonne,3997.386,UA
CBAM-10078427,27160000,449.109,tonne,1256.763,MA
CBAM-57259712,25232900,97.922,tonne,4768.843,CN
CBAM-52865114,72083900,391.636,tonne,2364.018,IN
CBAM-45007923,76011000,638.999,tonne,3021.432,TR
CBAM-32630408,28070010,472.069,tonne,2621.464,UA
CBAM-79929910,31021000,137.702,tonne,2312.919,MA
CBAM-78276728,27160000,213.255,tonne,3063.099,CN
CBAM-39976222,25232900,473.965,tonne,3784.686,IN
CBAM-69568322,72083900,675.69,tonne,4361.661,TR
CBAM-66413396,76011000,143.546,tonne,879.929,UA
CBAM-11508684,28070010,810.069,tonne,2634.227,MA
CBAM-20673608,31021000,447.839,tonne,3570.308,CN
CBAM-20741416,27160000,773.254,tonne,2204.857,IN
CBAM-35313116,25232900,187.994,tonne,3062.031,TR
CBAM-52984432,72083900,340.619,tonne,1620.163,UA
CBAM-34521923,76011000,676.176,tonne,3860.352,MA
CBAM-79080418,28070010,154.172,tonne,2254.371,CN
CBAM-35539819,31021000,696.58,tonne,588.759,IN
CBAM-08583783,27160000,694.634,tonne,4827.124,TR
CBAM-24895755,25232900,66.721,tonne,986.983,UA
CBAM-26316100,72083900,610.282,tonne,2368.989,MA
CBAM-28511605,76011000,693.401,tonne,3544.491,CN
CBAM-71664278,28070010,58,tonne,690.252,IN
CBAM-79584480,31021000,388.684,tonne,1734.382,TR
CBAM-76689621,27160000,412.457,tonne,3109.004,UA
CBAM-99884925,25232900,457.468,tonne,1858.636,MA
CBAM-63873348,72083900,225.619,tonne,146.93,CN
CBAM-66468824,76011000,222.859,tonne,3572.868,IN
CBAM-38509586,28070010,397.069,tonne,1912.872,TR
CBAM-28153611,31021000,701.499,tonne,1681.822,UA
CBAM-74470244,27160000,613.707,tonne,2010.632,MA
CBAM-97568318,25232900,249.406,tonne,4726.291,CN
CBAM-50268679,72083900,460.633,tonne,2255.949,IN
CBAM-65958132,76011000,837.509,tonne,2047.46,TR
CBAM-88538206,28070010,405.05,tonne,3118.478,UA
CBAM-74324322,31021000,772.299,tonne,2956.952,MA
CBAM-00277001,27160000,469.477,tonne,2519.976,CN
CBAM-56838660,25232900,317.63,tonne,4322.102,IN
CBAM-85783805,72083900,594.629,tonne,3884.227,TR
CBAM-04620958,76011000,24.541,tonne,4201.357,UA
CBAM-08859717,28070010,694.925,tonne,794.46,MA
CBAM-93484042,31021000,289.783,tonne,3359.951,CN
CBAM-44894283,27160000,191.69,tonne,4621.654,IN
CBAM-60747386,25232900,563.097,tonne,4028.288,TR
CBAM-62057541,72083900,745.808,tonne,3777.528,UA
CBAM-21276634,76011000,814.344,tonne,4856.622,MA
CBAM-77984584,28070010,751.598,tonne,4852.682,CN
CBAM-15816468,31021000,576.504,tonne,3056.535,IN
CBAM-90525263,27160000,772.963,tonne,704.987,TR
CBAM-78487743,25232900,476.936,tonne,2110.945,UA
CBAM-59804487,72083900,643.508,tonne,3566.795,MA
CBAM-05823223,76011000,991.615,tonne,2733.677,CN
CBAM-11757447,28070010,821.986,tonne,2247.658,IN
CBAM-02289921,31021000,329.22,tonne,3581.098,TR
CBAM-54195379,27160000,874.479,tonne,1989.008,UA
CBAM-32154338,25232900,646.192,tonne,3104.03,MA
CBAM-93497127,72083900,431.338,tonne,508.912,CN
CBAM-64409442,76011000,985.985,tonne,2112.178,IN
CBAM-96797191,28070010,386.608,tonne,4281.496,TR
CBAM-54274557,31021000,472.551,tonne,776.728,UA
CBAM-39099521,27160000,947.696,tonne,17.004,MA
CBAM-06719331,25232900,657.303,tonne,553.001,CN
CBAM-78373647,72083900,800.135,tonne,2267.478,IN
CBAM-35598431,76011000,555.223,tonne,2556.657,TR
CBAM-78445450,28070010,400.543,tonne,4219.47,UA
CBAM-41465695,31021000,137.877,tonne,1626.922,MA
CBAM-65762677,27160000,719.282,tonne,698.434,CN
CBAM-86304767,25232900,489.145,tonne,318.596,IN
CBAM-11922889,72083900,58.918,tonne,705.347,TR
CBAM-90074387,76011000,327.211,tonne,2724.276,UA
CBAM-86781170,28070010,484.551,tonne,2455.665,MA
CBAM-86980653,31021000,801.203,tonne,534.342,CN
CBAM-89217863,27160000,716.785,tonne,2513.526,IN
CBAM-00663371,25232900,168.147,tonne,1486.882,TR
CBAM-12090880,72083900,526.369,tonne,4703.624,UA
CBAM-19958764,76011000,127.787,tonne,3605.928,MA
CBAM-51844333,28070010,147.568,tonne,3323.667,CN
CBAM-44076553,31021000,218.228,tonne,456.687,IN
CBAM-05810086,27160000,988.14,tonne,1337.944,TR
CBAM-20469928,25232900,127.642,tonne,4120.17,UA
CBAM-27492358,72083900,213.065,tonne,1026.095,MA
CBAM-88546462,76011000,444.716,tonne,148.428,CN
CBAM-85216437,28070010,275.494,tonne,4438.723,IN
CBAM-90629425,31021000,597.319,tonne,831.653,TR
CBAM-58403583,27160000,877.742,tonne,1837.641,UA
CBAM-67309778,25232900,189.456,tonne,2423.398,MA
CBAM-53564321,72083900,815.598,tonne,1462.128,CN
CBAM-41456677,76011000,633.945,tonne,199.611,IN
CBAM-90228291,28070010,877.6,tonne,2194.682,TR
CBAM-48517250,31021000,346.116,tonne,3588.472,UA
CBAM-26639300,27160000,737.921,tonne,3499.393,MA
CBAM-70236477,25232900,573.724,tonne,2306.239,CN
CBAM-00543547,72083900,661.493,tonne,4297.977,IN
CBAM-31750707,76011000,537.358,tonne,2829.091,TR
CBAM-74463555,28070010,764.18,tonne,4842.623,UA
CBAM-46900916,31021000,405.255,tonne,1852.269,MA
CBAM-94387386,27160000,12.841,tonne,3381.604,CN
CBAM-36296289,25232900,547.765,tonne,1184.611,IN
CBAM-09607114,72083900,582.405,tonne,786.967,TR
CBAM-09566234,76011000,818.544,tonne,2014.072,UA
CBAM-05160109,28070010,864.965,tonne,2064.672,MA
CBAM-25323358,31021000,764.14,tonne,2159.969,CN
CBAM-92347113,27160000,134.804,tonne,1783.475,IN
CBAM-13985822,25232900,721.453,tonne,1695.495,TR
CBAM-64786125,72083900,396.329,tonne,2074.468,UA
CBAM-23660162,76011000,12.71,tonne,4340.157,MA
CBAM-64606897,28070010,792.736,tonne,1030.936,CN
CBAM-83989297,31021000,444.275,tonne,2038.541,IN
CBAM-79948175,27160000,58.688,tonne,2725.962,TR
CBAM-30541016,25232900,778.026,tonne,663.882,UA
CBAM-71721335,72083900,593.122,tonne,2076.434,MA
CBAM-46163817,76011000,448.428,tonne,937.286,CN
CBAM-19349794,28070010,920.914,tonne,3183.95,IN
CBAM-66238928,31021000,309.858,tonne,2673.602,TR
CBAM-98677223,27160000,754.758,tonne,4377.155,UA
CBAM-15105587,25232900,752.495,tonne,109.495,MA
CBAM-69084750,72083900,180.456,tonne,4362.012,CN
CBAM-59657716,76011000,544.418,tonne,1989.839,IN
CBAM-68743238,28070010,49.563,tonne,1551.207,TR
CBAM-78862851,31021000,731.591,tonne,3221.429,UA
CBAM-31700579,27160000,483.701,tonne,2150.183,MA
CBAM-87325565,25232900,983.049,tonne,1417.954,CN
CBAM-46418733,72083900,391.784,tonne,2571.22,IN
CBAM-79297251,76011000,798.14,tonne,3901.757,TR
CBAM-98773162,28070010,565.035,tonne,1916.838,UA
CBAM-67415628,31021000,238.693,tonne,157.428,MA
CBAM-79991113,27160000,629.36,tonne,4309.711,CN
CBAM-55886549,25232900,605.26,tonne,3227.32,IN
CBAM-54317815,72083900,954.12,tonne,1726.835,TR
CBAM-64830102,76011000,789.416,tonne,3355.607,UA
CBAM-66809377,28070010,353.285,tonne,1194.03,MA
CBAM-43077221,31021000,93.382,tonne,256.354,CN
CBAM-21776998,27160000,495.701,tonne,2002.735,IN
CBAM-72751940,25232900,778.44,tonne,2104.016,TR
CBAM-85832371,72083900,939.395,tonne,895.399,UA
CBAM-62893096,76011000,564.432,tonne,1376.325,MA
CBAM-16583340,28070010,116.533,tonne,3736.508,CN
CBAM-27549529,31021000,817.19,tonne,2707.782,IN
CBAM-74061434,27160000,184.889,tonne,3048.422,TR
CBAM-71891814,25232900,721.656,tonne,3384.72,UA
CBAM-47125689,72083900,46.16,tonne,2297.927,MA
CBAM-34109499,76011000,358.366,tonne,135.049,CN
CBAM-51413061,28070010,4.676,tonne,4055.692,IN
CBAM-05236245,31021000,955.343,tonne,4919.876,TR
CBAM-88516244,27160000,164.547,tonne,2833.54,UA
CBAM-58297213,25232900,257.934,tonne,4296.876,MA
CBAM-08842676,72083900,34.594,tonne,2604.915,CN
CBAM-71506733,76011000,495.169,tonne,3737.454,IN
CBAM-24476845,28070010,23.181,tonne,4421.655,TR
CBAM-66850463,31021000,120.619,tonne,4345.022,UA
CBAM-79908593,27160000,366.761,tonne,2444.875,MA
CBAM-27096722,25232900,657.44,tonne,2923.307,CN
CBAM-29015145,72083900,92.02,tonne,1410.264,IN
CBAM-44990530,76011000,983.623,tonne,4332.294,TR
CBAM-60416188,28070010,300.302,tonne,875.412,UA
CBAM-98430743,31021000,269.588,tonne,4549.113,MA
CBAM-94565593,27160000,6.881,tonne,4885.416,CN
CBAM-99537601,25232900,322.16,tonne,1385.574,IN
CBAM-31627018,72083900,603.529,tonne,1617.59,TR
CBAM-85148781,76011000,716.944,tonne,3212.746,UA
CBAM-11787713,28070010,64.649,tonne,2782.682,MA
CBAM-27132518,31021000,130.622,tonne,1581.848,CN
CBAM-38690055,27160000,396.807,tonne,2828.674,IN
CBAM-06608490,25232900,593.583,tonne,2810.56,TR
CBAM-97503495,72083900,753.34,tonne,3764.35,UA
CBAM-93302735,76011000,538.773,tonne,3850.276,MA
CBAM-74033226,28070010,779.2,tonne,4662.917,CN
CBAM-04776135,31021000,553.387,tonne,3070.126,IN
CBAM-21858565,27160000,952.861,tonne,515.92,TR
CBAM-78729532,25232900,451.989,tonne,5002.206,UA
CBAM-93385002,72083900,362.545,tonne,3720.413,MA
CBAM-63604975,76011000,69.385,tonne,588.03,CN
CBAM-50915396,28070010,948.369,tonne,2120.41,IN
CBAM-23980561,31021000,792.571,tonne,3118.974,TR
CBAM-68299509,27160000,919.783,tonne,2070.358,UA
CBAM-21085427,25232900,841.792,tonne,4241.396,MA
CBAM-65920205,72083900,605.66,tonne,2639.872,CN
CBAM-77364995,76011000,716.594,tonne,909.414,IN
CBAM-95032909,28070010,933.74,tonne,4153.602,TR
CBAM-37150794,31021000,119.674,tonne,3185.189,UA
CBAM-51759335,27160000,835.235,tonne,156.908,MA
CBAM-30803194,25232900,954.84,tonne,3710.505,CN
CBAM-56870186,72083900,911.219,tonne,4617.632,IN
CBAM-10007361,76011000,986.252,tonne,1516.531,TR
CBAM-05586678,28070010,127.508,tonne,3311.742,UA
CBAM-14235163,31021000,661.59,tonne,4574.356,MA
CBAM-48119374,27160000,773.437,tonne,2433.972,CN
CBAM-34726794,25232900,973.432,tonne,3693.67,IN
CBAM-00197828,72083900,242.876,tonne,509.22,TR
CBAM-85218021,76011000,258.788,tonne,3328.058,UA
CBAM-90995029,28070010,462.997,tonne,27.459,MA
CBAM-98024305,31021000,603.017,tonne,3923.861,CN
CBAM-39645012,27160000,862.019,tonne,374.937,IN
CBAM-17853186,25232900,449.61,tonne,1688.54,TR
CBAM-52050295,72083900,800.324,tonne,1786.294,UA
CBAM-53473928,76011000,194.892,tonne,3845.122,MA
CBAM-15144781,28070010,454.839,tonne,3661.634,CN
CBAM-70936412,31021000,747.366,tonne,667.315,IN
CBAM-21034788,27160000,469.467,tonne,3759.327,TR
CBAM-33454258,25232900,601.996,tonne,3605.823,UA
CBAM-85258598,72083900,527.176,tonne,4415.906,MA
CBAM-89370362,76011000,976.783,tonne,3299.639,CN
CBAM-02642245,28070010,144.925,tonne,1450.043,IN
CBAM-50882129,31021000,742.318,tonne,2821.643,TR
CBAM-21748325,27160000,42.663,tonne,1626.375,UA
CBAM-10884703,25232900,875.07,tonne,4259.891,MA
CBAM-32372027,72083900,631.152,tonne,1145.678,CN
CBAM-36133300,76011000,496.398,tonne,2470.765,IN
CBAM-24839587,28070010,51.269,tonne,1067.885,TR
CBAM-20987162,31021000,625.118,tonne,1125.869,UA
CBAM-81545272,27160000,405.605,tonne,4689.155,MA
CBAM-68217225,25232900,852.468,tonne,1304.691,CN
CBAM-08492777,72083900,588.516,tonne,4511.675,IN
CBAM-29882442,76011000,804.533,tonne,191.152,TR
CBAM-65302382,28070010,694.234,tonne,1078.884,UA
CBAM-33047901,31021000,366.384,tonne,4531.322,MA
CBAM-94925479,27160000,773.676,tonne,1102.105,CN
CBAM-69374477,25232900,238.549,tonne,2196.041,IN
CBAM-93287755,72083900,521.654,tonne,347.647,TR
CBAM-13704548,76011000,799.477,tonne,1797.467,UA
CBAM-92172396,28070010,735.311,tonne,2421.028,MA
CBAM-02397246,31021000,2.971,tonne,2140.231,CN
CBAM-19403877,27160000,444.338,tonne,2466.112,IN
CBAM-76219092,25232900,482.967,tonne,1250.835,TR
CBAM-11305301,72083900,726.498,tonne,2902.299,UA
CBAM-62789727,76011000,90.541,tonne,4720.947,MA
CBAM-61620051,28070010,352.333,tonne,2890.68,CN
CBAM-13534730,31021000,974.631,tonne,3627.898,IN
CBAM-54760188,27160000,60.624,tonne,2398.562,TR
CBAM-32615649,25232900,456.169,tonne,364.846,UA
CBAM-85829150,72083900,442.393,tonne,764.639,MA
CBAM-07041094,76011000,738.319,tonne,4047.571,CN
CBAM-35151375,28070010,164.318,tonne,849.809,IN
CBAM-14436376,31021000,887.019,tonne,2336.375,TR
CBAM-47157531,27160000,958.435,tonne,3282.968,UA
CBAM-46006786,25232900,112.28,tonne,197.323,MA
CBAM-95710444,72083900,915.398,tonne,2654.671,CN
CBAM-74683754,76011000,329.837,tonne,1588.423,IN
CBAM-40594157,28070010,148.46,tonne,181.111,TR
CBAM-62047071,31021000,349.997,tonne,3637.124,UA
CBAM-14548114,27160000,134.708,tonne,1185.781,MA
CBAM-62218797,25232900,110.163,tonne,4604.926,CN
CBAM-98593120,72083900,412.509,tonne,2900.643,IN
CBAM-88510398,76011000,38.661,tonne,4075.357,TR
CBAM-70377311,28070010,472.444,tonne,4040.274,UA
CBAM-08128087,31021000,276.28,tonne,21.365,MA
CBAM-31813310,27160000,695.385,tonne,3826.157,CN
CBAM-76336476,25232900,110.213,tonne,514.907,IN
CBAM-59389819,72083900,253.032,tonne,1883.342,TR
CBAM-46609991,76011000,459.695,tonne,4015.249,UA
CBAM-79279612,28070010,707.167,tonne,1981.022,MA
CBAM-25176555,31021000,834.189,tonne,3260.52,CN
CBAM-03117131,27160000,489.661,tonne,3783.863,IN
CBAM-71170705,25232900,574.93,tonne,2799.156,TR
CBAM-58613374,72083900,779.633,tonne,2507.323,UA
CBAM-33735734,76011000,680.32,tonne,46.836,MA
CBAM-54005072,28070010,916.981,tonne,3023.989,CN
CBAM-89363437,31021000,845.726,tonne,2922.492,IN
CBAM-62104776,27160000,967.565,tonne,3116.718,TR
CBAM-39566251,25232900,977.296,tonne,4802.382,UA
CBAM-88507815,72083900,266.026,tonne,550.464,MA
CBAM-38133074,76011000,480.44,tonne,219.856,CN
CBAM-96340666,28070010,933.936,tonne,4834.982,IN
CBAM-18304793,31021000,743.929,tonne,2673.507,TR
CBAM-76547609,27160000,611.858,tonne,4593.913,UA
CBAM-56359024,25232900,716.894,tonne,1290.556,MA
CBAM-79597590,72083900,812.768,tonne,2963.226,CN
CBAM-65485286,76011000,928.585,tonne,4357.307,IN
CBAM-88955504,28070010,28.33,tonne,1728.245,TR
CBAM-12655900,31021000,246.516,tonne,3154.249,UA
CBAM-11191026,27160000,316.969,tonne,2339.631,MA
CBAM-82991568,25232900,453.91,tonne,4867.293,CN
CBAM-14794689,72083900,915.231,tonne,1261.669,IN
CBAM-25346841,76011000,801.603,tonne,2998.526,TR
CBAM-37339120,28070010,474.314,tonne,1773.653,UA
CBAM-13138483,31021000,199.235,tonne,4834.706,MA
CBAM-61476616,27160000,795.238,tonne,3132.688,CN
CBAM-04867999,25232900,937.437,tonne,2344.796,IN
CBAM-81731580,72083900,377.976,tonne,4669.845,TR
CBAM-96546833,76011000,614.531,tonne,501.619,UA
CBAM-76904311,28070010,93.432,tonne,4532.762,MA
CBAM-24673450,31021000,690.602,tonne,3875.186,CN
CBAM-93334626,27160000,580.208,tonne,3489.381,IN
CBAM-27220566,25232900,435.214,tonne,1201.326,TR
CBAM-96153310,72083900,928.171,tonne,2507.543,UA
CBAM-32709526,76011000,458.385,tonne,4552.89,MA
CBAM-61163732,28070010,441.937,tonne,3549.861,CN
CBAM-53962795,31021000,806.494,tonne,1164.832,IN
CBAM-65206584,27160000,323.076,tonne,4687.79,TR
CBAM-20983418,25232900,948.387,tonne,1876.144,UA
CBAM-52134261,72083900,337.806,tonne,2427.636,MA
CBAM-07729338,76011000,328.151,tonne,2759.18,CN
CBAM-93130840,28070010,635.582,tonne,3585.833,IN
CBAM-08160480,31021000,388.312,tonne,2030.166,TR
CBAM-68017798,27160000,496.214,tonne,277.581,UA
CBAM-40143797,25232900,914.46,tonne,1530.134,MA
CBAM-02734408,72083900,755.063,tonne,1771.795,CN
CBAM-27112478,76011000,994.169,tonne,3756.586,IN
CBAM-44287652,28070010,440.311,tonne,4510.867,TR
CBAM-62812850,31021000,851.177,tonne,4653.329,UA
CBAM-63803036,27160000,230.577,tonne,4067.735,MA
CBAM-29022995,25232900,764.609,tonne,3562.692,CN
CBAM-74257043,72083900,376.651,tonne,2015.735,IN
CBAM-88716613,76011000,841.493,tonne,4658.032,TR
CBAM-15549776,28070010,861.545,tonne,3996.755,UA
CBAM-34521864,31021000,894.252,tonne,4693.466,MA
CBAM-79264719,27160000,848.296,tonne,2847.404,CN
CBAM-50272929,25232900,399.487,tonne,3399.783,IN
CBAM-14224257,72083900,485.497,tonne,313.001,TR
CBAM-33773679,76011000,438.608,tonne,1504.31,UA
CBAM-30253889,28070010,733.705,tonne,3253.613,MA
CBAM-52305374,31021000,730.702,tonne,2206.245,CN
CBAM-34181242,27160000,839.086,tonne,1028.182,IN
CBAM-46032155,25232900,82.475,tonne,391.317,TR
CBAM-32200412,72083900,108.357,tonne,3558.635,UA
CBAM-09551622,76011000,991.393,tonne,2998.451,MA
CBAM-34386335,28070010,261.576,tonne,2057.417,CN
CBAM-68146665,31021000,919.518,tonne,295.864,IN
CBAM-00116867,27160000,454.329,tonne,4376.549,TR
CBAM-28108902,25232900,766.403,tonne,3622.971,UA
CBAM-27146636,72083900,793.876,tonne,2383.284,MA
CBAM-82079433,76011000,973.317,tonne,360.336,CN
CBAM-19552218,28070010,628.952,tonne,3921.626,IN
CBAM-51955029,31021000,202.733,tonne,2192.511,TR
CBAM-96586390,27160000,126.521,tonne,3040.334,UA
CBAM-62202453,25232900,600.588,tonne,2586.406,MA
CBAM-97381305,72083900,758.563,tonne,1745.735,CN
CBAM-55302229,76011000,664.671,tonne,2194.702,IN
CBAM-26210620,28070010,478.996,tonne,292.834,TR
CBAM-37769395,31021000,493.86,tonne,1238.114,UA
CBAM-00843555,27160000,69.812,tonne,3752.747,MA
CBAM-48059536,25232900,706.651,tonne,2715.326,CN
CBAM-99695794,72083900,834.934,tonne,4225.068,IN
CBAM-44590038,76011000,867.938,tonne,1166.088,TR
CBAM-47041499,28070010,521.006,tonne,2267.41,UA
CBAM-67471788,31021000,968.501,tonne,2188.54,MA
CBAM-86048686,27160000,438.488,tonne,2123.915,CN
CBAM-29885256,25232900,597.771,tonne,1286.706,IN
CBAM-63652563,72083900,266.517,tonne,3830.246,TR
CBAM-57612027,76011000,866.084,tonne,1911.165,UA
CBAM-56953909,28070010,617.368,tonne,4434.48,MA
CBAM-60744282,31021000,354.548,tonne,1370.739,CN
CBAM-24233151,27160000,564.744,tonne,613.34,IN
CBAM-55008139,25232900,480.48,tonne,4985.625,TR
CBAM-78883716,72083900,967.145,tonne,1669.501,UA
CBAM-28013254,76011000,13.277,tonne,2187.561,MA
CBAM-68452507,28070010,477.075,tonne,4077.246,CN
CBAM-77362591,31021000,602.536,tonne,731.105,IN
CBAM-92315569,27160000,318.339,tonne,1892.551,TR
CBAM-67605602,25232900,599.266,tonne,1428.954,UA
CBAM-41513822,72083900,895.366,tonne,692.471,MA
CBAM-33626934,76011000,401.768,tonne,1011.067,CN
CBAM-31746720,28070010,186.059,tonne,2975.193,IN
CBAM-47432188,31021000,831.045,tonne,4526.995,TR
CBAM-01266378,27160000,393.556,tonne,1963.866,UA
CBAM-22155291,25232900,151.302,tonne,852.525,MA
CBAM-35761645,72083900,317.016,tonne,944.313,CN
CBAM-94426310,76011000,264.526,tonne,4787.425,IN
CBAM-81610231,28070010,384.162,tonne,672.119,TR
CBAM-64300089,31021000,845.131,tonne,827.509,UA
CBAM-23200871,27160000,902.882,tonne,3066.241,MA
CBAM-88767457,25232900,847.064,tonne,4726.257,CN
CBAM-42841155,72083900,818.955,tonne,931.892,IN
CBAM-07177205,76011000,792.157,tonne,4250.371,TR
CBAM-99618599,28070010,411.374,tonne,3749.54,UA
CBAM-97549832,31021000,565.86,tonne,2212.969,MA
CBAM-13939438,27160000,155.134,tonne,4177.301,CN
CBAM-37676054,25232900,899.277,tonne,3409.446,IN
CBAM-84419261,72083900,89.262,tonne,4396.162,TR
CBAM-30514651,76011000,970.45,tonne,4213.644,UA
CBAM-75610621,28070010,864.317,tonne,237.676,MA
CBAM-57108558,31021000,928.988,tonne,4850.623,CN
CBAM-11022082,27160000,366.158,tonne,4674.484,IN
CBAM-92515078,25232900,169.377,tonne,4522.163,TR
CBAM-05168369,72083900,19.096,tonne,1021.285,UA
CBAM-14296613,76011000,668.953,tonne,44.556,MA
CBAM-50031138,28070010,988.891,tonne,1091.801,CN
CBAM-38909123,31021000,470.753,tonne,2842.257,IN
CBAM-59905237,27160000,614.002,tonne,2988.857,TR
CBAM-74745137,25232900,586.162,tonne,2993.118,UA
CBAM-98802677,72083900,977.219,tonne,4800.483,MA
CBAM-36733266,76011000,156.891,tonne,4528.082,CN
CBAM-54290485,28070010,236.981,tonne,1677.744,IN
CBAM-81016368,31021000,780.854,tonne,1580.41,TR
CBAM-36277880,27160000,475.166,tonne,3127.662,UA
CBAM-96561891,25232900,123.889,tonne,579.993,MA
CBAM-35050194,72083900,105.191,tonne,2911.071,CN
CBAM-88729609,76011000,627.868,tonne,1876.662,IN
CBAM-51909555,28070010,424.231,tonne,4345.078,TR
CBAM-69979969,31021000,473.233,tonne,4026.142,UA
CBAM-06995100,27160000,115.834,tonne,2310.454,MA
CBAM-26364858,25232900,554.976,tonne,4289.112,CN
CBAM-80977323,72083900,993.756,tonne,3821.944,IN
CBAM-91787545,76011000,370.985,tonne,609.045,TR
CBAM-46598125,28070010,677.702,tonne,1797.087,UA
CBAM-70082863,31021000,809.817,tonne,4760.652,MA
CBAM-26235638,27160000,387.607,tonne,2881.276,CN
CBAM-00817625,25232900,779.288,tonne,872.036,IN
CBAM-46015520,72083900,568.491,tonne,4707.626,TR
CBAM-72389400,76011000,733.679,tonne,2272.392,UA
CBAM-62523475,28070010,835.89,tonne,553.378,MA
CBAM-32571444,31021000,144.92,tonne,1940.894,CN
CBAM-43964070,27160000,921.851,tonne,4788.818,IN
CBAM-60316123,25232900,749.553,tonne,2105.509,TR
CBAM-32677285,72083900,208.601,tonne,4542.336,UA
CBAM-94702158,76011000,377.27,tonne,2042.443,MA
CBAM-95985732,28070010,590.423,tonne,2443.957,CN
CBAM-68038418,31021000,595.704,tonne,2206.69,IN
CBAM-12711206,27160000,942.405,tonne,851.437,TR
CBAM-61107154,25232900,889.061,tonne,3341.086,UA
CBAM-28167141,72083900,636.025,tonne,438.397,MA
CBAM-42522535,76011000,120.834,tonne,3247.728,CN
CBAM-34375892,28070010,219.773,tonne,1900.204,IN
CBAM-53404940,31021000,279.051,tonne,124.103,TR
CBAM-62980912,27160000,88.466,tonne,70.805,UA
CBAM-12367655,25232900,121.719,tonne,3465.385,MA
CBAM-03258597,72083900,234.35,tonne,2578.954,CN
CBAM-63211317,76011000,459.66,tonne,326.054,IN
CBAM-27229734,28070010,846.951,tonne,2227.089,TR
CBAM-48528601,31021000,653.31,tonne,1578.547,UA
CBAM-37314199,27160000,507.526,tonne,1359.544,MA
CBAM-34953504,25232900,119.951,tonne,3844.507,CN
CBAM-89317723,72083900,70.037,tonne,1793.888,IN
CBAM-03534967,76011000,526.134,tonne,4665.991,TR
CBAM-36023618,28070010,353.284,tonne,878.824,UA
CBAM-89776927,31021000,44.635,tonne,1592.361,MA
CBAM-12326557,27160000,888.772,tonne,4547.894,CN
CBAM-59991659,25232900,940.186,tonne,69.446,IN
CBAM-93653292,72083900,2.592,tonne,979.812,TR
CBAM-56249665,76011000,31.175,tonne,3639.822,UA
CBAM-21560810,28070010,578.751,tonne,2489.569,MA
CBAM-77286380,31021000,396.505,tonne,85.68,CN
CBAM-98345576,27160000,353.543,tonne,3493.404,IN
CBAM-48297480,25232900,292.137,tonne,599.945,TR
CBAM-20375571,72083900,521.036,tonne,1362.435,UA
CBAM-85974858,76011000,634.887,tonne,326.422,MA
CBAM-56252113,28070010,688.967,tonne,685.556,CN
CBAM-17324560,31021000,687.942,tonne,982.628,IN
CBAM-84702324,27160000,469.688,tonne,593.706,TR
CBAM-94806134,25232900,518.417,tonne,70.225,UA
CBAM-43718445,72083900,443.959,tonne,4782.392,MA
CBAM-15301096,76011000,541.118,tonne,2375.345,CN
CBAM-85536874,28070010,74.996,tonne,929.204,IN
CBAM-43721616,31021000,756.546,tonne,1798.108,TR
CBAM-26995064,27160000,389.294,tonne,4321.305,UA
CBAM-90658980,25232900,107.802,tonne,1711.136,MA
CBAM-59084821,72083900,592.948,tonne,1113.759,CN
CBAM-14932003,76011000,323.875,tonne,829.249,IN
CBAM-74566512,28070010,619.82,tonne,2761.633,TR
CBAM-61987779,31021000,161.975,tonne,836.741,UA
CBAM-80628237,27160000,12.603,tonne,2208.816,MA
CBAM-03497959,25232900,167.047,tonne,2810.735,CN
CBAM-30436440,72083900,211.56,tonne,4237.17,IN
CBAM-79852916,76011000,256.552,tonne,4728.484,TR
CBAM-94320991,28070010,757.651,tonne,764.517,UA
CBAM-33777785,31021000,931.352,tonne,3237.073,MA
CBAM-54790905,27160000,345.939,tonne,2040.362,CN
CBAM-04186648,25232900,736.944,tonne,1419.341,IN
CBAM-65423945,72083900,493.242,tonne,1407.421,TR
CBAM-16466083,76011000,593.453,tonne,1497.888,UA
CBAM-02215400,28070010,73.49,tonne,3268.527,MA
CBAM-30587241,31021000,661.461,tonne,2654.26,CN
CBAM-72715316,27160000,881.065,tonne,1124.652,IN
CBAM-25577946,25232900,265.616,tonne,2931.802,TR
CBAM-28648458,72083900,934.819,tonne,1969.953,UA
CBAM-77147634,76011000,329.988,tonne,4715.3,MA
CBAM-47841174,28070010,130.139,tonne,3457.823,CN
CBAM-31959537,31021000,902.02,tonne,426.483,IN
CBAM-14773464,27160000,381.314,tonne,3109.055,TR
CBAM-10624213,25232900,22.761,tonne,2905.248,UA
CBAM-84841329,72083900,463.445,tonne,1285.417,MA
CBAM-93272278,76011000,817.966,tonne,2518.184,CN
CBAM-70298705,28070010,481.991,tonne,678.19,IN
CBAM-86673066,31021000,565.164,tonne,4213.138,TR
CBAM-29128118,27160000,687.646,tonne,1747.931,UA
CBAM-25393446,25232900,214.624,tonne,4470.843,MA
CBAM-13980501,72083900,183.615,tonne,671.915,CN
CBAM-26522001,76011000,880.302,tonne,3631.528,IN
CBAM-49275501,28070010,173.649,tonne,2685.053,TR
CBAM-99030330,31021000,347.11,tonne,466.433,UA
CBAM-12841326,27160000,950.112,tonne,4172.816,MA
CBAM-76117957,25232900,147.392,tonne,4298.499,CN
CBAM-53653712,72083900,577.503,tonne,3129.154,IN
CBAM-58463191,76011000,90.388,tonne,3895.145,TR
CBAM-06607102,28070010,886.938,tonne,4860.363,UA
CBAM-27812819,31021000,76.428,tonne,3476.489,MA
CBAM-32597601,27160000,384.213,tonne,2514.023,CN
CBAM-76654677,25232900,212.94,tonne,455.709,IN
CBAM-16419941,72083900,754.714,tonne,2289.38,TR
CBAM-11702042,76011000,621.88,tonne,2531.304,UA
CBAM-44655508,28070010,734.983,tonne,3076.274,MA
CBAM-04713248,31021000,363.233,tonne,4972.888,CN
CBAM-38462166,27160000,250.781,tonne,3710.946,IN
CBAM-35628539,25232900,683.14,tonne,2658.829,TR
CBAM-84911334,72083900,380.586,tonne,2965.351,UA
CBAM-04601154,76011000,437.196,tonne,1966.935,MA
CBAM-38441418,28070010,682.712,tonne,4912.649,CN
CBAM-24962639,31021000,420.973,tonne,2571.974,IN
CBAM-83154399,27160000,31.928,tonne,3303.425,TR
CBAM-44253348,25232900,263.252,tonne,1498.542,UA
CBAM-54551763,72083900,288.001,tonne,2710.224,MA
CBAM-76696218,76011000,418.244,tonne,3893.763,CN
CBAM-74270941,28070010,10.038,tonne,290.469,IN
CBAM-50623213,31021000,937.935,tonne,1217.128,TR
CBAM-09871108,27160000,851.383,tonne,3170.654,UA
CBAM-78774069,25232900,528.622,tonne,398.048,MA
CBAM-24299704,72083900,808.191,tonne,650.903,CN
CBAM-46257836,76011000,998.801,tonne,597.105,IN
CBAM-81095661,28070010,684.461,tonne,1043.93,TR
CBAM-56397022,31021000,762.515,tonne,3734.975,UA
CBAM-60224323,27160000,515.067,tonne,3909.84,MA
CBAM-08413314,25232900,398.267,tonne,4320.074,CN
CBAM-18814082,72083900,925.974,tonne,4867.701,IN
CBAM-31936099,76011000,528.149,tonne,2652.925,TR
CBAM-43136822,28070010,319.176,tonne,229.002,UA
CBAM-24795316,31021000,199.291,tonne,4388.924,MA
CBAM-03409178,27160000,68.699,tonne,679.366,CN
CBAM-33610528,25232900,190.611,tonne,1183.459,IN
CBAM-76373006,72083900,443.348,tonne,280.266,TR
CBAM-49429486,76011000,212.063,tonne,3908.611,UA
CBAM-29723113,28070010,693.542,tonne,4417.447,MA
CBAM-12152277,31021000,874.178,tonne,2210.352,CN
CBAM-70129734,27160000,36.387,tonne,1588.633,IN
CBAM-67345748,25232900,133.854,tonne,173.108,TR
CBAM-20975951,72083900,844.835,tonne,1891.31,UA
CBAM-69663185,76011000,410.872,tonne,1195.521,MA
CBAM-13538758,28070010,224.505,tonne,3588.962,CN
CBAM-93766965,31021000,708.943,tonne,475.987,IN
CBAM-60010755,27160000,406.415,tonne,4736.165,TR
CBAM-68996137,25232900,965.312,tonne,3263.566,UA
CBAM-55571555,72083900,471.137,tonne,3454.853,MA
CBAM-67966645,76011000,963.226,tonne,3906.822,CN
CBAM-59618185,28070010,375.705,tonne,4401.924,IN
CBAM-98863614,31021000,571.816,tonne,1161.221,TR
CBAM-58036629,27160000,312.696,tonne,40.181,UA
CBAM-44818704,25232900,149.378,tonne,1334.509,MA
CBAM-96177300,72083900,378.951,tonne,4338.939,CN
CBAM-65745809,76011000,820.991,tonne,107.766,IN
CBAM-43857916,28070010,594.578,tonne,295.061,TR
CBAM-06129188,31021000,304.146,tonne,111.178,UA
CBAM-66995118,27160000,756.553,tonne,4072.923,MA
CBAM-76547159,25232900,795.064,tonne,3598.917,CN
CBAM-70237385,72083900,818.383,tonne,1471.318,IN
CBAM-63565187,76011000,606.001,tonne,3526.441,TR
CBAM-56447873,28070010,616.297,tonne,3755.868,UA
CBAM-45386444,31021000,968.581,tonne,2105.396,MA
CBAM-26898151,27160000,88.313,tonne,1977.902,CN
CBAM-19682860,25232900,948.936,tonne,4151.07,IN
CBAM-27162105,72083900,888.622,tonne,19.906,TR
CBAM-65992386,76011000,572.004,tonne,3039.491,UA
CBAM-81139736,28070010,863.45,tonne,3996.25,MA
CBAM-64451713,31021000,462.422,tonne,4541.311,CN
CBAM-87810505,27160000,693.373,tonne,1910.628,IN
CBAM-28928370,25232900,527.353,tonne,1879.167,TR
CBAM-66531311,72083900,526.584,tonne,4855.451,UA
CBAM-68472050,76011000,927.62,tonne,3960.498,MA
CBAM-86196944,28070010,837.916,tonne,4367.022,CN
CBAM-29171619,31021000,981.898,tonne,43.667,IN
CBAM-56929439,27160000,607.43,tonne,585.799,TR
CBAM-09520469,25232900,546.738,tonne,464.378,UA
CBAM-29879645,72083900,650.602,tonne,1417.392,MA
CBAM-28616913,76011000,523.221,tonne,3183.057,CN
CBAM-15222200,28070010,659.55,tonne,2636.377,IN
CBAM-82226927,31021000,818.577,tonne,4532.614,TR
CBAM-88832133,27160000,587.671,tonne,1289.272,UA
CBAM-32979154,25232900,942.922,tonne,4276.629,MA
CBAM-05417129,72083900,47.146,tonne,72.539,CN
CBAM-96411588,76011000,643.346,tonne,1035.247,IN
CBAM-37981550,28070010,936.175,tonne,2340.167,TR
CBAM-12721217,31021000,214.513,tonne,3238.21,UA
CBAM-99789028,27160000,63.143,tonne,355.379,MA
CBAM-04972641,25232900,277.304,tonne,3465.214,CN
CBAM-09920933,72083900,85.417,tonne,1953.987,IN
CBAM-22070207,76011000,470.652,tonne,2888.808,TR
CBAM-23554243,28070010,330.711,tonne,287.542,UA
CBAM-91894944,31021000,173.212,tonne,3039.77,MA
CBAM-65632938,27160000,625.203,tonne,957.322,CN
CBAM-43987917,25232900,14.862,tonne,1336.991,IN
CBAM-70085468,72083900,623.111,tonne,4626.573,TR
CBAM-11958661,76011000,585.325,tonne,3949.604,UA
CBAM-51554272,28070010,128.304,tonne,218.008,MA
CBAM-98547618,31021000,291.295,tonne,2496.089,CN
CBAM-06794048,27160000,184.225,tonne,1650.054,IN
CBAM-22664242,25232900,595.273,tonne,4915.701,TR
CBAM-42271160,72083900,772.288,tonne,1008.958,UA
CBAM-72511007,76011000,861.827,tonne,4931.056,MA
CBAM-77665649,28070010,239.13,tonne,1081.746,CN
CBAM-00713426,31021000,361.357,tonne,2414.668,IN
CBAM-66340572,27160000,693.051,tonne,477.742,TR
CBAM-41370583,25232900,708.245,tonne,1830.801,UA
CBAM-48108909,72083900,894.801,tonne,4791.232,MA
CBAM-73192189,76011000,529.401,tonne,3563.825,CN
CBAM-17795386,28070010,621.358,tonne,1502.882,IN
CBAM-20299336,31021000,33.027,tonne,338.528,TR
CBAM-29527663,27160000,84.858,tonne,2787.972,UA
CBAM-31164574,25232900,626.828,tonne,810.786,MA
CBAM-46755365,72083900,527.31,tonne,3793.307,CN
CBAM-60513776,76011000,188.505,tonne,3152.906,IN
CBAM-43827476,28070010,874.657,tonne,1063.185,TR
CBAM-83444037,31021000,317.468,tonne,1851.89,UA
CBAM-87516654,27160000,572.033,tonne,1229.638,MA
CBAM-82370556,25232900,188.498,tonne,3609.988,CN
CBAM-75283288,72083900,153.276,tonne,3024.43,IN
CBAM-79645278,76011000,554.135,tonne,1511.128,TR
CBAM-58589215,28070010,86.8,tonne,2902.298,UA
CBAM-27071039,31021000,525.797,tonne,2552.941,MA
CBAM-00756995,27160000,223.435,tonne,717.729,CN
CBAM-55734348,25232900,308.205,tonne,1430.093,IN
CBAM-62196150,72083900,23.639,tonne,4167.982,TR
CBAM-05802291,76011000,11.856,tonne,325.16,UA
CBAM-74104610,28070010,29.024,tonne,2187.098,MA
CBAM-84634005,31021000,703.062,tonne,1631.975,CN
CBAM-12330649,27160000,569.68,tonne,1905.357,IN
CBAM-53375515,25232900,234.538,tonne,1816.775,TR
CBAM-70703240,72083900,812.812,tonne,3278.485,UA
CBAM-84842874,76011000,378.191,tonne,2345.808,MA
CBAM-02237514,28070010,251.699,tonne,3258.912,CN
CBAM-57575899,31021000,171.313,tonne,316.013,IN
CBAM-57065861,27160000,446.472,tonne,1374.409,TR
CBAM-34688811,25232900,218.811,tonne,2924.294,UA
CBAM-84986858,72083900,911.961,tonne,2856.734,MA
CBAM-13050111,76011000,928.058,tonne,3107.42,CN
CBAM-19352927,28070010,33.757,tonne,4791.501,IN
CBAM-82981945,31021000,291.606,tonne,3658.623,TR
CBAM-92334096,27160000,931.227,tonne,2897.818,UA
CBAM-48155521,25232900,147.88,tonne,936.901,MA
CBAM-32271989,72083900,691.619,tonne,2755.87,CN
CBAM-99697017,76011000,364.065,tonne,2889.517,IN
CBAM-10678180,28070010,415.889,tonne,3181.063,TR
CBAM-57563054,31021000,55.205,tonne,514.486,UA
CBAM-22013305,27160000,250.955,tonne,2449.345,MA
CBAM-91808220,25232900,455.569,tonne,2143.048,CN
CBAM-13478469,72083900,152.41,tonne,4694.277,IN
CBAM-96127427,76011000,978.939,tonne,4007.485,TR
CBAM-25142640,28070010,130.391,tonne,1478.469,UA
CBAM-00265696,31021000,184.536,tonne,2537.241,MA
CBAM-56368721,27160000,589.712,tonne,437.872,CN
CBAM-58577622,25232900,569.513,tonne,849.798,IN
CBAM-21178975,72083900,631.759,tonne,2552.131,TR
CBAM-86991910,76011000,264.342,tonne,1402.657,UA
CBAM-29414969,28070010,632.563,tonne,3997.171,MA
CBAM-04278718,31021000,581.903,tonne,4527.328,CN
CBAM-16600727,27160000,792.739,tonne,4769.02,IN
CBAM-16533944,25232900,364.975,tonne,41.428,TR
CBAM-68200543,72083900,334.441,tonne,3446.939,UA
CBAM-28400876,76011000,865.745,tonne,3481.269,MA
CBAM-53537113,28070010,519.801,tonne,4735.847,CN
CBAM-26723825,31021000,385.232,tonne,1068.819,IN
CBAM-68045233,27160000,640.417,tonne,2908.326,TR
CBAM-74291325,25232900,198.559,tonne,3068.047,UA
CBAM-22587931,72083900,470.048,tonne,1151.451,MA
CBAM-29350086,76011000,614.422,tonne,3168.608,CN
CBAM-78882392,28070010,393.255,tonne,1285.628,IN
CBAM-03111783,31021000,396.287,tonne,3124.112,TR
CBAM-43605428,27160000,180.521,tonne,2264.001,UA
CBAM-05343408,25232900,762.146,tonne,2316.213,MA
CBAM-50273408,72083900,922.034,tonne,3838.307,CN
CBAM-29714253,76011000,185.615,tonne,2438.453,IN
CBAM-01760664,28070010,822.123,tonne,3591.278,TR
CBAM-99043907,31021000,458.002,tonne,3514.544,UA
CBAM-95901913,27160000,601.866,tonne,3167.39,MA
CBAM-71417007,25232900,176.673,tonne,2274.803,CN
CBAM-51485834,72083900,639.38,tonne,3895.5,IN
CBAM-70759839,76011000,571.427,tonne,4725.57,TR
CBAM-85334621,28070010,380.302,tonne,4821.646,UA
CBAM-69526970,31021000,507.56,tonne,308.575,MA
CBAM-24376834,27160000,539.895,tonne,4493.455,CN
CBAM-94977972,25232900,643.668,tonne,3078.19,IN
CBAM-22654967,72083900,152.159,tonne,4961.027,TR
CBAM-24165953,76011000,583.755,tonne,1749.039,UA
CBAM-40745440,28070010,983.859,tonne,2036.409,MA
CBAM-96491477,31021000,462.803,tonne,1535.531,CN
CBAM-59572840,27160000,771.139,tonne,1824.692,IN
CBAM-72375365,25232900,649.13,tonne,4945.102,TR
CBAM-43177419,72083900,552.1,tonne,3457.739,UA
CBAM-34800980,76011000,882.878,tonne,3004.79,MA
CBAM-66848185,28070010,693.288,tonne,547.198,CN
CBAM-50799003,31021000,609.09,tonne,1910.588,IN
CBAM-48501499,27160000,746.555,tonne,4780.753,TR
CBAM-48235816,25232900,794.179,tonne,1588.699,UA
CBAM-27760391,72083900,598.271,tonne,1000.717,MA
CBAM-85222607,76011000,11.203,tonne,4706.933,CN
CBAM-12221757,28070010,286.53,tonne,1481.252,IN
CBAM-39140072,31021000,91.933,tonne,453.819,TR
CBAM-09239470,27160000,569.751,tonne,1309.491,UA
CBAM-14294217,25232900,405.846,tonne,3209.155,MA
CBAM-47278294,72083900,890.998,tonne,4149.735,CN
CBAM-49943834,76011000,169.235,tonne,4190.305,IN
CBAM-63737089,28070010,861.59,tonne,2885.953,TR
CBAM-72504947,31021000,371.898,tonne,918.844,UA
CBAM-61194958,27160000,947.604,tonne,4132.049,MA
CBAM-43749599,25232900,726.793,tonne,1073.279,CN
CBAM-85211989,72083900,566.186,tonne,3546.117,IN
CBAM-49189040,76011000,825.088,tonne,2054.927,TR
CBAM-77287757,28070010,879.407,tonne,2968.183,UA
CBAM-64590256,31021000,358.227,tonne,4504.634,MA
CBAM-61317180,27160000,739.058,tonne,4417.27,CN
CBAM-39364891,25232900,662.991,tonne,2417.24,IN
CBAM-27976209,72083900,551.718,tonne,2034.513,TR
CBAM-46049509,76011000,843.314,tonne,4449.582,UA
CBAM-68533816,28070010,444.788,tonne,182.775,MA
CBAM-26479816,31021000,783.757,tonne,706.189,CN
CBAM-27577577,27160000,99.998,tonne,444.543,IN
CBAM-46034496,25232900,81.045,tonne,47.619,TR
CBAM-01061364,72083900,690.66,tonne,4776.79,UA
CBAM-66183509,76011000,266.602,tonne,2398.095,MA
CBAM-30792855,28070010,824.804,tonne,2296.245,CN
CBAM-16510064,31021000,622.265,tonne,425.95,IN
CBAM-35884186,27160000,844.82,tonne,4078.586,TR
CBAM-93956033,25232900,257.553,tonne,3580.859,UA
CBAM-35160988,72083900,45.605,tonne,896.244,MA
CBAM-79171879,76011000,703.156,tonne,2695.954,CN
CBAM-85410369,28070010,19.178,tonne,1986.028,IN
CBAM-36033327,31021000,828.813,tonne,1047.745,TR
CBAM-56961342,27160000,384.126,tonne,1981.693,UA
CBAM-30391650,25232900,113.935,tonne,4388.267,MA
CBAM-08739574,72083900,466.936,tonne,1612.716,CN
CBAM-31281165,76011000,241.207,tonne,4893.561,IN
CBAM-50970166,28070010,789.928,tonne,2690.056,TR
CBAM-90493759,31021000,447.047,tonne,1702.807,UA
CBAM-60544163,27160000,985.964,tonne,2174.54,MA
CBAM-13924399,25232900,202.286,tonne,1527.315,CN
CBAM-24666536,72083900,825.316,tonne,4229.805,IN
CBAM-60624423,76011000,36.08,tonne,4247.231,TR
CBAM-12032666,28070010,634.492,tonne,3829.381,UA
CBAM-91260921,31021000,318.886,tonne,3603.591,MA
CBAM-60891582,27160000,232.545,tonne,71.127,CN
CBAM-25561861,25232900,748.731,tonne,4912.368,IN
CBAM-07997660,72083900,998.336,tonne,2915.211,TR
CBAM-68737844,76011000,334.362,tonne,2025.081,UA
CBAM-12910670,28070010,792.237,tonne,2882.908,MA
CBAM-13142797,31021000,304.431,tonne,1015.123,CN
CBAM-10134701,27160000,60.788,tonne,4466.056,IN
CBAM-98513833,25232900,258.753,tonne,650.889,TR
CBAM-72063081,72083900,618.433,tonne,883.125,UA
CBAM-54760111,76011000,279.761,tonne,941.592,MA
CBAM-30966706,28070010,824.777,tonne,4347.971,CN
CBAM-73030561,31021000,11.718,tonne,4299.752,IN
CBAM-33014829,27160000,995.972,tonne,4417.821,TR
CBAM-05279479,25232900,628.136,tonne,3374.321,UA
CBAM-18245876,72083900,717.105,tonne,2230.524,MA
CBAM-35600746,76011000,898.292,tonne,1105.229,CN
CBAM-36294301,28070010,524.321,tonne,3638.098,IN
CBAM-29484333,31021000,747.179,tonne,601.508,TR
CBAM-20945080,27160000,764.044,tonne,1713.221,UA
CBAM-15094852,25232900,951.516,tonne,23.625,MA
CBAM-41434430,72083900,864.921,tonne,1428.559,CN
CBAM-19480013,76011000,812.316,tonne,3651.675,IN
CBAM-08813987,28070010,729.244,tonne,3333.993,TR
CBAM-96267133,31021000,299.683,tonne,4656.646,UA
CBAM-25399298,27160000,938.37,tonne,130.66,MA
CBAM-58986298,25232900,703.059,tonne,2550.161,CN
CBAM-05491992,72083900,113.793,tonne,1134.615,IN
CBAM-09442993,76011000,784.732,tonne,1970.202,TR
CBAM-80194965,28070010,676.505,tonne,2197.993,UA
CBAM-01443361,31021000,404.123,tonne,2546.802,MA
CBAM-68820914,27160000,110.954,tonne,4606.862,CN
CBAM-34582050,25232900,479.938,tonne,1133.218,IN
CBAM-42784748,72083900,525.959,tonne,688.275,TR
CBAM-51126055,76011000,761.246,tonne,3180.89,UA
CBAM-07989150,28070010,935.462,tonne,3449.468,MA
CBAM-20705007,31021000,949.397,tonne,3800.406,CN
CBAM-46775684,27160000,298.215,tonne,1105.753,IN
CBAM-59925793,25232900,822.497,tonne,4977.219,TR
CBAM-00897880,72083900,414.774,tonne,1508.95,UA
CBAM-21455009,76011000,187.591,tonne,3596.52,MA
CBAM-18620921,28070010,212.464,tonne,1940.341,CN
CBAM-15791927,31021000,846.4,tonne,3589.414,IN
CBAM-35536108,27160000,390.957,tonne,1481.558,TR
CBAM-14802152,25232900,724.388,tonne,2838.083,UA
CBAM-36126584,72083900,262.661,tonne,1625.369,MA
CBAM-92101685,76011000,264.863,tonne,1651.362,CN
CBAM-22487053,28070010,853.813,tonne,1078.171,IN
CBAM-37639676,31021000,721.719,tonne,2514.922,TR
CBAM-27498424,27160000,607.535,tonne,2739.642,UA
CBAM-50155875,25232900,409.149,tonne,386.59,MA
CBAM-63180844,72083900,565.895,tonne,1379.18,CN
CBAM-39072274,76011000,328.761,tonne,381.595,IN
CBAM-47681522,28070010,39.736,tonne,3886.52,TR
CBAM-43009099,31021000,333.296,tonne,1158.495,UA
CBAM-64230387,27160000,930.494,tonne,2180.376,MA
CBAM-54589095,25232900,737.263,tonne,1725.407,CN
CBAM-03251939,72083900,870.014,tonne,4559.489,IN
CBAM-93176890,76011000,420.038,tonne,2040.115,TR
CBAM-15887353,28070010,743.332,tonne,2566.81,UA
CBAM-64798080,31021000,413.438,tonne,4446.045,MA
CBAM-25005333,27160000,453.681,tonne,1291.106,CN
CBAM-03962653,25232900,36.28,tonne,716.639,IN
CBAM-88980217,72083900,695.056,tonne,3080.477,TR
CBAM-42659824,76011000,884.464,tonne,3607.018,UA
CBAM-92685527,28070010,62.698,tonne,2129.76,MA
CBAM-87259562,31021000,937.59,tonne,389.222,CN
CBAM-77488586,27160000,694.473,tonne,1741.445,IN
CBAM-49203800,25232900,963.958,tonne,3701.283,TR
CBAM-69977209,72083900,552.735,tonne,3951.46,UA
CBAM-04231283,76011000,587.872,tonne,1714.18,MA
CBAM-01472738,28070010,672.234,tonne,2669.63,CN
CBAM-70781788,31021000,340.188,tonne,1808.25,IN
CBAM-20066721,27160000,951.684,tonne,947.048,TR
CBAM-29455086,25232900,920.777,tonne,2069.185,UA
CBAM-32536607,72083900,927.907,tonne,4073.795,MA
CBAM-11546432,76011000,520.497,tonne,3862.963,CN
CBAM-31371177,28070010,112.195,tonne,3346.729,IN
CBAM-69111586,31021000,984.69,tonne,2025.823,TR
CBAM-72892837,27160000,896.702,tonne,1621.73,UA
CBAM-26481228,25232900,181.398,tonne,1785.763,MA
CBAM-96853853,72083900,261.632,tonne,1195.739,CN
CBAM-75705247,76011000,313.135,tonne,482.509,IN
CBAM-31282343,28070010,38.258,tonne,4147.68,TR
CBAM-31822895,31021000,772.881,tonne,3494.577,UA
CBAM-16928470,27160000,713.987,tonne,578.979,MA
CBAM-56171992,25232900,555.095,tonne,4010.351,CN
CBAM-26335479,72083900,175.986,tonne,1266.812,IN
CBAM-36059357,76011000,338.674,tonne,2925.333,TR
CBAM-09817688,28070010,604.058,tonne,3950.811,UA
CBAM-89645350,31021000,881.919,tonne,4434.309,MA
CBAM-49073884,27160000,990.136,tonne,1372.904,CN
CBAM-52731825,25232900,7.025,tonne,1100.423,IN
CBAM-96419059,72083900,893.302,tonne,4325.289,TR
CBAM-86716731,76011000,152.228,tonne,2780.07,UA
CBAM-19430093,28070010,757.836,tonne,4797.544,MA
CBAM-96207916,31021000,103.157,tonne,2224.721,CN
CBAM-50785702,27160000,502.554,tonne,2153.814,IN
CBAM-00254522,25232900,495.627,tonne,4720.706,TR
CBAM-19013244,72083900,857.533,tonne,3388.467,UA
CBAM-43620882,76011000,757.126,tonne,3318.919,MA
CBAM-69460681,28070010,289.032,tonne,844.736,CN
CBAM-88044776,31021000,524.009,tonne,2351.248,IN
CBAM-51242892,27160000,391.328,tonne,4887.825,TR
CBAM-05596469,25232900,119.504,tonne,3027.66,UA
CBAM-72332975,72083900,168.929,tonne,1083.172,MA
CBAM-79444466,76011000,677.22,tonne,1914.951,CN
CBAM-21407543,28070010,609.135,tonne,3868.257,IN
CBAM-19725701,31021000,566.96,tonne,549.362,TR
CBAM-28858565,27160000,358.603,tonne,490.444,UA
CBAM-88307285,25232900,637.441,tonne,2254.707,MA
CBAM-52431928,72083900,741.761,tonne,498.313,CN
CBAM-14626909,76011000,313.083,tonne,3915.606,IN
CBAM-14006756,28070010,528.754,tonne,2600.095,TR
CBAM-46807526,31021000,373.933,tonne,2570.138,UA
CBAM-75262213,27160000,635.057,tonne,195.523,MA
CBAM-89323645,25232900,414.613,tonne,510.488,CN
CBAM-66614021,72083900,69.621,tonne,2293.288,IN
CBAM-60317286,76011000,143.078,tonne,1487.09,TR
CBAM-23335014,28070010,429.322,tonne,2525.525,UA
CBAM-72313861,31021000,986.117,tonne,3459.442,MA
CBAM-34740851,27160000,768.198,tonne,34.412,CN
CBAM-98115744,25232900,760.865,tonne,3463.995,IN
CBAM-89203728,72083900,51.632,tonne,2734.405,TR
CBAM-75436630,76011000,844.733,tonne,36.748,UA
CBAM-96017417,28070010,82.698,tonne,4439.817,MA
CBAM-33146747,31021000,963.51,tonne,3023.651,CN
CBAM-74192916,27160000,33.509,tonne,1764.067,IN
CBAM-41663013,25232900,480.171,tonne,4618.228,TR
CBAM-07780631,72083900,729.986,tonne,1083.706,UA
CBAM-64317218,76011000,345.696,tonne,346.62,MA
CBAM-13054760,28070010,483.786,tonne,1207.154,CN
CBAM-11435876,31021000,385.986,tonne,3013.693,IN
CBAM-30508337,27160000,313.456,tonne,857.874,TR
CBAM-43522678,25232900,86.821,tonne,2165.683,UA
CBAM-23133733,72083900,739.544,tonne,4637.224,MA
CBAM-52307862,76011000,291.049,tonne,3305.115,CN
CBAM-32781358,28070010,645.211,tonne,504.304,IN
CBAM-73175497,31021000,991.625,tonne,4775.263,TR
CBAM-24595925,27160000,335.389,tonne,1324.269,UA
CBAM-49915513,25232900,502.111,tonne,3720.035,MA
CBAM-86815317,72083900,469.941,tonne,3567.27,CN
CBAM-04325450,76011000,996.797,tonne,4183.473,IN
CBAM-63790547,28070010,203.357,tonne,2116.831,TR
CBAM-13580374,31021000,121.174,tonne,3598.069,UA
CBAM-07864434,27160000,141.85,tonne,413.837,MA
CBAM-05284624,25232900,203.958,tonne,2146.184,CN
CBAM-59549513,72083900,107.916,tonne,2163.276,IN
CBAM-82044049,76011000,785.127,tonne,1762.586,TR
CBAM-63833095,28070010,52.097,tonne,3417.242,UA
CBAM-96446180,31021000,865.418,tonne,3085.207,MA
CBAM-66557800,27160000,477.066,tonne,3143.145,CN
CBAM-87059216,25232900,503.896,tonne,1229.774,IN
CBAM-12702152,72083900,303.638,tonne,4603.367,TR
CBAM-81124392,76011000,436.074,tonne,3818.398,UA
CBAM-38286972,28070010,649.283,tonne,1831.714,MA
CBAM-99279776,31021000,863.102,tonne,1243.435,CN
CBAM-94347140,27160000,889.469,tonne,1316.438,IN
CBAM-35932929,25232900,734.064,tonne,4526.03,TR
CBAM-68526566,72083900,344.911,tonne,1490.775,UA
CBAM-76388568,76011000,298.016,tonne,4594.063,MA
CBAM-95175805,28070010,431.209,tonne,3066.723,CN
CBAM-56972541,31021000,290.257,tonne,2600.805,IN
CBAM-76864793,27160000,486.269,tonne,3764.103,TR
CBAM-83631960,25232900,128.675,tonne,3532.026,UA
CBAM-96936909,72083900,206.604,tonne,2814.883,MA
CBAM-67332353,76011000,453.815,tonne,3352.82,CN
CBAM-54980202,28070010,840.747,tonne,1321.01,IN
CBAM-63053409,31021000,365.031,tonne,707.635,TR
CBAM-51465414,27160000,880.293,tonne,3999.706,UA
CBAM-87879552,25232900,408.653,tonne,1342.71,MA
CBAM-15049921,72083900,934.986,tonne,4214.362,CN
CBAM-45380072,76011000,736.327,tonne,3226.207,IN
CBAM-53261952,28070010,249.811,tonne,4766.596,TR
CBAM-63062273,31021000,465.682,tonne,2229.543,UA
CBAM-36296627,27160000,430.819,tonne,1537.982,MA
CBAM-00346533,25232900,310.089,tonne,1573.221,CN
CBAM-04873660,72083900,833.621,tonne,3253.37,IN
CBAM-45730596,76011000,19.625,tonne,2276.664,TR
CBAM-70843292,28070010,648.816,tonne,1812.05,UA
CBAM-05564640,31021000,106.898,tonne,1022.38,MA
CBAM-57515597,27160000,31.244,tonne,1030.108,CN
CBAM-10864011,25232900,501.11,tonne,154.787,IN
CBAM-25708705,72083900,242.902,tonne,4051.233,TR
CBAM-01914767,76011000,58.554,tonne,4837.99,UA
CBAM-64066616,28070010,841.215,tonne,2964.321,MA
CBAM-30577564,31021000,188.298,tonne,4553.616,CN
CBAM-63592524,27160000,245.788,tonne,1687.81,IN
CBAM-38647976,25232900,858.013,tonne,2137.733,TR
CBAM-29072009,72083900,277.749,tonne,26.52,UA
CBAM-27262385,76011000,501.58,tonne,4997.325,MA
CBAM-64597932,28070010,811.598,tonne,3896.077,CN
CBAM-19058164,31021000,828.714,tonne,2813.073,IN
CBAM-08432362,27160000,380.454,tonne,3964.379,TR
CBAM-37743417,25232900,222.322,tonne,2278.664,UA
CBAM-84105471,72083900,771.604,tonne,3871.031,MA
CBAM-55883061,76011000,13.488,tonne,1175.574,CN
CBAM-61950724,28070010,200.361,tonne,1964.292,IN
CBAM-99312734,31021000,793.139,tonne,2437.682,TR
CBAM-95035653,27160000,370.765,tonne,2010.384,UA
CBAM-22242654,25232900,943.343,tonne,2105.263,MA
CBAM-09923758,72083900,824.969,tonne,3777.737,CN
CBAM-71418253,76011000,66.147,tonne,941.696,IN
CBAM-27954098,28070010,153.835,tonne,342.41,TR
CBAM-30741426,31021000,871.066,tonne,3457.718,UA
CBAM-43059310,27160000,957.119,tonne,3067.472,MA
CBAM-08444865,25232900,575.188,tonne,120.291,CN
CBAM-79679603,72083900,504.997,tonne,3580.748,IN
CBAM-79004053,76011000,336.21,tonne,4194.088,TR
CBAM-96329073,28070010,763.666,tonne,3780.166,UA
CBAM-40849484,31021000,826.281,tonne,1652.678,MA
CBAM-12612303,27160000,388.838,tonne,3217.093,CN
CBAM-82368439,25232900,622.748,tonne,2662.963,IN
CBAM-67355939,72083900,692.499,tonne,2942.397,TR
CBAM-36394740,76011000,814.977,tonne,2152.755,UA
CBAM-96757047,28070010,570.507,tonne,4140.184,MA
CBAM-92581266,31021000,671.412,tonne,173.058,CN
CBAM-73557205,27160000,480.859,tonne,2945.102,IN
CBAM-05576179,25232900,576.383,tonne,923.706,TR
CBAM-53321928,72083900,310.755,tonne,2735.946,UA
CBAM-61346876,76011000,502.708,tonne,2411.81,MA
CBAM-04980271,28070010,159.54,tonne,4911.681,CN
CBAM-41576915,31021000,249.624,tonne,2029.858,IN
CBAM-44630870,27160000,690.936,tonne,3566.064,TR
CBAM-24830235,25232900,570.963,tonne,2447.922,UA
CBAM-53286989,72083900,660.867,tonne,2068.95,MA
CBAM-88340173,76011000,286.147,tonne,116.795,CN
CBAM-79400735,28070010,746.507,tonne,2268.736,IN
CBAM-99196436,31021000,521.011,tonne,424.89,TR
CBAM-43258410,27160000,945.238,tonne,4407.535,UA
CBAM-85417627,25232900,947.725,tonne,950.352,MA
CBAM-33704442,72083900,33.564,tonne,4372.251,CN
CBAM-07815237,76011000,838.727,tonne,890.946,IN
CBAM-06386729,28070010,881.745,tonne,1671.933,TR
CBAM-05867717,31021000,60.927,tonne,646.623,UA
CBAM-51768678,27160000,293.915,tonne,3378.295,MA
CBAM-08935564,25232900,776.9,tonne,1311.855,CN
CBAM-00835562,72083900,303.93,tonne,2484.284,IN
CBAM-40571508,76011000,142.344,tonne,2125.126,TR
CBAM-92207649,28070010,90.351,tonne,1017.532,UA
CBAM-41226986,31021000,837.204,tonne,2826.589,MA
CBAM-59186130,27160000,172.538,tonne,1411.184,CN
CBAM-76165322,25232900,118.364,tonne,1634.398,IN
CBAM-83387383,72083900,720,tonne,4261.374,TR
CBAM-77447007,76011000,976.314,tonne,4015.063,UA
CBAM-74311712,28070010,580.112,tonne,4647.148,MA
CBAM-30743240,31021000,120.467,tonne,1164.041,CN
CBAM-76975448,27160000,678.408,tonne,2001.307,IN
CBAM-92950779,25232900,449.872,tonne,1504.383,TR
CBAM-93158436,72083900,161.54,tonne,899.146,UA
CBAM-08325959,76011000,918.892,tonne,4742.48,MA
CBAM-24011776,28070010,548.479,tonne,3269.515,CN
CBAM-97395093,31021000,161.947,tonne,3062.934,IN
CBAM-33734220,27160000,68.021,tonne,2163.64,TR
CBAM-19216356,25232900,808.015,tonne,679.081,UA
CBAM-58544634,72083900,808.015,tonne,4580.513,MA
CBAM-00587283,76011000,781.864,tonne,333.596,CN
CBAM-39549424,28070010,74.596,tonne,2172.077,IN
CBAM-50013481,31021000,446.266,tonne,1321.696,TR
CBAM-15190017,27160000,229.581,tonne,4031.223,UA
CBAM-91677637,25232900,364.994,tonne,1506.674,MA
CBAM-13218884,72083900,253.337,tonne,4173.424,CN
CBAM-10590711,76011000,727.667,tonne,3246.55,IN
CBAM-25156786,28070010,476.992,tonne,3017.733,TR
CBAM-12900729,31021000,402.747,tonne,1798.804,UA
CBAM-21265847,27160000,795.944,tonne,1598.107,MA
CBAM-99631401,25232900,934.442,tonne,1619.045,CN
CBAM-48431083,72083900,470.739,tonne,37.746,IN
CBAM-53383824,76011000,311.777,tonne,322.77,TR
CBAM-83367514,28070010,254.902,tonne,1046.347,UA
CBAM-96619436,31021000,204.838,tonne,934.454,MA
CBAM-80073484,27160000,461.544,tonne,3030.487,CN
CBAM-28768960,25232900,387.309,tonne,2692.095,IN
CBAM-40173076,72083900,248.182,tonne,3324.607,TR
CBAM-56152758,76011000,925.474,tonne,4484.701,UA
CBAM-03635077,28070010,548.553,tonne,1646.249,MA
CBAM-37468136,31021000,26.206,tonne,1977.802,CN
CBAM-97607546,27160000,685.409,tonne,3114.992,IN
CBAM-11318172,25232900,739.284,tonne,2240.031,TR
CBAM-15029549,72083900,595.681,tonne,2938.166,UA
CBAM-14771335,76011000,179.31,tonne,1753.256,MA
CBAM-22786393,28070010,367.495,tonne,615.012,CN
CBAM-31826336,31021000,37.437,tonne,84.852,IN
CBAM-15680846,27160000,816.747,tonne,3411.205,TR
CBAM-03953431,25232900,267.297,tonne,1516.13,UA
CBAM-12610049,72083900,674.675,tonne,736.285,MA
CBAM-44932774,76011000,179.613,tonne,2560.236,CN
CBAM-40546444,28070010,979.947,tonne,2416.819,IN
CBAM-06155342,31021000,537.854,tonne,2441.598,TR
CBAM-61127645,27160000,745.507,tonne,162.863,UA
CBAM-50862219,25232900,415.125,tonne,2180.88,MA
CBAM-43725028,72083900,790.06,tonne,2276.972,CN
CBAM-99356922,76011000,934.044,tonne,1181.127,IN
CBAM-47966727,28070010,982.375,tonne,3657.752,TR
CBAM-11264711,31021000,196.528,tonne,3344.153,UA
CBAM-18140493,27160000,497.548,tonne,4485.683,MA
CBAM-78470410,25232900,114.904,tonne,3489.476,CN
CBAM-83766097,72083900,877.729,tonne,2262.486,IN
CBAM-56693877,76011000,348.161,tonne,834.181,TR
CBAM-46515814,28070010,920.719,tonne,4862.816,UA
CBAM-26513200,31021000,434.997,tonne,1332.229,MA
CBAM-14585595,27160000,701.607,tonne,1205.604,CN
CBAM-30191520,25232900,487.054,tonne,2434.516,IN
CBAM-50982220,72083900,685.556,tonne,422.781,TR
CBAM-50229227,76011000,619.466,tonne,1019.561,UA
CBAM-77467644,28070010,593.249,tonne,2208.947,MA
CBAM-94831884,31021000,273.403,tonne,728.742,CN
CBAM-21436176,27160000,4.809,tonne,4400.609,IN
CBAM-40849112,25232900,915.734,tonne,544.772,TR
CBAM-04353857,72083900,264.547,tonne,1254.274,UA
CBAM-40534395,76011000,858.289,tonne,1833.014,MA
CBAM-32955982,28070010,952.887,tonne,79.766,CN
CBAM-67011466,31021000,774.436,tonne,699.081,IN
CBAM-60372131,27160000,587.306,tonne,4730.265,TR
CBAM-41199075,25232900,700.037,tonne,3297.706,UA
CBAM-06214441,72083900,385.806,tonne,2859.355,MA
CBAM-90502225,76011000,126.342,tonne,3485.075,CN
CBAM-97627037,28070010,239.616,tonne,2082.817,IN
CBAM-35759881,31021000,678.977,tonne,2876.254,TR
CBAM-80759916,27160000,118.082,tonne,527.003,UA
CBAM-76829606,25232900,149.151,tonne,4267.1,MA
CBAM-20688946,72083900,480.141,tonne,4169.041,CN
CBAM-15047374,76011000,772.969,tonne,2306.666,IN
CBAM-32317676,28070010,902.344,tonne,2219.346,TR
CBAM-42680507,31021000,413.234,tonne,2980.357,UA
CBAM-30483979,27160000,559.282,tonne,745.029,MA
CBAM-33644859,25232900,356.579,tonne,4709.614,CN
CBAM-79479823,72083900,90.035,tonne,264.946,IN
CBAM-90363877,76011000,821.469,tonne,2251.389,TR
CBAM-63449897,28070010,146.13,tonne,172.581,UA
CBAM-85495913,31021000,360.119,tonne,3685.777,MA
CBAM-82617210,27160000,571.226,tonne,3657.048,CN
CBAM-97432291,25232900,354.559,tonne,4406.97,IN
CBAM-56937367,72083900,226.78,tonne,4029.69,TR
CBAM-97398030,76011000,617.599,tonne,4576.762,UA
CBAM-10077109,28070010,853.433,tonne,2147.278,MA
CBAM-85065924,31021000,638.775,tonne,3799.46,CN
CBAM-12226720,27160000,749.749,tonne,4179.344,IN
CBAM-63528116,25232900,17.556,tonne,4875.836,TR
CBAM-63968113,72083900,339.097,tonne,4519.274,UA
CBAM-45216785,76011000,89.842,tonne,4876.985,MA
CBAM-38330505,28070010,125.558,tonne,2362.976,CN
CBAM-20394749,31021000,351.667,tonne,3023.204,IN
CBAM-70217131,27160000,495.56,tonne,1811.587,TR
CBAM-95430016,25232900,309.531,tonne,4763.89,UA
CBAM-30271720,72083900,793.892,tonne,1243.809,MA
CBAM-89068170,76011000,695.472,tonne,4538.574,CN
CBAM-81371139,28070010,215.76,tonne,2709.267,IN
CBAM-54515604,31021000,739.917,tonne,997.107,TR
CBAM-63222002,27160000,257.413,tonne,2067.088,UA
CBAM-01478789,25232900,151.866,tonne,2134.165,MA
CBAM-88548257,72083900,759.589,tonne,3767.548,CN
CBAM-33113321,76011000,896.089,tonne,3765.214,IN
CBAM-41340035,28070010,554.986,tonne,1103.094,TR
CBAM-89115369,31021000,618.981,tonne,1962.861,UA
CBAM-32618608,27160000,961.965,tonne,2845.759,MA
CBAM-93830788,25232900,688.133,tonne,170.693,CN
CBAM-67437138,72083900,865.669,tonne,474.172,IN
CBAM-51143037,76011000,192.539,tonne,711.85,TR
CBAM-78089570,28070010,757.938,tonne,4105.884,UA
CBAM-86575062,31021000,223.279,tonne,2271.94,MA
CBAM-88726141,27160000,762.926,tonne,4234.265,CN
CBAM-05235852,25232900,144.454,tonne,4314.336,IN
CBAM-35264999,72083900,329.127,tonne,109.13,TR
CBAM-28233756,76011000,196.863,tonne,595.532,UA
CBAM-37840988,28070010,740.038,tonne,2700.283,MA
CBAM-59218665,31021000,418.837,tonne,4220.906,CN
CBAM-96795204,27160000,202.703,tonne,4239.622,IN
CBAM-57314891,25232900,18.539,tonne,2099.774,TR
CBAM-72662269,72083900,687.5,tonne,4367.256,UA
CBAM-33485423,76011000,825.016,tonne,3132.705,MA
CBAM-99396004,28070010,321.186,tonne,4238.473,CN
CBAM-78425521,31021000,131.826,tonne,2152.259,IN
CBAM-26150002,27160000,787.713,tonne,3138.336,TR
CBAM-60542113,25232900,400.405,tonne,617.545,UA
CBAM-80817318,72083900,144.031,tonne,4838.08,MA
CBAM-74154939,76011000,772.634,tonne,2018.248,CN
CBAM-41581226,28070010,515.862,tonne,3324.34,IN
CBAM-85002687,31021000,647.017,tonne,2326.141,TR
CBAM-46944305,27160000,400.195,tonne,3112.107,UA
CBAM-93207080,25232900,628.422,tonne,2516.852,MA
CBAM-31452452,72083900,742.039,tonne,4368.813,CN
CBAM-94951844,76011000,476.747,tonne,2373.517,IN
CBAM-09677130,28070010,999.882,tonne,2770.39,TR
CBAM-24093764,31021000,930.728,tonne,808.203,UA
CBAM-89595462,27160000,644.867,tonne,4651.342,MA
CBAM-22516045,25232900,712.227,tonne,3268.852,CN
CBAM-99584031,72083900,506.858,tonne,1895.487,IN
CBAM-94106673,76011000,923.629,tonne,4833.296,TR
CBAM-56164325,28070010,417.586,tonne,1255.214,UA
CBAM-41396990,31021000,942.344,tonne,1817.969,MA
CBAM-84081482,27160000,470.579,tonne,574.252,CN
CBAM-35902449,25232900,164.797,tonne,1575.341,IN
CBAM-07433637,72083900,145.287,tonne,242.458,TR
CBAM-71978402,76011000,168.866,tonne,3376.829,UA
CBAM-74960050,28070010,983.268,tonne,2754.944,MA
CBAM-72429451,31021000,645.446,tonne,4125.729,CN
CBAM-22448510,27160000,222.897,tonne,3196.894,IN
CBAM-01080247,25232900,444.156,tonne,2437.33,TR
CBAM-16298379,72083900,828.713,tonne,3114.151,UA
CBAM-90834107,76011000,946.748,tonne,1655.621,MA
CBAM-47699434,28070010,902.872,tonne,737.025,CN
CBAM-54179557,31021000,669.132,tonne,2345.302,IN
CBAM-48281967,27160000,449.858,tonne,1022.596,TR
CBAM-58499358,25232900,894.655,tonne,4006.943,UA
CBAM-77340508,72083900,435.891,tonne,838.682,MA
CBAM-86659336,76011000,581.425,tonne,674.663,CN
CBAM-07090842,28070010,448.117,tonne,517.764,IN
CBAM-29423279,31021000,780.608,tonne,3899.229,TR
CBAM-04798947,27160000,394.164,tonne,2924.022,UA
CBAM-49615468,25232900,487.172,tonne,1694.014,MA
CBAM-78773351,72083900,847.656,tonne,2020.613,CN
CBAM-30322016,76011000,802.619,tonne,1517.086,IN
CBAM-63377895,28070010,41.967,tonne,3841.433,TR
CBAM-69125702,31021000,323.374,tonne,2345.329,UA
CBAM-96469576,27160000,741.476,tonne,1856.818,MA
CBAM-64692308,25232900,994.791,tonne,1008.521,CN
CBAM-46527303,72083900,768.483,tonne,3568.512,IN
CBAM-27285516,76011000,555.95,tonne,3732.463,TR
CBAM-57104129,28070010,753.462,tonne,3145.716,UA
CBAM-14477001,31021000,428.915,tonne,3802.646,MA
CBAM-54336446,27160000,204.506,tonne,3452.559,CN
CBAM-16885180,25232900,458.083,tonne,1844.238,IN
CBAM-51858001,72083900,610.193,tonne,4853.569,TR
CBAM-06529396,76011000,113.909,tonne,4264.724,UA
CBAM-83426942,28070010,635.485,tonne,1825.7,MA
CBAM-57005831,31021000,573.646,tonne,1248.066,CN
CBAM-71957572,27160000,55.504,tonne,2267.18,IN
CBAM-82173520,25232900,437.95,tonne,4106.922,TR
CBAM-99071032,72083900,345.914,tonne,2182.347,UA
CBAM-89408319,76011000,792.213,tonne,4188.663,MA
CBAM-04958424,28070010,164.146,tonne,1598.833,CN
CBAM-53820123,31021000,768.035,tonne,2882.612,IN
CBAM-36015477,27160000,996.353,tonne,1468.722,TR
CBAM-59291476,25232900,528.636,tonne,3411.624,UA
CBAM-75499997,72083900,476.849,tonne,2114.311,MA
CBAM-28252194,76011000,470.514,tonne,703.055,CN
CBAM-50299945,28070010,332.977,tonne,1204.086,IN
CBAM-26340874,31021000,658.059,tonne,755.345,TR
CBAM-85485775,27160000,563.611,tonne,4197.567,UA
CBAM-13416062,25232900,102.585,tonne,3938.205,MA
CBAM-24326581,72083900,649.884,tonne,4354.858,CN
CBAM-54729099,76011000,69.02,tonne,670.011,IN
CBAM-16475938,28070010,900.383,tonne,4446.249,TR
CBAM-27230753,31021000,74.784,tonne,1801.413,UA
CBAM-03130635,27160000,670.548,tonne,4433.959,MA
CBAM-35837214,25232900,559.386,tonne,617.357,CN
CBAM-82548067,72083900,94.489,tonne,1594.18,IN
CBAM-21100916,76011000,804.377,tonne,3207.709,TR
CBAM-51311036,28070010,588.128,tonne,522.44,UA
CBAM-34426663,31021000,214.64,tonne,4198.029,MA
CBAM-03966636,27160000,919.015,tonne,80.396,CN
CBAM-81588537,25232900,738.125,tonne,1809.044,IN
CBAM-76275294,72083900,383.324,tonne,1607.386,TR
CBAM-36128465,76011000,762.361,tonne,1518.777,UA
CBAM-59951478,28070010,737.079,tonne,2608.667,MA
CBAM-59257091,31021000,603.536,tonne,4951.762,CN
CBAM-16351880,27160000,840.405,tonne,2758.067,IN
CBAM-49443347,25232900,259.004,tonne,20.308,TR
CBAM-53617330,72083900,653.376,tonne,2122.212,UA
CBAM-50815200,76011000,692.791,tonne,4426.788,MA
CBAM-83073590,28070010,626.47,tonne,3418.287,CN
CBAM-74378315,31021000,455.992,tonne,1687.224,IN
CBAM-28606544,27160000,745.093,tonne,2728.967,TR
CBAM-25958259,25232900,932.801,tonne,1010.292,UA
CBAM-14117113,72083900,342.144,tonne,4938.027,MA
CBAM-14791285,76011000,548.567,tonne,4906.767,CN
CBAM-72956835,28070010,661.773,tonne,1718.825,IN
CBAM-18649953,31021000,66.185,tonne,4544.356,TR
CBAM-06733094,27160000,823.212,tonne,117.146,UA
CBAM-32997351,25232900,992.39,tonne,4068.778,MA
CBAM-51555807,72083900,57.527,tonne,106.065,CN
CBAM-14429378,76011000,126.561,tonne,1482.586,IN
CBAM-06773043,28070010,128.808,tonne,1256.428,TR
CBAM-40702779,31021000,254.607,tonne,4575,UA
CBAM-37901546,27160000,586.124,tonne,2402.827,MA
CBAM-98692653,25232900,303.228,tonne,2711.633,CN
CBAM-99812896,72083900,191.567,tonne,1851.253,IN
CBAM-99391347,76011000,387.252,tonne,3433.828,TR
CBAM-36936182,28070010,40.858,tonne,4417.266,UA
CBAM-24500991,31021000,846.733,tonne,3037.37,MA
CBAM-00910274,27160000,461.508,tonne,3572.14,CN
CBAM-19981032,25232900,50.422,tonne,3121.58,IN
CBAM-38841207,72083900,521.579,tonne,247.029,TR
CBAM-12090227,76011000,805.383,tonne,608.339,UA
CBAM-53462157,28070010,293.102,tonne,329.997,MA
CBAM-71975997,31021000,737.663,tonne,2551.176,CN
CBAM-88405717,27160000,137.654,tonne,638.423,IN
CBAM-65798268,25232900,473.762,tonne,2875.853,TR
CBAM-54162392,72083900,475.444,tonne,3865.942,UA
CBAM-09859191,76011000,261.826,tonne,2531.169,MA
CBAM-68904570,28070010,553.244,tonne,1407.391,CN
CBAM-79545938,31021000,800.322,tonne,279.309,IN
CBAM-92930697,27160000,637.531,tonne,1251.312,TR
CBAM-21752003,25232900,163.165,tonne,1097.242,UA
CBAM-82561124,72083900,432.549,tonne,2497.675,MA
CBAM-76421557,76011000,878.224,tonne,1901.431,CN
CBAM-23321622,28070010,217.083,tonne,461.163,IN
CBAM-71047579,31021000,209.965,tonne,796.1,TR
CBAM-52201880,27160000,809.221,tonne,4459.517,UA
CBAM-67673518,25232900,640.803,tonne,2236.825,MA
CBAM-29191234,72083900,427.9,tonne,42.65,CN
CBAM-50025514,76011000,399.403,tonne,2620.238,IN
CBAM-30016585,28070010,833.006,tonne,2127.482,TR
CBAM-36055334,31021000,599.815,tonne,2102.61,UA
CBAM-62285330,27160000,433.075,tonne,3825.733,MA
CBAM-49610761,25232900,429.749,tonne,475.594,CN
CBAM-24913717,72083900,310.265,tonne,3046.676,IN
CBAM-87153479,76011000,8.662,tonne,1541.151,TR
CBAM-99848187,28070010,974.646,tonne,1578.962,UA
CBAM-52807168,31021000,293.587,tonne,656.213,MA
CBAM-51926823,27160000,971.417,tonne,1023.03,CN
CBAM-11367422,25232900,187.265,tonne,1545.64,IN
CBAM-93234204,72083900,509.634,tonne,2650.015,TR
CBAM-76132986,76011000,192.35,tonne,3703.103,UA
CBAM-73071374,28070010,928.781,tonne,1522.318,MA
CBAM-31532122,31021000,24.182,tonne,3494.001,CN
CBAM-22194243,27160000,296.747,tonne,4392.299,IN
CBAM-60937973,25232900,443.285,tonne,4366.43,TR
CBAM-25009655,72083900,72.299,tonne,3045.94,UA
CBAM-10106181,76011000,525.836,tonne,2883.572,MA
CBAM-62022260,28070010,214.32,tonne,783.44,CN
CBAM-26129115,31021000,435.284,tonne,4314.715,IN
CBAM-79879993,27160000,411.487,tonne,2014.657,TR
CBAM-62298134,25232900,188.717,tonne,4836.178,UA
CBAM-85830362,72083900,621.004,tonne,401.657,MA
CBAM-93675754,76011000,758.277,tonne,3034.698,CN
CBAM-50804374,28070010,773.595,tonne,1284.12,IN
CBAM-32225785,31021000,422.871,tonne,1471.917,TR
CBAM-53119463,27160000,538.274,tonne,1323.023,UA
CBAM-93890510,25232900,406.711,tonne,293.528,MA
CBAM-55299388,72083900,735.846,tonne,213.236,CN
CBAM-65918277,76011000,125.746,tonne,3854.263,IN
CBAM-62179808,28070010,399.187,tonne,2081.564,TR
CBAM-76683305,31021000,97.477,tonne,4114.533,UA
CBAM-08751920,27160000,887.244,tonne,4794.155,MA
CBAM-19816079,25232900,894.792,tonne,3146.097,CN
CBAM-94029187,72083900,305.542,tonne,4602.87,IN
CBAM-76601586,76011000,99.451,tonne,1341.286,TR
CBAM-17830572,28070010,116.624,tonne,4732.39,UA
CBAM-90805889,31021000,926.276,tonne,389.446,MA
CBAM-67041411,27160000,274.754,tonne,567.11,CN
CBAM-89793384,25232900,900.174,tonne,1228.117,IN
CBAM-49640738,72083900,546.417,tonne,939.337,TR
CBAM-36362534,76011000,862.143,tonne,3400.393,UA
CBAM-01270879,28070010,983.293,tonne,955.938,MA
CBAM-23440597,31021000,994.885,tonne,538.564,CN
CBAM-39654010,27160000,12.863,tonne,4365.737,IN
CBAM-95749738,25232900,146.742,tonne,3097.3,TR
CBAM-14659757,72083900,227.165,tonne,2334.112,UA
CBAM-80560600,76011000,177.794,tonne,1885.953,MA
CBAM-62260432,28070010,363.657,tonne,1036.169,CN
CBAM-50459465,31021000,510.413,tonne,4938.432,IN
CBAM-38813454,27160000,16.146,tonne,301.989,TR
CBAM-91312037,25232900,354.019,tonne,4752.621,UA
CBAM-20456979,72083900,994.337,tonne,3042.325,MA
CBAM-53624489,76011000,981.326,tonne,410.695,CN
CBAM-00738123,28070010,987.305,tonne,928.302,IN
CBAM-26109462,31021000,702.782,tonne,2111.31,TR
CBAM-13731494,27160000,310.09,tonne,1415.477,UA
CBAM-77362969,25232900,175.218,tonne,3053.407,MA
CBAM-15651009,72083900,897.833,tonne,3593.047,CN
CBAM-23021064,76011000,182.96,tonne,1694.803,IN
CBAM-89575816,28070010,85.291,tonne,2495.931,TR
CBAM-02946123,31021000,986.174,tonne,629.649,UA
CBAM-47233949,27160000,531.778,tonne,3010.043,MA
CBAM-18677427,25232900,569.485,tonne,2038.535,CN
CBAM-89530320,72083900,326.035,tonne,972.305,IN
CBAM-43800258,76011000,75.583,tonne,1814.797,TR
CBAM-00343034,28070010,911.36,tonne,4337.326,UA
CBAM-97962316,31021000,343.52,tonne,4298.227,MA
CBAM-04509259,27160000,853.82,tonne,3767.825,CN
CBAM-78151700,25232900,253.157,tonne,3816.861,IN
CBAM-79877123,72083900,379.199,tonne,4307.682,TR
CBAM-96906308,76011000,425.585,tonne,3544.366,UA
CBAM-62906674,28070010,481.843,tonne,4096.352,MA
CBAM-94406720,31021000,70.636,tonne,394.502,CN
CBAM-90794290,27160000,557.129,tonne,2876.245,IN
CBAM-90543979,25232900,60.632,tonne,4989.777,TR
CBAM-27903770,72083900,874.581,tonne,2726.86,UA
CBAM-95707086,76011000,689.61,tonne,1180.765,MA
CBAM-50436666,28070010,476.845,tonne,4173.715,CN
CBAM-35752253,31021000,7.954,tonne,1232.469,IN
CBAM-07406457,27160000,528.127,tonne,4132.864,TR
CBAM-67201415,25232900,974.682,tonne,3374.639,UA
CBAM-54502672,72083900,261.348,tonne,4897.431,MA
CBAM-32376295,76011000,315.362,tonne,4535.31,CN
CBAM-94751912,28070010,851.816,tonne,3890.532,IN
CBAM-21106351,31021000,937.91,tonne,4310.089,TR
CBAM-83109381,27160000,511.17,tonne,2026.583,UA
CBAM-78057057,25232900,706.864,tonne,3816.527,MA
CBAM-86538656,72083900,885.359,tonne,4821.756,CN
CBAM-10633823,76011000,547.798,tonne,3354.232,IN
CBAM-38278504,28070010,808.497,tonne,1764.434,TR
CBAM-97612606,31021000,182.439,tonne,3090.1,UA
CBAM-17598697,27160000,594.596,tonne,1313.837,MA
CBAM-28715078,25232900,940.552,tonne,2620.177,CN
CBAM-91593995,72083900,182.732,tonne,4884.179,IN
CBAM-42077425,76011000,707.5,tonne,2977.21,TR
CBAM-57440898,28070010,833,tonne,1278.393,UA
CBAM-83451673,31021000,929.299,tonne,4227.793,MA
CBAM-77206093,27160000,175.386,tonne,3435.209,CN
CBAM-22023614,25232900,582.207,tonne,3138.014,IN
CBAM-78668857,72083900,782.664,tonne,1795.85,TR
CBAM-13508319,76011000,923.363,tonne,4390.388,UA
CBAM-21797519,28070010,711.939,tonne,4371.531,MA
CBAM-98740490,31021000,836.455,tonne,301.31,CN
CBAM-66074852,27160000,42.779,tonne,3206.27,IN
CBAM-76535239,25232900,557.057,tonne,4312.166,TR
CBAM-19225004,72083900,333.044,tonne,1065.948,UA
CBAM-45092099,76011000,225.253,tonne,2389.513,MA
CBAM-89931231,28070010,321.521,tonne,1999.378,CN
CBAM-20608502,31021000,562.561,tonne,4135.885,IN
CBAM-47656601,27160000,213.921,tonne,4754.525,TR
CBAM-65061009,25232900,967.387,tonne,3219.519,UA
CBAM-58005384,72083900,898.943,tonne,1884.358,MA
CBAM-24971516,76011000,937.888,tonne,1713.347,CN
CBAM-41672643,28070010,551.268,tonne,3463.074,IN
CBAM-61036311,31021000,678.594,tonne,1992.017,TR
CBAM-91571057,27160000,477.797,tonne,2537.969,UA
CBAM-81689796,25232900,849.68,tonne,730.017,MA
CBAM-79332033,72083900,771.247,tonne,1981.214,CN
CBAM-42660329,76011000,242.364,tonne,1250.205,IN
CBAM-10104816,28070010,46.893,tonne,1591.117,TR
CBAM-66851013,31021000,884.259,tonne,4732.515,UA
CBAM-33785778,27160000,376.253,tonne,2665.683,MA
CBAM-64453003,25232900,285.548,tonne,4552.252,CN
CBAM-93606298,72083900,510.749,tonne,1682.25,IN
CBAM-95684044,76011000,235.643,tonne,1387.451,TR
CBAM-13451825,28070010,46.896,tonne,3164.177,UA
CBAM-67614692,31021000,671.431,tonne,2841.47,MA
CBAM-66839081,27160000,725.175,tonne,2014.915,CN
CBAM-43324250,25232900,787.816,tonne,1017.313,IN
CBAM-12386274,72083900,474.652,tonne,2311.27,TR
CBAM-62173405,76011000,739.294,tonne,2639.602,UA
CBAM-31825738,28070010,684.608,tonne,3874.791,MA
CBAM-63023203,31021000,610.502,tonne,4559.876,CN
CBAM-67662675,27160000,179.573,tonne,2847.041,IN
CBAM-93585954,25232900,365.604,tonne,3091.14,TR
CBAM-82545978,72083900,641.612,tonne,2414.914,UA
CBAM-35014006,76011000,698.878,tonne,2547.757,MA
CBAM-97887660,28070010,243.809,tonne,4257.999,CN
CBAM-02154839,31021000,950.021,tonne,692.015,IN
CBAM-75998702,27160000,6.015,tonne,4952.576,TR
CBAM-53381823,25232900,463.312,tonne,110.976,UA
CBAM-17975869,72083900,380.425,tonne,2016.701,MA
CBAM-73439378,76011000,667.526,tonne,4565.201,CN
CBAM-57529465,28070010,435.129,tonne,3948.753,IN
CBAM-75787640,31021000,53.745,tonne,3258.903,TR
CBAM-85714897,27160000,919.367,tonne,1813.21,UA
CBAM-72173772,25232900,466.154,tonne,4292.904,MA
CBAM-66000726,72083900,315.16,tonne,697.303,CN
CBAM-79624244,76011000,255.261,tonne,557.506,IN
CBAM-62262787,28070010,754.776,tonne,253.75,TR
CBAM-85734157,31021000,882.899,tonne,1273.34,UA
CBAM-47292282,27160000,870.939,tonne,1529.982,MA
CBAM-66428622,25232900,479.435,tonne,4373.244,CN
CBAM-58232116,72083900,649.209,tonne,4863.959,IN
CBAM-46908684,76011000,885.271,tonne,3220.325,TR
CBAM-09619121,28070010,52.285,tonne,2437.547,UA
CBAM-43770959,31021000,142.63,tonne,1254.38,MA
CBAM-16561236,27160000,576.574,tonne,2537.158,CN
CBAM-10721401,25232900,476.019,tonne,4853.525,IN
CBAM-17100170,72083900,41.18,tonne,2724.192,TR
CBAM-85062449,76011000,992.315,tonne,1289.276,UA
CBAM-36609597,28070010,318.965,tonne,4243.646,MA
CBAM-30789460,31021000,131.81,tonne,153.421,CN
CBAM-25918262,27160000,860.096,tonne,2881.031,IN
CBAM-27557617,25232900,191.66,tonne,1827.671,TR
CBAM-20813701,72083900,693.312,tonne,737.444,UA
CBAM-77217255,76011000,636.878,tonne,4411.772,MA
CBAM-57641298,28070010,318.505,tonne,2418.553,CN
CBAM-17877393,31021000,457.271,tonne,359.477,IN
CBAM-38600192,27160000,903.385,tonne,3538.603,TR
CBAM-88815763,25232900,534.41,tonne,499.921,UA
CBAM-88936516,72083900,663.737,tonne,986.67,MA
CBAM-49954491,76011000,206.273,tonne,4002.564,CN
CBAM-75664343,28070010,566.998,tonne,4403.514,IN
CBAM-60867056,31021000,717.518,tonne,632.139,TR
CBAM-10472417,27160000,295.276,tonne,2210.261,UA
CBAM-57621252,25232900,509.009,tonne,4148.736,MA
CBAM-42035218,72083900,453.655,tonne,1817.642,CN
CBAM-27745171,76011000,251.446,tonne,2703.424,IN
CBAM-40596582,28070010,611.838,tonne,1950.125,TR
CBAM-73559169,31021000,247.95,tonne,3882.394,UA
CBAM-30180499,27160000,322.36,tonne,925.565,MA
CBAM-36953388,25232900,244.67,tonne,4758.355,CN
CBAM-46319856,72083900,618.923,tonne,3099.588,IN
CBAM-36455119,76011000,435.4,tonne,1722.184,TR
CBAM-95927905,28070010,36.36,tonne,1684.237,UA
CBAM-45832798,31021000,162.14,tonne,4690.839,MA
CBAM-17175771,27160000,232.182,tonne,1681.644,CN
CBAM-29456750,25232900,494.14,tonne,2966.693,IN
CBAM-92804983,72083900,212.632,tonne,3087.953,TR
CBAM-28918983,76011000,978.461,tonne,1781.715,UA
CBAM-85602695,28070010,795.432,tonne,4742.925,MA
CBAM-67322927,31021000,664.085,tonne,1873.672,CN
CBAM-50043045,27160000,375.273,tonne,2515.382,IN
CBAM-47792195,25232900,555.04,tonne,3890.37,TR
CBAM-84545435,72083900,189.22,tonne,1131.101,UA
CBAM-01660804,76011000,770.465,tonne,647.628,MA
CBAM-30346152,28070010,267.451,tonne,810.773,CN
CBAM-31004191,31021000,506.089,tonne,2932.9,IN
CBAM-80590474,27160000,30.528,tonne,2991.725,TR
CBAM-29399625,25232900,958.833,tonne,2103.793,UA
CBAM-53987143,72083900,115.796,tonne,4504.308,MA
CBAM-64206159,76011000,783.248,tonne,1405.168,CN
CBAM-58146805,28070010,652.415,tonne,3040.885,IN
CBAM-25184323,31021000,346.098,tonne,3078.259,TR
CBAM-76891901,27160000,668.384,tonne,4511.874,UA
CBAM-05150253,25232900,985.353,tonne,4890.356,MA
CBAM-85882003,72083900,297.578,tonne,712.573,CN
CBAM-41105531,76011000,294.156,tonne,2436.734,IN
CBAM-57823888,28070010,47.112,tonne,2033.107,TR
CBAM-12416384,31021000,98.24,tonne,252.751,UA
CBAM-41028361,27160000,62.681,tonne,1583.423,MA
CBAM-92010153,25232900,752.835,tonne,1060.137,CN
CBAM-84890902,72083900,829.119,tonne,1058.197,IN
CBAM-36590156,76011000,830.009,tonne,2735.132,TR
CBAM-50552319,28070010,384.002,tonne,791.683,UA
CBAM-91636568,31021000,839.843,tonne,751.444,MA
CBAM-00868195,27160000,731.378,tonne,1714.356,CN
CBAM-00926936,25232900,188.814,tonne,3376.516,IN
CBAM-06831807,72083900,103.578,tonne,2729.3,TR
CBAM-07492359,76011000,377.158,tonne,1312.173,UA
CBAM-04744265,28070010,747.877,tonne,989.134,MA
CBAM-34753991,31021000,133.39,tonne,1168.382,CN
CBAM-39224717,27160000,161.394,tonne,1907.803,IN
CBAM-64897828,25232900,592.186,tonne,4822.681,TR
CBAM-24121319,72083900,183.113,tonne,635.876,UA
CBAM-69496636,76011000,362.153,tonne,784.501,MA
CBAM-00417771,28070010,733.958,tonne,1268.777,CN
CBAM-48943103,31021000,468.692,tonne,2841.958,IN
CBAM-96591693,27160000,146.052,tonne,3117.631,TR
CBAM-10932039,25232900,966.257,tonne,3782.391,UA
CBAM-93118187,72083900,530.715,tonne,4907.24,MA
CBAM-66278952,76011000,408.742,tonne,3696.368,CN
CBAM-39382846,28070010,453.571,tonne,4431.214,IN
CBAM-47122053,31021000,586.313,tonne,4354.134,TR
CBAM-69977809,27160000,120.221,tonne,95.96,UA
CBAM-84324993,25232900,845.532,tonne,1515.601,MA
CBAM-22229529,72083900,386.553,tonne,4003.18,CN
CBAM-09813385,76011000,24.619,tonne,3779.407,IN
CBAM-58477935,28070010,226.307,tonne,1527.064,TR
CBAM-15993183,31021000,773.261,tonne,4971.878,UA
CBAM-55033181,27160000,186.014,tonne,4018.793,MA
CBAM-32741072,25232900,902.657,tonne,1035.374,CN
CBAM-77404322,72083900,420.836,tonne,4818.569,IN
CBAM-58862768,76011000,508.811,tonne,2954.187,TR
CBAM-75468685,28070010,475.977,tonne,1008.293,UA
CBAM-64877999,31021000,78.959,tonne,3917.009,MA
CBAM-61446604,27160000,373.337,tonne,824.647,CN
CBAM-64282638,25232900,185.067,tonne,3915.137,IN
CBAM-04919686,72083900,989.871,tonne,233.918,TR
CBAM-66414877,76011000,22.581,tonne,4956.592,UA
CBAM-00853227,28070010,921.714,tonne,3488.196,MA
CBAM-13694289,31021000,974.329,tonne,319.278,CN
CBAM-87859806,27160000,246.677,tonne,1136.187,IN
CBAM-22248044,25232900,544.783,tonne,471.736,TR
CBAM-98476719,72083900,979.576,tonne,1564.31,UA
CBAM-11393646,76011000,65.127,tonne,4514.815,MA
CBAM-65307500,28070010,402.569,tonne,2992.166,CN
CBAM-87561836,31021000,938.044,tonne,2615.995,IN
CBAM-16160475,27160000,153.404,tonne,452.095,TR
CBAM-84151874,25232900,668.277,tonne,1892.977,UA
CBAM-32882876,72083900,396.251,tonne,3814.422,MA
CBAM-85730671,76011000,315.992,tonne,3717.712,CN
CBAM-16697723,28070010,309.809,tonne,3937.081,IN
CBAM-16702718,31021000,331.962,tonne,3767.946,TR
CBAM-63985181,27160000,81.467,tonne,1071.889,UA
CBAM-59365727,25232900,748.249,tonne,2765.075,MA
CBAM-18951368,72083900,722.457,tonne,2074.999,CN
CBAM-13746717,76011000,192.112,tonne,4723.671,IN
CBAM-41856382,28070010,679.318,tonne,479.385,TR
CBAM-23876117,31021000,350.482,tonne,1864.545,UA
CBAM-77779914,27160000,282.293,tonne,2004.362,MA
CBAM-32279794,25232900,670.736,tonne,4324.009,CN
CBAM-96620303,72083900,647.618,tonne,2096.274,IN
CBAM-53133070,76011000,75.715,tonne,1866.034,TR
CBAM-17238833,28070010,171.317,tonne,873.936,UA
CBAM-79813030,31021000,298.441,tonne,412.448,MA
CBAM-01213641,27160000,177.446,tonne,3404.51,CN
CBAM-12109806,25232900,949.543,tonne,3018.22,IN
CBAM-12412529,72083900,982.839,tonne,930.949,TR
CBAM-03727785,76011000,662.627,tonne,4182.047,UA
CBAM-48580444,28070010,836.608,tonne,2953.17,MA
CBAM-77644036,31021000,356.333,tonne,1655.82,CN
CBAM-69914759,27160000,261.655,tonne,4397.841,IN
CBAM-35432384,25232900,57.536,tonne,4651.341,TR
CBAM-83053679,72083900,962.32,tonne,5002.591,UA
CBAM-69514002,76011000,9.878,tonne,1553.858,MA
CBAM-89497471,28070010,146.116,tonne,4197.632,CN
CBAM-93995280,31021000,48.689,tonne,74.366,IN
CBAM-91117904,27160000,959.734,tonne,4380.752,TR
CBAM-06351178,25232900,407.677,tonne,1660.732,UA
CBAM-77538429,72083900,850.211,tonne,1576.23,MA
CBAM-62702654,76011000,35.404,tonne,1532.814,CN
CBAM-36349934,28070010,466.457,tonne,4272.456,IN
CBAM-29328691,31021000,887.981,tonne,4262.899,TR
CBAM-11678509,27160000,889.375,tonne,3389.759,UA
CBAM-46967827,25232900,799.773,tonne,1326.522,MA
CBAM-88618146,72083900,536.359,tonne,4632.366,CN
CBAM-13723523,76011000,485.735,tonne,3562.888,IN
CBAM-09999893,28070010,576.914,tonne,1684.243,TR
CBAM-71195900,31021000,743.6,tonne,3195.018,UA
CBAM-51216854,27160000,393.088,tonne,3076.31,MA
CBAM-52745277,25232900,507.745,tonne,4064.779,CN
CBAM-72672913,72083900,545.032,tonne,4717.202,IN
CBAM-46855187,76011000,726.036,tonne,1664.071,TR
CBAM-39959120,28070010,995.419,tonne,1183.803,UA
CBAM-74620642,31021000,901.8,tonne,3989.33,MA
CBAM-90643448,27160000,930.474,tonne,2838.008,CN
CBAM-31471587,25232900,966.835,tonne,1670.423,IN
CBAM-41267741,72083900,398.812,tonne,1493.255,TR
CBAM-08194618,76011000,675.051,tonne,2977.667,UA
CBAM-26402363,28070010,458.707,tonne,1765.364,MA
CBAM-60434243,31021000,292.514,tonne,1818.644,CN
CBAM-56141418,27160000,371.592,tonne,4006.08,IN
CBAM-46313724,25232900,336.872,tonne,4720.9,TR
CBAM-85472337,72083900,590.902,tonne,190.455,UA
CBAM-46740205,76011000,499.611,tonne,3028.934,MA
CBAM-86628780,28070010,976.111,tonne,4856.985,CN
CBAM-22413866,31021000,455.748,tonne,3145.679,IN
CBAM-15130398,27160000,962.779,tonne,2158.437,TR
CBAM-28010005,25232900,507.166,tonne,3923.838,UA
CBAM-16781603,72083900,63.954,tonne,1412.474,MA
CBAM-29297481,76011000,902.101,tonne,512.886,CN
CBAM-52925539,28070010,520.51,tonne,3637.54,IN
CBAM-85407666,31021000,771.511,tonne,2069.144,TR
CBAM-12701827,27160000,532.373,tonne,552.148,UA
CBAM-52010266,25232900,503.839,tonne,1614.638,MA
CBAM-56774016,72083900,742.979,tonne,4114.841,CN
CBAM-45926601,76011000,34.581,tonne,1493.527,IN
CBAM-73614891,28070010,862.892,tonne,2168.769,TR
CBAM-62001328,31021000,394,tonne,4042.414,UA
CBAM-26802706,27160000,886.191,tonne,1959.998,MA
CBAM-00187600,25232900,581.254,tonne,4499.971,CN
CBAM-56107514,72083900,376.505,tonne,1659.14,IN
CBAM-93767205,76011000,647.124,tonne,3444.82,TR
CBAM-69636406,28070010,908.641,tonne,4978.285,UA
CBAM-30040611,31021000,676.481,tonne,4808.32,MA
CBAM-00493247,27160000,822.239,tonne,4778.29,CN
CBAM-70566658,25232900,795.492,tonne,1692.108,IN
CBAM-80642204,72083900,389.231,tonne,2669.506,TR
CBAM-09785551,76011000,344.041,tonne,3591.447,UA
CBAM-36614736,28070010,864.006,tonne,2740.426,MA
CBAM-61504726,31021000,898.556,tonne,2045.706,CN
CBAM-53679861,27160000,705.445,tonne,1008.458,IN
CBAM-86766130,25232900,354.226,tonne,2378.291,TR
CBAM-25812968,72083900,276.988,tonne,2550.652,UA
CBAM-23034929,76011000,330.322,tonne,1763.925,MA
CBAM-78768721,28070010,512.735,tonne,2963.064,CN
CBAM-79522031,31021000,459.261,tonne,2057.071,IN
CBAM-53283990,27160000,968.54,tonne,1801.778,TR
CBAM-18890080,25232900,815.49,tonne,2930.987,UA
CBAM-60735262,72083900,336.717,tonne,3487.011,MA
CBAM-28006199,76011000,698.966,tonne,684.165,CN
CBAM-59513978,28070010,432.718,tonne,4449.447,IN
CBAM-46800908,31021000,67.154,tonne,2860.725,TR
CBAM-10178073,27160000,421.227,tonne,301.456,UA
CBAM-68471610,25232900,253.23,tonne,1588.413,MA
CBAM-81881903,72083900,246.06,tonne,2614.787,CN
CBAM-38824373,76011000,473.257,tonne,986.033,IN
CBAM-14306974,28070010,758.36,tonne,1709.799,TR
CBAM-26265866,31021000,913.911,tonne,1879.744,UA
CBAM-31826482,27160000,112.85,tonne,4772.997,MA
CBAM-02208889,25232900,588.343,tonne,1725.759,CN
CBAM-56857346,72083900,199.305,tonne,2489.454,IN
CBAM-05699484,76011000,811.27,tonne,4514.902,TR
CBAM-72395059,28070010,623.088,tonne,2870.973,UA
CBAM-71464136,31021000,747.239,tonne,4778.445,MA
CBAM-71193649,27160000,633.491,tonne,1546.996,CN
CBAM-08007424,25232900,644.199,tonne,3046.819,IN
CBAM-59164252,72083900,782.982,tonne,1533.484,TR
CBAM-78407566,76011000,306.786,tonne,337.699,UA
CBAM-95869337,28070010,206.37,tonne,503.531,MA
CBAM-10553564,31021000,173.568,tonne,2140.635,CN
CBAM-38508283,27160000,725.858,tonne,361.534,IN
CBAM-72621001,25232900,764.526,tonne,587.079,TR
CBAM-40349811,72083900,437.916,tonne,1328.941,UA
CBAM-18436494,76011000,991.736,tonne,1385.526,MA
CBAM-21947795,28070010,232.333,tonne,2791.815,CN
CBAM-03214680,31021000,978.676,tonne,441.507,IN
CBAM-31406000,27160000,884.398,tonne,1129.578,TR
CBAM-00915646,25232900,599.502,tonne,1295.226,UA
CBAM-47650239,72083900,611.091,tonne,3043.286,MA
CBAM-88168613,76011000,833.79,tonne,4835.119,CN
CBAM-46804593,28070010,638.437,tonne,1082.92,IN
CBAM-68306612,31021000,119.58,tonne,2074.717,TR
CBAM-84454064,27160000,786.725,tonne,3997.285,UA
CBAM-94114843,25232900,323.659,tonne,3016.283,MA
CBAM-77928801,72083900,869.392,tonne,2652.531,CN
CBAM-78964685,76011000,580.247,tonne,1937.081,IN
CBAM-61784145,28070010,170.897,tonne,4208.812,TR
CBAM-41870523,31021000,567.955,tonne,1338.263,UA
CBAM-31816812,27160000,988.683,tonne,213.977,MA
CBAM-67999225,25232900,473.072,tonne,1924.718,CN
CBAM-58472009,72083900,901.507,tonne,4581.447,IN
CBAM-51738204,76011000,528.798,tonne,1315.744,TR
CBAM-38781474,28070010,571.777,tonne,4037.852,UA
CBAM-02622057,31021000,389.23,tonne,4319.556,MA
CBAM-09237049,27160000,475.793,tonne,4259.617,CN
CBAM-56582467,25232900,255.541,tonne,1134.893,IN
CBAM-13999234,72083900,832.154,tonne,2163.056,TR
CBAM-12989568,76011000,550.775,tonne,4512.777,UA
CBAM-49322631,28070010,776.84,tonne,1167.363,MA
CBAM-56905005,31021000,618.987,tonne,185.09,CN
CBAM-12523757,27160000,426.234,tonne,5006.712,IN
CBAM-27229998,25232900,472.408,tonne,2257.881,TR
CBAM-55586003,72083900,77.828,tonne,2062.856,UA
CBAM-59720057,76011000,280.558,tonne,3982.819,MA
CBAM-36254836,28070010,583.511,tonne,3844.893,CN
CBAM-71748551,31021000,476.621,tonne,272.858,IN
CBAM-46851529,27160000,106.41,tonne,469.71,TR
CBAM-66965881,25232900,609.633,tonne,1614.788,UA
CBAM-28423127,72083900,187.185,tonne,2606.161,MA
CBAM-08782425,76011000,47.823,tonne,3587.782,CN
CBAM-31223274,28070010,438.657,tonne,545.88,IN
CBAM-59065361,31021000,273.807,tonne,2724.521,TR
CBAM-37078042,27160000,716.652,tonne,1259.758,UA
CBAM-86195331,25232900,773.794,tonne,2920.254,MA
CBAM-64676746,72083900,928.259,tonne,651.83,CN
CBAM-59336819,76011000,385.877,tonne,877.227,IN
CBAM-92095581,28070010,697.119,tonne,4188.848,TR
CBAM-43143633,31021000,188.451,tonne,1993.674,UA
CBAM-95486337,27160000,212.044,tonne,1224.01,MA
CBAM-85377405,25232900,642.619,tonne,2108.362,CN
CBAM-97151296,72083900,920.049,tonne,1747.766,IN
CBAM-61589859,76011000,567.125,tonne,51.472,TR
CBAM-57058354,28070010,218.032,tonne,563.57,UA
CBAM-82884731,31021000,48.034,tonne,2833.634,MA
CBAM-08884613,27160000,947.75,tonne,831.087,CN
CBAM-45496945,25232900,9.925,tonne,2069.916,IN
CBAM-01971109,72083900,604.378,tonne,3252.623,TR
CBAM-70322044,76011000,407.8,tonne,291.857,UA
CBAM-58394024,28070010,227.048,tonne,3851.572,MA
CBAM-61582185,31021000,988.236,tonne,2626.688,CN
CBAM-12170811,27160000,86.286,tonne,4122.73,IN
CBAM-30107882,25232900,399.942,tonne,1402.305,TR
CBAM-80998085,72083900,648.806,tonne,2715.744,UA
CBAM-78228818,76011000,921.977,tonne,2092.356,MA
CBAM-14221302,28070010,111.575,tonne,945.509,CN
CBAM-97940151,31021000,751.047,tonne,2185.737,IN
CBAM-69905954,27160000,744.383,tonne,2587.082,TR
CBAM-42325792,25232900,791.3,tonne,4707.244,UA
CBAM-05854926,72083900,340.365,tonne,2533.577,MA
CBAM-52119155,76011000,705.539,tonne,335.696,CN
CBAM-66475763,28070010,880.919,tonne,2059.579,IN
CBAM-97618611,31021000,262.479,tonne,2385.043,TR
CBAM-13118321,27160000,128.424,tonne,1755.402,UA
CBAM-81860117,25232900,841.347,tonne,3622.535,MA
CBAM-02487532,72083900,658.911,tonne,3494.374,CN
CBAM-96061895,76011000,446.28,tonne,4584.969,IN
CBAM-91373247,28070010,370.284,tonne,3789.855,TR
CBAM-32672366,31021000,248.212,tonne,4859.879,UA
CBAM-96570621,27160000,969.969,tonne,3488.866,MA
CBAM-06792465,25232900,656.236,tonne,2847.009,CN
CBAM-04587733,72083900,9.992,tonne,3162.207,IN
CBAM-22746667,76011000,767.335,tonne,2116.727,TR
CBAM-96845770,28070010,703.481,tonne,190.779,UA
CBAM-43025298,31021000,273.809,tonne,3355.088,MA
CBAM-27338222,27160000,349.101,tonne,4523.44,CN
CBAM-10569570,25232900,230.173,tonne,3557.452,IN
CBAM-00789533,72083900,687.781,tonne,2428.552,TR
CBAM-69801106,76011000,557.515,tonne,2920.526,UA
CBAM-04348891,28070010,125.422,tonne,4023.766,MA
CBAM-22393395,31021000,703.703,tonne,3062.725,CN
CBAM-82314034,27160000,277.488,tonne,853.759,IN
CBAM-41755953,25232900,251.546,tonne,2316.939,TR
CBAM-36096508,72083900,313.354,tonne,3358.687,UA
CBAM-30843229,76011000,217.172,tonne,4448.228,MA
CBAM-75454361,28070010,729.39,tonne,3212.425,CN
CBAM-90615529,31021000,321.266,tonne,1264.047,IN
CBAM-31201453,27160000,688.916,tonne,4783.71,TR
CBAM-28774180,25232900,33.739,tonne,1153.132,UA
CBAM-41148030,72083900,476.272,tonne,2307.04,MA
CBAM-20048073,76011000,864.372,tonne,4384.87,CN
CBAM-20481553,28070010,672.168,tonne,3191.359,IN
CBAM-90571347,31021000,521.246,tonne,1141.091,TR
CBAM-53132397,27160000,347.449,tonne,4692.561,UA
CBAM-26853905,25232900,856.965,tonne,4509.129,MA
CBAM-43529963,72083900,873.744,tonne,1622.896,CN
CBAM-45909253,76011000,106.613,tonne,3532.334,IN
CBAM-10068306,28070010,154.272,tonne,4509.929,TR
CBAM-95922568,31021000,606.981,tonne,1681.06,UA
CBAM-96049895,27160000,367.019,tonne,2617.893,MA
CBAM-32593883,25232900,200.391,tonne,1727.602,CN
CBAM-65885083,72083900,968.926,tonne,4580.882,IN
CBAM-15303884,76011000,818.177,tonne,1391.339,TR
CBAM-95509064,28070010,984.311,tonne,1206.981,UA
CBAM-84536150,31021000,934.631,tonne,4662.056,MA
CBAM-78488465,27160000,299.07,tonne,1617.527,CN
CBAM-23167772,25232900,917.068,tonne,401.744,IN
CBAM-16142000,72083900,309.786,tonne,2213.908,TR
CBAM-39047105,76011000,959.786,tonne,1954.245,UA
CBAM-31118349,28070010,880.947,tonne,692.065,MA
CBAM-89991689,31021000,85.156,tonne,2076.48,CN
CBAM-86649010,27160000,75.192,tonne,2034.796,IN
CBAM-45321004,25232900,665.851,tonne,488.794,TR
CBAM-74026381,72083900,485.423,tonne,1233.522,UA
CBAM-94733286,76011000,102.43,tonne,740.3,MA
CBAM-33649847,28070010,500.722,tonne,1700.824,CN
CBAM-97953074,31021000,595.062,tonne,3347.235,IN
CBAM-10670262,27160000,13.235,tonne,1741.52,TR
CBAM-72834363,25232900,500.751,tonne,597.9,UA
CBAM-80781601,72083900,143.77,tonne,2986.833,MA
CBAM-07685180,76011000,515.794,tonne,2100.447,CN
CBAM-72997628,28070010,983.674,tonne,2948.694,IN
CBAM-89024851,31021000,307.702,tonne,1426.992,TR
CBAM-24534571,27160000,148.54,tonne,4802.297,UA
CBAM-91995828,25232900,784.383,tonne,766.132,MA
CBAM-28999867,72083900,455.846,tonne,1089.054,CN
CBAM-85932267,76011000,672.384,tonne,2164.66,IN
CBAM-92404563,28070010,672.483,tonne,4047.343,TR
CBAM-39720362,31021000,218.677,tonne,3250.932,UA
CBAM-18660663,27160000,705.268,tonne,4366.282,MA
CBAM-37485533,25232900,437.959,tonne,4259.779,CN
CBAM-86538633,72083900,807.356,tonne,877.326,IN
CBAM-07660058,76011000,930.593,tonne,2878.34,TR
CBAM-85214993,28070010,699.06,tonne,3363.716,UA
CBAM-95023896,31021000,316.809,tonne,2486.998,MA
CBAM-15950459,27160000,251.862,tonne,129.002,CN
CBAM-67956291,25232900,500.768,tonne,3153.192,IN
CBAM-76572449,72083900,8.811,tonne,2877.357,TR
CBAM-19766500,76011000,253.826,tonne,4300.235,UA
CBAM-85111578,28070010,256.267,tonne,3664.322,MA
CBAM-81634433,31021000,716.701,tonne,3028.02,CN
CBAM-77303238,27160000,653.606,tonne,2478.581,IN
CBAM-10907306,25232900,210.185,tonne,1138.586,TR
CBAM-12407702,72083900,476.89,tonne,4908.417,UA
CBAM-69053605,76011000,889.875,tonne,810.517,MA
CBAM-03976320,28070010,845.835,tonne,2337.729,CN
CBAM-63527841,31021000,451.919,tonne,3224.785,IN
CBAM-55004239,27160000,570.531,tonne,3794.406,TR
CBAM-92169300,25232900,318.112,tonne,4384.232,UA
CBAM-82280218,72083900,904.164,tonne,1654.9,MA
CBAM-31026467,76011000,13.705,tonne,984.951,CN
CBAM-78610280,28070010,702.346,tonne,3720.261,IN
CBAM-52845404,31021000,95.015,tonne,3792.668,TR
CBAM-12143043,27160000,820.911,tonne,1388.033,UA
CBAM-51102223,25232900,879.851,tonne,445.952,MA
CBAM-81734367,72083900,560.169,tonne,4846.616,CN
CBAM-49259439,76011000,920.951,tonne,195.982,IN
CBAM-47303568,28070010,203.718,tonne,2437.918,TR
CBAM-31393141,31021000,850.857,tonne,996.181,UA
CBAM-06695845,27160000,839.559,tonne,4717.391,MA
CBAM-52218400,25232900,776.799,tonne,4472.64,CN
CBAM-58360979,72083900,977.747,tonne,691.495,IN
CBAM-71902721,76011000,611.522,tonne,1801.834,TR
CBAM-47612644,28070010,567.067,tonne,2194.721,UA
CBAM-22895192,31021000,807.546,tonne,1063.97,MA
CBAM-88617901,27160000,202.147,tonne,413.167,CN
CBAM-04059147,25232900,989.361,tonne,4267.78,IN
CBAM-18381735,72083900,683.677,tonne,1790.995,TR
CBAM-87850946,76011000,630.402,tonne,4829.543,UA
CBAM-34418036,28070010,31.332,tonne,4569.764,MA
CBAM-68312050,31021000,794.532,tonne,4453.565,CN
CBAM-04221339,27160000,129.211,tonne,4780.913,IN
CBAM-88947856,25232900,887.241,tonne,92.732,TR
CBAM-84092870,72083900,811.823,tonne,377.211,UA
CBAM-52018182,76011000,212.722,tonne,2261.843,MA
CBAM-27210544,28070010,397.037,tonne,2855.576,CN
CBAM-04040633,31021000,567.038,tonne,1682.945,IN
CBAM-63846687,27160000,856.42,tonne,1501.287,TR
CBAM-90747975,25232900,449.111,tonne,1699.037,UA
CBAM-15574491,72083900,858.268,tonne,1161.305,MA
CBAM-06064990,76011000,493.846,tonne,3541.245,CN
CBAM-38440396,28070010,958.504,tonne,4904.55,IN
CBAM-58025292,31021000,800.818,tonne,2460.458,TR
CBAM-63545519,27160000,333.632,tonne,4801.154,UA
CBAM-35822368,25232900,67.803,tonne,2470.135,MA
CBAM-82468085,72083900,42.811,tonne,3797.841,CN
CBAM-88343070,76011000,559.945,tonne,1092.197,IN
CBAM-25086135,28070010,61.445,tonne,2905.317,TR
CBAM-50608482,31021000,897.321,tonne,877.879,UA
CBAM-76640753,27160000,706.398,tonne,782.367,MA
CBAM-67936245,25232900,208.695,tonne,3251.58,CN
CBAM-09097866,72083900,568.379,tonne,3675.532,IN
CBAM-90134776,76011000,488.147,tonne,2929.534,TR
CBAM-79705336,28070010,181.337,tonne,4046.406,UA
CBAM-38155347,31021000,469.088,tonne,3776.745,MA
CBAM-07668619,27160000,727.209,tonne,1296.43,CN
CBAM-21567752,25232900,391.103,tonne,4811.579,IN
CBAM-23797385,72083900,837.333,tonne,3703.86,TR
CBAM-76874138,76011000,523.856,tonne,546.726,UA
CBAM-42660964,28070010,347.726,tonne,4990.67,MA
CBAM-10360225,31021000,58.763,tonne,3341.269,CN
CBAM-77435453,27160000,926.425,tonne,4102.607,IN
CBAM-57175673,25232900,270.512,tonne,3005.141,TR
CBAM-35283581,72083900,557.882,tonne,260.326,UA
CBAM-95709870,76011000,34.07,tonne,2852.505,MA
CBAM-98011273,28070010,631.855,tonne,3192.033,CN
CBAM-03335531,31021000,680.84,tonne,4741.304,IN
CBAM-84950313,27160000,727.898,tonne,4217.64,TR
CBAM-98754787,25232900,569.103,tonne,3689.565,UA
CBAM-72417333,72083900,509.912,tonne,1813.989,MA
CBAM-62711301,76011000,900.037,tonne,1134.312,CN
CBAM-25025218,28070010,441.142,tonne,3708.23,IN
CBAM-34198856,31021000,628.047,tonne,4274.618,TR
CBAM-08890507,27160000,75.64,tonne,908.673,UA
CBAM-08372837,25232900,77.221,tonne,152.853,MA
CBAM-70612155,72083900,723.746,tonne,4106.13,CN
CBAM-41225434,76011000,300.466,tonne,649.287,IN
CBAM-53613122,28070010,940.74,tonne,361.443,TR
CBAM-03920827,31021000,508.379,tonne,2896.914,UA
CBAM-46676144,27160000,878.585,tonne,859.914,MA
CBAM-63412598,25232900,144.863,tonne,3834.098,CN
CBAM-31115186,72083900,190.937,tonne,1354.194,IN
CBAM-94385250,76011000,464.372,tonne,2806.435,TR
CBAM-80645246,28070010,621.437,tonne,64.114,UA
CBAM-63482085,31021000,447.548,tonne,3312.575,MA
CBAM-78799255,27160000,399.643,tonne,4910.025,CN
CBAM-95900627,25232900,611.323,tonne,2099.854,IN
CBAM-50514429,72083900,826.464,tonne,1083.875,TR
CBAM-70894368,76011000,517.608,tonne,2152.673,UA
CBAM-17426455,28070010,202.637,tonne,4671.635,MA
CBAM-94904292,31021000,53.517,tonne,1892.2,CN
CBAM-45455905,27160000,869.546,tonne,4746.472,IN
CBAM-86746521,25232900,903.991,tonne,672.928,TR
CBAM-40552097,72083900,448.158,tonne,2425.873,UA
CBAM-91464664,76011000,908.255,tonne,3358.885,MA
CBAM-31519699,28070010,526.124,tonne,3270.606,CN
CBAM-37597621,31021000,295.903,tonne,4990.285,IN
CBAM-69479486,27160000,839.764,tonne,2945.891,TR
CBAM-31946006,25232900,985.285,tonne,2733.756,UA
CBAM-07849907,72083900,172.382,tonne,3906.685,MA
CBAM-67661164,76011000,947.66,tonne,4311.831,CN
CBAM-08584116,28070010,151.089,tonne,2552.286,IN
CBAM-30066989,31021000,647.313,tonne,900.245,TR
CBAM-22411922,27160000,145.972,tonne,832.29,UA
CBAM-10305296,25232900,222.928,tonne,1234.559,MA
CBAM-60483274,72083900,248.999,tonne,2305.608,CN
CBAM-47999683,76011000,334.199,tonne,91.202,IN
CBAM-01520001,28070010,820.255,tonne,51.35,TR
CBAM-56736799,31021000,697.122,tonne,4776.632,UA
CBAM-62272399,27160000,103.806,tonne,2895.929,MA
CBAM-35653436,25232900,779.451,tonne,1899.877,CN
CBAM-12523296,72083900,960.067,tonne,2815.222,IN
CBAM-26628898,76011000,215.197,tonne,1532.604,TR
CBAM-86177483,28070010,540.512,tonne,2183.384,UA
CBAM-18754794,31021000,835.861,tonne,891.024,MA
CBAM-50629062,27160000,722.51,tonne,2638.563,CN
CBAM-09471213,25232900,669.961,tonne,2091.773,IN
CBAM-81159847,72083900,13.83,tonne,4349.262,TR
CBAM-27230200,76011000,550.207,tonne,3750.635,UA
CBAM-29418979,28070010,114.898,tonne,403.346,MA
CBAM-75320698,31021000,60.281,tonne,754.891,CN
CBAM-11562311,27160000,152.895,tonne,2664.538,IN
CBAM-70389643,25232900,256.932,tonne,3266.624,TR
CBAM-67212579,72083900,781.767,tonne,3861.239,UA
CBAM-15508091,76011000,38.128,tonne,2164.123,MA
CBAM-42530291,28070010,220.555,tonne,2306.665,CN
CBAM-46341161,31021000,439.183,tonne,2647.418,IN
CBAM-05349815,27160000,816.262,tonne,4522.191,TR
CBAM-28334754,25232900,422.427,tonne,1793.862,UA
CBAM-26919304,72083900,699.723,tonne,345.605,MA
CBAM-07882396,76011000,546.376,tonne,1786.949,CN
CBAM-86340992,28070010,409.504,tonne,3269.069,IN
CBAM-31716842,31021000,245.714,tonne,2045.02,TR
CBAM-51878718,27160000,927.01,tonne,2346.045,UA
CBAM-22670069,25232900,314.942,tonne,3646.721,MA
CBAM-35324448,72083900,581.713,tonne,4500.373,CN
CBAM-86761512,76011000,739.48,tonne,14.017,IN
CBAM-52268706,28070010,382.617,tonne,290.308,TR
CBAM-21378548,31021000,990.139,tonne,1253.817,UA
CBAM-48960267,27160000,214.571,tonne,2276.076,MA
CBAM-40351721,25232900,595.147,tonne,2687.901,CN
CBAM-28465742,72083900,825.035,tonne,4621.458,IN
CBAM-91091947,76011000,573.549,tonne,4267.195,TR
CBAM-71154336,28070010,426.588,tonne,1320.887,UA
CBAM-62553515,31021000,832.596,tonne,4554.123,MA
CBAM-12817813,27160000,771.069,tonne,395.771,CN
CBAM-57997469,25232900,880.281,tonne,3103.718,IN
CBAM-63935482,72083900,173.66,tonne,4513.157,TR
CBAM-30509189,76011000,790.361,tonne,3581.051,UA
CBAM-59442496,28070010,260.426,tonne,3860.091,MA
CBAM-42175609,31021000,613.078,tonne,285.848,CN
CBAM-25426666,27160000,798.584,tonne,771.653,IN
CBAM-04617634,25232900,718.319,tonne,4678.125,TR
CBAM-34839605,72083900,631.38,tonne,423.189,UA
CBAM-90720594,76011000,791.506,tonne,4811.419,MA
CBAM-40405541,28070010,289.284,tonne,2667.648,CN
CBAM-71185376,31021000,217.434,tonne,1546.425,IN
CBAM-93055404,27160000,996.353,tonne,2979.458,TR
CBAM-94722991,25232900,688.297,tonne,2612.955,UA
CBAM-30613021,72083900,83.389,tonne,2917.008,MA
CBAM-56072977,76011000,935.815,tonne,3170.725,CN
CBAM-87889444,28070010,463.935,tonne,453.572,IN
CBAM-00754142,31021000,363.181,tonne,177.251,TR
CBAM-32259363,27160000,742.882,tonne,3447.108,UA
CBAM-58116008,25232900,967.617,tonne,1770.053,MA
CBAM-26937569,72083900,622.696,tonne,2973.307,CN
CBAM-22970318,76011000,646.204,tonne,3251.035,IN
CBAM-88600572,28070010,196.037,tonne,4565.305,TR
CBAM-57420621,31021000,675.84,tonne,4904.309,UA
CBAM-48197039,27160000,130.952,tonne,3289.014,MA
CBAM-18540297,25232900,994.007,tonne,2406.062,CN
CBAM-45150071,72083900,198.326,tonne,3478.756,IN
CBAM-72006618,76011000,758.689,tonne,4532.648,TR
CBAM-13936382,28070010,861.353,tonne,1024.74,UA
CBAM-37981984,31021000,633.284,tonne,243.149,MA
CBAM-97025001,27160000,393.479,tonne,582.471,CN
CBAM-12760519,25232900,751.883,tonne,2819.026,IN
CBAM-82853084,72083900,426.705,tonne,2656.832,TR
CBAM-25647199,76011000,816.786,tonne,422.875,UA
CBAM-79136225,28070010,65.263,tonne,3236.876,MA
CBAM-56049409,31021000,779.653,tonne,146.396,CN
CBAM-98491735,27160000,841.593,tonne,4437.901,IN
CBAM-55261053,25232900,975.596,tonne,2220.149,TR
CBAM-51568741,72083900,232.464,tonne,2988.499,UA
CBAM-78012431,76011000,799.662,tonne,1756.418,MA
CBAM-45351458,28070010,351.284,tonne,359.84,CN
CBAM-75960709,31021000,961.053,tonne,2869.344,IN
CBAM-86757444,27160000,502.129,tonne,1482.24,TR
CBAM-96313001,25232900,216.974,tonne,3603.801,UA
CBAM-91372927,72083900,812.21,tonne,223.138,MA
CBAM-20745206,76011000,176.85,tonne,705.842,CN
CBAM-68635602,28070010,475.61,tonne,3048.477,IN
CBAM-15903843,31021000,594.908,tonne,1437.678,TR
CBAM-80897841,27160000,897.095,tonne,1771.846,UA
CBAM-29027909,25232900,357.558,tonne,2502.414,MA
CBAM-67159073,72083900,145.27,tonne,4749,CN
CBAM-94893095,76011000,762.245,tonne,4488.044,IN
CBAM-03371177,28070010,212.345,tonne,609.598,TR
CBAM-65140283,31021000,989.6,tonne,894.91,UA
CBAM-52668716,27160000,354.312,tonne,3943.052,MA
CBAM-16491077,25232900,777.694,tonne,4116.78,CN
CBAM-85996734,72083900,512.836,tonne,3023.584,IN
CBAM-78248053,76011000,719.29,tonne,2472.789,TR
CBAM-81592252,28070010,165.043,tonne,3080.435,UA
CBAM-87520463,31021000,983.401,tonne,2208.979,MA
CBAM-58963187,27160000,402.14,tonne,2088.932,CN
CBAM-27222878,25232900,671.287,tonne,1301.509,IN
CBAM-10113797,72083900,50.788,tonne,2219.805,TR
CBAM-82207681,76011000,653.326,tonne,1290.064,UA
CBAM-37231489,28070010,421.052,tonne,3061.117,MA
CBAM-15020276,31021000,67.413,tonne,1292.668,CN
CBAM-27001731,27160000,941.838,tonne,3450.944,IN
CBAM-31709051,25232900,227.027,tonne,3090.713,TR
CBAM-05921744,72083900,391.175,tonne,1437.553,UA
CBAM-18882864,76011000,707.951,tonne,3190.007,MA
CBAM-16675825,28070010,940.561,tonne,2077.408,CN
CBAM-80760212,31021000,966.674,tonne,4540.944,IN
CBAM-06322931,27160000,383.969,tonne,1405.475,TR
CBAM-20290813,25232900,844.397,tonne,2510.809,UA
CBAM-36316604,72083900,235.784,tonne,460.144,MA
CBAM-35640646,76011000,701.057,tonne,2623.627,CN
CBAM-92462057,28070010,473.695,tonne,2704.164,IN
CBAM-51824289,31021000,871.163,tonne,2671.035,TR
CBAM-67350684,27160000,222.134,tonne,1289.795,UA
CBAM-19765553,25232900,88.071,tonne,4867.652,MA
CBAM-64957528,72083900,517.739,tonne,3933.753,CN
CBAM-57815275,76011000,434.275,tonne,2811.78,IN
CBAM-58947769,28070010,257.301,tonne,1396.383,TR
CBAM-12163006,31021000,764.787,tonne,3758.33,UA
CBAM-20598563,27160000,680.063,tonne,1234.384,MA
CBAM-22106949,25232900,158.118,tonne,1542.199,CN
CBAM-54790278,72083900,735.391,tonne,4377.44,IN
CBAM-08363511,76011000,397.85,tonne,3000.224,TR
CBAM-51200111,28070010,796.639,tonne,4307.743,UA
CBAM-21007217,31021000,508.389,tonne,3908.756,MA
CBAM-00076808,27160000,140.576,tonne,1863.061,CN
CBAM-23976069,25232900,785.299,tonne,2701.118,IN
CBAM-04358468,72083900,991.103,tonne,3663.589,TR
CBAM-46791027,76011000,672.212,tonne,1298.256,UA
CBAM-81180971,28070010,286.629,tonne,3610.47,MA
CBAM-09694759,31021000,489.049,tonne,3006.823,CN
CBAM-40244260,27160000,528.205,tonne,1804.325,IN
CBAM-58536338,25232900,806.592,tonne,4163.851,TR
CBAM-15223592,72083900,735.463,tonne,4534.25,UA
CBAM-69506239,76011000,710.684,tonne,2509.453,MA
CBAM-61928069,28070010,948.631,tonne,414.672,CN
CBAM-31019144,31021000,358.396,tonne,428.568,IN
CBAM-31445730,27160000,976.624,tonne,5008.316,TR
CBAM-53279003,25232900,58.097,tonne,3109.187,UA
CBAM-45064994,72083900,514.016,tonne,754.874,MA
CBAM-15859975,76011000,702.203,tonne,612.284,CN
CBAM-58736214,28070010,724.192,tonne,4829.95,IN
CBAM-96572394,31021000,194.309,tonne,2612.469,TR
CBAM-40258904,27160000,207.963,tonne,55.624,UA
CBAM-91812677,25232900,804.367,tonne,3802.805,MA
CBAM-25686993,72083900,884.634,tonne,1799.893,CN
CBAM-17363342,76011000,735.922,tonne,3084.766,IN
CBAM-04910209,28070010,466.889,tonne,1276.232,TR
CBAM-45027256,31021000,289.719,tonne,687.816,UA
CBAM-73801418,27160000,786.633,tonne,4834.322,MA
CBAM-39141442,25232900,252.83,tonne,2734.715,CN
CBAM-28763184,72083900,40.249,tonne,3239.985,IN
CBAM-22542305,76011000,637.764,tonne,4622.706,TR
CBAM-08486398,28070010,952.295,tonne,2594.897,UA
CBAM-08857514,31021000,554.888,tonne,3653.203,MA
CBAM-65543650,27160000,149.24,tonne,453.546,CN
CBAM-53789893,25232900,921.087,tonne,4713.551,IN
CBAM-66564019,72083900,402.944,tonne,465.612,TR
CBAM-71756681,76011000,145.767,tonne,884.325,UA
CBAM-56048063,28070010,452.529,tonne,4798.657,MA
CBAM-13663135,31021000,721.344,tonne,917.456,CN
CBAM-48234172,27160000,778.072,tonne,2949.576,IN
CBAM-76764108,25232900,945.511,tonne,1511.924,TR
CBAM-39778271,72083900,12.154,tonne,3393.287,UA
CBAM-09910723,76011000,910.499,tonne,4971.902,MA
CBAM-03838697,28070010,574.455,tonne,1037.385,CN
CBAM-57341472,31021000,140.73,tonne,4684.694,IN
CBAM-97019016,27160000,258.729,tonne,510.918,TR
CBAM-45572907,25232900,724.56,tonne,4053.676,UA
CBAM-51981688,72083900,30.677,tonne,2729.286,MA
CBAM-84675339,76011000,32.212,tonne,3686.813,CN
CBAM-15203889,28070010,710.843,tonne,2682.069,IN
CBAM-13622185,31021000,800.172,tonne,2798.151,TR
CBAM-94993885,27160000,251.699,tonne,1034.956,UA
CBAM-20554400,25232900,631.653,tonne,586.841,MA
CBAM-36512509,72083900,69.567,tonne,705.129,CN
CBAM-82610113,76011000,240.854,tonne,1343.395,IN
CBAM-39445479,28070010,878.976,tonne,1421.159,TR
CBAM-00051904,31021000,126.672,tonne,859.117,UA
CBAM-46837344,27160000,251.668,tonne,1508.36,MA
CBAM-30092589,25232900,915.979,tonne,289.049,CN
CBAM-83352696,72083900,608.582,tonne,3520.844,IN
CBAM-19485473,76011000,272.593,tonne,4911.75,TR
CBAM-09611808,28070010,715.649,tonne,1110.332,UA
CBAM-46039247,31021000,627.766,tonne,410.235,MA
CBAM-22211725,27160000,616.337,tonne,1578.6,CN
CBAM-18786656,25232900,620.348,tonne,3366.594,IN
CBAM-68637545,72083900,402.809,tonne,3497.286,TR
CBAM-60800266,76011000,704.214,tonne,378.96,UA
CBAM-09666582,28070010,955.836,tonne,2218.785,MA
CBAM-58575811,31021000,919.097,tonne,4415.784,CN
CBAM-80776752,27160000,112.441,tonne,1278.839,IN
CBAM-26546478,25232900,421.604,tonne,404.001,TR
CBAM-88967221,72083900,117.171,tonne,3688.956,UA
CBAM-07938678,76011000,512.618,tonne,2277.083,MA
CBAM-64710904,28070010,881.526,tonne,338.828,CN
CBAM-76053374,31021000,163.378,tonne,96.419,IN
CBAM-98451406,27160000,492.006,tonne,2217.67,TR
CBAM-46768173,25232900,487.821,tonne,2184.673,UA
CBAM-71549584,72083900,725.154,tonne,2581.805,MA
CBAM-58580718,76011000,436.184,tonne,2000.002,CN
CBAM-19879068,28070010,194.155,tonne,1408.878,IN
CBAM-05436166,31021000,902.693,tonne,4648.664,TR
CBAM-43907307,27160000,686.349,tonne,641.965,UA
CBAM-34207470,25232900,850.347,tonne,3799.124,MA
CBAM-77000954,72083900,97.137,tonne,3430.926,CN
CBAM-71543980,76011000,599.998,tonne,3789.106,IN
CBAM-89098471,28070010,394.014,tonne,1142.079,TR
CBAM-04473443,31021000,184.659,tonne,990.468,UA
CBAM-06955888,27160000,18.029,tonne,4503.508,MA
CBAM-01192333,25232900,401.034,tonne,3322.532,CN
CBAM-89692622,72083900,433.331,tonne,2692.781,IN
CBAM-29002721,76011000,48.353,tonne,4494.642,TR
CBAM-14209962,28070010,940.636,tonne,4661.302,UA
CBAM-73021491,31021000,496.029,tonne,3853.719,MA
CBAM-82165857,27160000,838.849,tonne,4783.176,CN
CBAM-84762359,25232900,827.238,tonne,399.482,IN
CBAM-49096590,72083900,924.299,tonne,4714.989,TR
CBAM-43786184,76011000,722.789,tonne,3848.928,UA
CBAM-29517748,28070010,336.458,tonne,2852.75,MA
CBAM-01644845,31021000,852.9,tonne,764.794,CN
CBAM-12790889,27160000,704.99,tonne,4121.607,IN
CBAM-98159766,25232900,793.674,tonne,3312.414,TR
CBAM-98675957,72083900,718.72,tonne,1378.661,UA
CBAM-43211674,76011000,762.228,tonne,1309.795,MA
CBAM-17782022,28070010,723.755,tonne,1225.937,CN
CBAM-58242764,31021000,228.307,tonne,2131.967,IN
CBAM-36789633,27160000,38.931,tonne,696.191,TR
CBAM-36617408,25232900,915.934,tonne,3870.366,UA
CBAM-96283809,72083900,784.838,tonne,1857.141,MA
CBAM-71938322,76011000,775.279,tonne,367.145,CN
CBAM-72000077,28070010,796.497,tonne,3059.932,IN
CBAM-38123765,31021000,470.047,tonne,584.519,TR
CBAM-31690269,27160000,43.9,tonne,305.703,UA
CBAM-41044036,25232900,59.544,tonne,4455.603,MA
CBAM-79475314,72083900,419.331,tonne,1805.285,CN
CBAM-41286703,76011000,422.671,tonne,1144.117,IN
CBAM-42624684,28070010,467.622,tonne,2746.545,TR
CBAM-68812949,31021000,833.077,tonne,1087.526,UA
CBAM-57606287,27160000,330.693,tonne,2337.082,MA
CBAM-72641086,25232900,940.859,tonne,1599.128,CN
CBAM-13380909,72083900,977.16,tonne,4708.767,IN
CBAM-42299263,76011000,503.143,tonne,3144.683,TR
CBAM-09879239,28070010,893.346,tonne,2033.188,UA
CBAM-83432810,31021000,683.329,tonne,2150.51,MA
CBAM-03995999,27160000,379.861,tonne,4026.156,CN
CBAM-43996038,25232900,208.293,tonne,1272.529,IN
CBAM-13113280,72083900,585.853,tonne,4221.94,TR
CBAM-58285777,76011000,464.529,tonne,3447.235,UA
CBAM-10517817,28070010,10.485,tonne,2795.382,MA
CBAM-49544066,31021000,343.152,tonne,4599.633,CN
CBAM-40798790,27160000,539.643,tonne,2106.265,IN
CBAM-38283033,25232900,328.2,tonne,3625.122,TR
CBAM-19615644,72083900,146.424,tonne,1041.285,UA
CBAM-73350336,76011000,870.165,tonne,3366.759,MA
CBAM-47343130,28070010,244.496,tonne,2173.201,CN
CBAM-94923161,31021000,583.867,tonne,1159.942,IN
CBAM-28715535,27160000,240.893,tonne,3120.502,TR
CBAM-44102078,25232900,408.166,tonne,3285.081,UA
CBAM-25417949,72083900,210.439,tonne,4342.963,MA
CBAM-74363850,76011000,30.383,tonne,2243.616,CN
CBAM-78039714,28070010,242.935,tonne,2698.228,IN
CBAM-55284840,31021000,135.577,tonne,588.564,TR
CBAM-20441268,27160000,81.565,tonne,3015.924,UA
CBAM-06277147,25232900,996.86,tonne,2212.481,MA
CBAM-36849830,72083900,270.673,tonne,334.401,CN
CBAM-36737026,76011000,909.12,tonne,1785.264,IN
CBAM-89719045,28070010,275.735,tonne,3634.796,TR
CBAM-50227086,31021000,161.593,tonne,4331.006,UA
CBAM-05811042,27160000,699.209,tonne,1070.114,MA
CBAM-18509840,25232900,26.137,tonne,2150.192,CN
CBAM-62829243,72083900,91.931,tonne,4912.16,IN
CBAM-73599825,76011000,33.298,tonne,325.585,TR
CBAM-76383331,28070010,123.29,tonne,3531.896,UA
CBAM-52912956,31021000,105.582,tonne,2259.842,MA
CBAM-88047024,27160000,784.317,tonne,4502.097,CN
CBAM-48611272,25232900,973.029,tonne,620.982,IN
CBAM-64198909,72083900,992.688,tonne,227.558,TR
CBAM-55164050,76011000,885.253,tonne,3925.395,UA
CBAM-10462089,28070010,470.324,tonne,358.255,MA
CBAM-80821722,31021000,166.636,tonne,719.831,CN
CBAM-34436964,27160000,513.594,tonne,1603.811,IN
CBAM-44600539,25232900,45.821,tonne,19.854,TR
CBAM-72303150,72083900,873.992,tonne,2955.002,UA
CBAM-04745897,76011000,147.212,tonne,2452.254,MA
CBAM-05570715,28070010,584.999,tonne,3628.563,CN
CBAM-73121346,31021000,509.083,tonne,4786.24,IN
CBAM-20311837,27160000,938.241,tonne,1569.969,TR
CBAM-59021042,25232900,203.286,tonne,179.596,UA
CBAM-69567688,72083900,16.261,tonne,4626.535,MA
CBAM-22499280,76011000,701.606,tonne,430.239,CN
CBAM-50749886,28070010,714.408,tonne,4586.907,IN
CBAM-96852684,31021000,903.739,tonne,199.944,TR
CBAM-27994393,27160000,421.994,tonne,4843.916,UA
CBAM-09112858,25232900,79.286,tonne,2035.342,MA
CBAM-06724495,72083900,70.928,tonne,1083.67,CN
CBAM-78217068,76011000,726.4,tonne,2677.682,IN
CBAM-58197803,28070010,50.34,tonne,4326.578,TR
CBAM-33251491,31021000,926.11,tonne,3949.361,UA
CBAM-88232017,27160000,231.788,tonne,4137.133,MA
CBAM-21187505,25232900,83.955,tonne,1501.779,CN
CBAM-76657669,72083900,89.916,tonne,1997.069,IN
CBAM-29975341,76011000,665.26,tonne,420.995,TR
CBAM-25218043,28070010,220.307,tonne,882.574,UA
CBAM-45632680,31021000,44.379,tonne,687.292,MA
CBAM-79881559,27160000,822.799,tonne,3796.481,CN
CBAM-38963939,25232900,468.155,tonne,31.939,IN
CBAM-09699623,72083900,339.507,tonne,4345.301,TR
CBAM-19744669,76011000,204.692,tonne,1683.821,UA
CBAM-21181695,28070010,423.44,tonne,136.082,MA
CBAM-14443099,31021000,87.974,tonne,2628.218,CN
CBAM-55326977,27160000,489.192,tonne,3195.874,IN
CBAM-49175555,25232900,575.194,tonne,4340.841,TR
CBAM-07999404,72083900,932.864,tonne,3739.857,UA
CBAM-73454501,76011000,88.743,tonne,2526.966,MA
CBAM-32309597,28070010,249.393,tonne,3083.584,CN
CBAM-81593986,31021000,145.614,tonne,4341.45,IN
CBAM-48571484,27160000,440.483,tonne,4741.557,TR
CBAM-58817421,25232900,342.598,tonne,3300.963,UA
CBAM-90122629,72083900,100.62,tonne,202.927,MA
CBAM-68593774,76011000,63.919,tonne,1776.866,CN
CBAM-65627539,28070010,328.735,tonne,3193.063,IN
CBAM-29497168,31021000,376.48,tonne,4161.197,TR
CBAM-30244676,27160000,765.775,tonne,2325.787,UA
CBAM-25718117,25232900,861.379,tonne,296.991,MA
CBAM-35457782,72083900,877.689,tonne,294.833,CN
CBAM-66155270,76011000,690.828,tonne,3160.697,IN
CBAM-35872003,28070010,815.549,tonne,4913.338,TR
CBAM-26912964,31021000,409.315,tonne,2138.782,UA
CBAM-52444265,27160000,807.338,tonne,940.561,MA
CBAM-32642383,25232900,713.526,tonne,4897.766,CN
CBAM-15296757,72083900,230.138,tonne,2784.035,IN
CBAM-91982129,76011000,880.05,tonne,549.429,TR
CBAM-80239696,28070010,55.896,tonne,721.375,UA
CBAM-86783379,31021000,36.061,tonne,4840.034,MA
CBAM-48545644,27160000,934.88,tonne,118.398,CN
CBAM-77060657,25232900,380.967,tonne,1665.78,IN
CBAM-05857507,72083900,544.331,tonne,68.287,TR
CBAM-36568872,76011000,984.652,tonne,4402.745,UA
CBAM-10001736,28070010,853.55,tonne,1043.016,MA
CBAM-18678777,31021000,264.816,tonne,2648.359,CN
CBAM-35485884,27160000,427.575,tonne,1050.732,IN
CBAM-35023576,25232900,828.535,tonne,229.992,TR
CBAM-55952459,72083900,899.628,tonne,3432.078,UA
CBAM-03043618,76011000,356.07,tonne,3975.684,MA
CBAM-17541547,28070010,318.885,tonne,3783.894,CN
CBAM-08263132,31021000,91.578,tonne,3742.508,IN
CBAM-67573415,27160000,34.677,tonne,4813.334,TR
CBAM-68433175,25232900,515.794,tonne,843.74,UA
CBAM-33270164,72083900,104.831,tonne,411.022,MA
CBAM-58056410,76011000,733.788,tonne,3363.368,CN
CBAM-15158100,28070010,736.517,tonne,4679.437,IN
CBAM-38280967,31021000,402.956,tonne,2609.41,TR
CBAM-45450404,27160000,735.847,tonne,1642.797,UA
CBAM-50764229,25232900,535.163,tonne,4440.473,MA
CBAM-83234667,72083900,146.197,tonne,958.625,CN
CBAM-50491110,76011000,196.488,tonne,4245.79,IN
CBAM-09138987,28070010,98.024,tonne,2819.852,TR
CBAM-50508332,31021000,701.83,tonne,958.841,UA
CBAM-15901175,27160000,758.896,tonne,1988.821,MA
CBAM-43622147,25232900,465.784,tonne,4396.689,CN
CBAM-88093510,72083900,523.675,tonne,4908.647,IN
CBAM-15546148,76011000,284.419,tonne,1607.079,TR
CBAM-69641960,28070010,996.845,tonne,2964.543,UA
CBAM-69998261,31021000,171.748,tonne,503.597,MA
CBAM-59261783,27160000,167.232,tonne,524.288,CN
CBAM-06373428,25232900,668.372,tonne,569.462,IN
CBAM-09128550,72083900,491.926,tonne,3379.645,TR
CBAM-84704183,76011000,526.106,tonne,1045.829,UA
CBAM-59198885,28070010,798.933,tonne,4873.236,MA
CBAM-59130231,31021000,121.575,tonne,1330.783,CN
CBAM-52937832,27160000,133.379,tonne,2373.636,IN
CBAM-35122638,25232900,498.565,tonne,1427.042,TR
CBAM-64154883,72083900,213.223,tonne,4652.064,UA
CBAM-95435668,76011000,923.175,tonne,989.694,MA
CBAM-88237030,28070010,86.354,tonne,2804.805,CN
CBAM-65942957,31021000,597.839,tonne,1455.075,IN
CBAM-21945110,27160000,477.41,tonne,14.061,TR
CBAM-33593630,25232900,644.076,tonne,1006.959,UA
CBAM-75984790,72083900,624.003,tonne,2836.4,MA
CBAM-28481672,76011000,891.663,tonne,3929.063,CN
CBAM-08009664,28070010,489.428,tonne,3717.715,IN
CBAM-07161058,31021000,646.31,tonne,964.669,TR
CBAM-12752805,27160000,466.261,tonne,3806.731,UA
CBAM-75521781,25232900,346.746,tonne,2406.143,MA
CBAM-08900360,72083900,966.039,tonne,1802.254,CN
CBAM-22607376,76011000,343.963,tonne,4904.128,IN
CBAM-63788406,28070010,951.638,tonne,2499.006,TR
CBAM-22738187,31021000,892.51,tonne,1579.301,UA
CBAM-91450814,27160000,717.68,tonne,4116.901,MA
CBAM-60132714,25232900,231.247,tonne,992.735,CN
CBAM-01814384,72083900,807.455,tonne,4747.206,IN
CBAM-37508224,76011000,967.695,tonne,523.245,TR
CBAM-40407691,28070010,900.447,tonne,4772.859,UA
CBAM-76641068,31021000,958.308,tonne,895.672,MA
CBAM-47406857,27160000,529.235,tonne,96.587,CN
CBAM-64673746,25232900,209.341,tonne,1117.855,IN
CBAM-95799045,72083900,72.959,tonne,3999.959,TR
CBAM-39821431,76011000,813.981,tonne,2485.297,UA
CBAM-15135810,28070010,123.841,tonne,2443.245,MA
CBAM-26462781,31021000,623.31,tonne,2051.766,CN
CBAM-09298156,27160000,107.818,tonne,1949.737,IN
CBAM-86768815,25232900,437.856,tonne,2130.237,TR
CBAM-81883262,72083900,995.142,tonne,1222.695,UA
CBAM-31346980,76011000,737.945,tonne,3393.121,MA
CBAM-88676039,28070010,641.398,tonne,2233.468,CN
CBAM-22425327,31021000,735.651,tonne,2703.06,IN
CBAM-89748254,27160000,746.975,tonne,1985.862,TR
CBAM-10222437,25232900,557.818,tonne,1596.791,UA
CBAM-89280050,72083900,263.298,tonne,1564.321,MA
CBAM-35729656,76011000,632.361,tonne,4193.525,CN
CBAM-63882866,28070010,114.657,tonne,3507.579,IN
CBAM-78001909,31021000,667.278,tonne,3658.748,TR
CBAM-35446228,27160000,649.098,tonne,2765.929,UA
CBAM-74874662,25232900,65.885,tonne,4821.104,MA
CBAM-18843980,72083900,109.942,tonne,3446.349,CN
CBAM-06034227,76011000,7.131,tonne,4159.344,IN
CBAM-73609750,28070010,768.849,tonne,4647.347,TR
CBAM-89974113,31021000,541.556,tonne,3523.792,UA
CBAM-29337970,27160000,210.657,tonne,3663.886,MA
CBAM-30894678,25232900,94.116,tonne,1399.86,CN
CBAM-18837800,72083900,961.478,tonne,4134.872,IN
CBAM-24478352,76011000,411.695,tonne,4753.823,TR
CBAM-96072447,28070010,728.209,tonne,2526.271,UA
CBAM-21567702,31021000,856.595,tonne,1818.566,MA
CBAM-37421011,27160000,492.25,tonne,276.318,CN
CBAM-46176389,25232900,905.986,tonne,275.945,IN
CBAM-74930931,72083900,170.483,tonne,4869.144,TR
CBAM-20540487,76011000,551.63,tonne,1043.747,UA
CBAM-09486085,28070010,238.92,tonne,3429.155,MA
CBAM-99923039,31021000,969.066,tonne,3480.278,CN
CBAM-06963829,27160000,425.339,tonne,926.052,IN
CBAM-49030781,25232900,312.758,tonne,732.419,TR
CBAM-36458598,72083900,665.74,tonne,1021.332,UA
CBAM-74101912,76011000,176.09,tonne,119.011,MA
CBAM-69017980,28070010,228.776,tonne,2292.577,CN
CBAM-92048770,31021000,902.457,tonne,4802.923,IN
CBAM-00398787,27160000,265.203,tonne,354.451,TR
CBAM-77736506,25232900,862.476,tonne,4936.189,UA
CBAM-00021274,72083900,194.84,tonne,4274.609,MA
CBAM-16249801,76011000,94.913,tonne,3274.148,CN
CBAM-64183524,28070010,285.704,tonne,2481.62,IN
CBAM-38404362,31021000,503.85,tonne,1150.106,TR
CBAM-78843088,27160000,757.818,tonne,3482.069,UA
CBAM-76589697,25232900,512.128,tonne,4123.544,MA
CBAM-98817709,72083900,43.658,tonne,3736.54,CN
CBAM-53421952,76011000,720.043,tonne,2302.563,IN
CBAM-68125548,28070010,293.195,tonne,3037.422,TR
CBAM-74594653,31021000,541.849,tonne,1178.182,UA
CBAM-30808225,27160000,431.229,tonne,4964.713,MA
CBAM-00149312,25232900,599.135,tonne,3042.363,CN
CBAM-98013640,72083900,107.657,tonne,110.329,IN
CBAM-13289930,76011000,945.83,tonne,3525.222,TR
CBAM-55480104,28070010,852.587,tonne,3722.735,UA
CBAM-53597159,31021000,635.416,tonne,3664.188,MA
CBAM-22001512,27160000,427.599,tonne,1514.99,CN
CBAM-79203072,25232900,673.9,tonne,1605.973,IN
CBAM-20500932,72083900,372.278,tonne,3224.38,TR
CBAM-69940030,76011000,273.235,tonne,703.559,UA
CBAM-71320739,28070010,162.355,tonne,2937.353,MA
CBAM-92199506,31021000,896.768,tonne,3531.859,CN
CBAM-96519865,27160000,803.488,tonne,1193.376,IN
CBAM-74186072,25232900,872.936,tonne,3355.971,TR
CBAM-25730856,72083900,749.669,tonne,741.377,UA
CBAM-67324550,76011000,910.408,tonne,1705.057,MA
CBAM-70137202,28070010,33.62,tonne,1423.161,CN
CBAM-80019775,31021000,993.509,tonne,4442.091,IN
CBAM-74154652,27160000,433.414,tonne,3458.392,TR
CBAM-55712247,25232900,121.622,tonne,2444.125,UA
CBAM-95086171,72083900,386.875,tonne,2168.5,MA
CBAM-56242922,76011000,954.97,tonne,4194.305,CN
CBAM-52858620,28070010,15.71,tonne,2332.41,IN
CBAM-31375563,31021000,376.667,tonne,1449.255,TR
CBAM-35243044,27160000,936.498,tonne,4208.367,UA
CBAM-49672183,25232900,263.739,tonne,1002.277,MA
CBAM-30395114,72083900,579.735,tonne,2884.145,CN
CBAM-85155729,76011000,53.377,tonne,2231.677,IN
CBAM-00772309,28070010,690.491,tonne,3298.148,TR
CBAM-62080677,31021000,520.223,tonne,1278.875,UA
CBAM-91267118,27160000,447.847,tonne,4254.297,MA
CBAM-43329368,25232900,218.516,tonne,274.864,CN
CBAM-88743918,72083900,194.609,tonne,4787.614,IN
CBAM-26000832,76011000,47.059,tonne,3847.105,TR
CBAM-36671861,28070010,201.855,tonne,1288.845,UA
CBAM-09331296,31021000,264.01,tonne,2149.08,MA
CBAM-04094753,27160000,396.006,tonne,1878.164,CN
CBAM-36098677,25232900,247.018,tonne,987.237,IN
CBAM-30468567,72083900,655.851,tonne,3618.267,TR
CBAM-21202182,76011000,348.404,tonne,1734.546,UA
CBAM-63776990,28070010,677.007,tonne,2836.201,MA
CBAM-70433249,31021000,379.516,tonne,627.503,CN
CBAM-35587803,27160000,8.233,tonne,3029.798,IN
CBAM-83895071,25232900,690.891,tonne,1044.641,TR
CBAM-71963353,72083900,398.424,tonne,3570.869,UA
CBAM-53037188,76011000,532.514,tonne,498.439,MA
CBAM-19494234,28070010,692.965,tonne,2185.702,CN
CBAM-03047786,31021000,357.973,tonne,958.556,IN
CBAM-70765159,27160000,58.486,tonne,2295.529,TR
CBAM-59390291,25232900,37.723,tonne,5007.999,UA
CBAM-82210600,72083900,740.355,tonne,4783.528,MA
CBAM-29420776,76011000,372.615,tonne,4294.013,CN
CBAM-67129738,28070010,124.914,tonne,3751.442,IN
CBAM-48982609,31021000,628.823,tonne,838.983,TR
CBAM-54312029,27160000,231.803,tonne,2757.244,UA
CBAM-05049200,25232900,342.451,tonne,2079.1,MA
CBAM-51131445,72083900,224.739,tonne,2243.006,CN
CBAM-70214940,76011000,531.258,tonne,4246.034,IN
CBAM-83544142,28070010,149.2,tonne,4272.424,TR
CBAM-91407621,31021000,558.564,tonne,2028.42,UA
CBAM-79780094,27160000,212.065,tonne,225.092,MA
CBAM-79587849,25232900,97.578,tonne,800.017,CN
CBAM-09321204,72083900,127.254,tonne,3933.396,IN
CBAM-08632357,76011000,634.589,tonne,1645.288,TR
CBAM-14111103,28070010,887.116,tonne,2389.786,UA
CBAM-27620458,31021000,597.1,tonne,1673.943,MA
CBAM-55620188,27160000,242.87,tonne,424.723,CN
CBAM-50720049,25232900,419.952,tonne,4741.292,IN
CBAM-12678401,72083900,843.81,tonne,4880.877,TR
CBAM-87508378,76011000,256.314,tonne,4197.13,UA
CBAM-03390474,28070010,595.496,tonne,912.026,MA
CBAM-23380463,31021000,943.955,tonne,1571.817,CN
CBAM-51921441,27160000,580.55,tonne,3561.385,IN
CBAM-31128048,25232900,640.992,tonne,1977.321,TR
CBAM-50310281,72083900,624.891,tonne,1219.729,UA
CBAM-50068042,76011000,350.078,tonne,4857.039,MA
CBAM-61139573,28070010,902.535,tonne,127.347,CN
CBAM-76232271,31021000,916.02,tonne,2632.885,IN
CBAM-41055305,27160000,458.203,tonne,275.775,TR
CBAM-84129299,25232900,865.18,tonne,4540.179,UA
CBAM-93885640,72083900,841.342,tonne,3776.058,MA
CBAM-05043138,76011000,902.408,tonne,1031.759,CN
CBAM-13996217,28070010,648.332,tonne,1016.379,IN
CBAM-41518168,31021000,561.656,tonne,3631.785,TR
CBAM-33505435,27160000,331.267,tonne,3655.468,UA
CBAM-02701011,25232900,696.346,tonne,2927.461,MA
CBAM-70518264,72083900,369.683,tonne,2235.247,CN
CBAM-60616605,76011000,269.907,tonne,1097.483,IN
CBAM-52647801,28070010,616.037,tonne,2264.066,TR
CBAM-31431275,31021000,632.977,tonne,3939.228,UA
CBAM-59942102,27160000,492.019,tonne,4630.738,MA
CBAM-74260506,25232900,744.368,tonne,2247.161,CN
CBAM-11665681,72083900,574.404,tonne,293.337,IN
CBAM-57889107,76011000,317.418,tonne,3350.643,TR
CBAM-19448045,28070010,9.932,tonne,3348.958,UA
CBAM-54541267,31021000,37.326,tonne,4886.603,MA
CBAM-73915269,27160000,66.329,tonne,744.554,CN
CBAM-29088291,25232900,709.194,tonne,1840.511,IN
CBAM-49642875,72083900,967.82,tonne,1673.079,TR
CBAM-16071838,76011000,955.344,tonne,4084.601,UA
CBAM-83358635,28070010,879.37,tonne,1007.514,MA
CBAM-10263154,31021000,416.237,tonne,3708.981,CN
CBAM-65693158,27160000,955.318,tonne,1418.668,IN
CBAM-14468320,25232900,913.864,tonne,658.725,TR
CBAM-78352308,72083900,487.391,tonne,1916.64,UA
CBAM-91895360,76011000,161.479,tonne,1560.803,MA
CBAM-45054176,28070010,318.25,tonne,1743.388,CN
CBAM-18690628,31021000,312.589,tonne,3200.769,IN
CBAM-28132716,27160000,602.289,tonne,4140.274,TR
CBAM-83683620,25232900,581.862,tonne,2399.488,UA
CBAM-78070630,72083900,658.817,tonne,994.36,MA
CBAM-99478746,76011000,625.293,tonne,1671.739,CN
CBAM-26564642,28070010,125.197,tonne,2544.549,IN
CBAM-69321885,31021000,216.8,tonne,1958.003,TR
CBAM-89271777,27160000,799.392,tonne,4718.201,UA
CBAM-59102772,25232900,356.258,tonne,4125.034,MA
CBAM-84658048,72083900,435.941,tonne,1983.78,CN
CBAM-76186934,76011000,159.631,tonne,819.865,IN
CBAM-23834183,28070010,455.062,tonne,3692.966,TR
CBAM-50837383,31021000,199.73,tonne,3550.391,UA
CBAM-58035959,27160000,571.545,tonne,1548.912,MA
CBAM-56190839,25232900,645.947,tonne,4446.174,CN
CBAM-56854291,72083900,253.578,tonne,4237.175,IN
CBAM-42102611,76011000,77.591,tonne,1669.562,TR
CBAM-16710794,28070010,429.626,tonne,1297.518,UA
CBAM-41522657,31021000,723.181,tonne,1391.371,MA
CBAM-77094182,27160000,727.771,tonne,3385.844,CN
CBAM-74792677,25232900,988.685,tonne,3231.526,IN
CBAM-83901024,72083900,459.236,tonne,1141.42,TR
CBAM-40663941,76011000,403.481,tonne,1984.243,UA
CBAM-84072731,28070010,298.356,tonne,1457.454,MA
CBAM-12792517,31021000,600.51,tonne,566.794,CN
CBAM-43259210,27160000,500.339,tonne,48.073,IN
CBAM-43785344,25232900,327.238,tonne,74.825,TR
CBAM-94850778,72083900,98.086,tonne,1896.829,UA
CBAM-98140251,76011000,230.885,tonne,2150.35,MA
CBAM-70557237,28070010,664.436,tonne,541.418,CN
CBAM-06091737,31021000,986.737,tonne,3718.554,IN
CBAM-89238953,27160000,918.877,tonne,959.195,TR
CBAM-09616645,25232900,881.849,tonne,2620.227,UA
CBAM-85998520,72083900,430.568,tonne,4659.211,MA
CBAM-44627065,76011000,555.471,tonne,2766.495,CN
CBAM-84817172,28070010,271.385,tonne,3868.423,IN
CBAM-94335460,31021000,564.429,tonne,3029.327,TR
CBAM-68828494,27160000,383.535,tonne,4469.559,UA
CBAM-38492591,25232900,894.292,tonne,1195.224,MA
CBAM-30860266,72083900,226.417,tonne,1577.109,CN
CBAM-92060566,76011000,306.879,tonne,4039.053,IN
CBAM-35717112,28070010,242.752,tonne,2238.412,TR
CBAM-94501613,31021000,583.946,tonne,1049.297,UA
CBAM-66366781,27160000,294.168,tonne,2858.105,MA
CBAM-16672864,25232900,960.977,tonne,1241.656,CN
CBAM-80987234,72083900,738.581,tonne,1714.901,IN
CBAM-82047321,76011000,903.362,tonne,2040.019,TR
CBAM-49469737,28070010,584.575,tonne,3313.771,UA
CBAM-19015392,31021000,688.676,tonne,4313.94,MA
CBAM-22039194,27160000,67.86,tonne,837.085,CN
CBAM-91787056,25232900,925.183,tonne,2437.27,IN
CBAM-74518963,72083900,648.241,tonne,4449.184,TR
CBAM-04106790,76011000,210.644,tonne,485.99,UA
CBAM-31755323,28070010,172.93,tonne,3555.703,MA
CBAM-69409555,31021000,666.763,tonne,638.515,CN
CBAM-66785334,27160000,792.536,tonne,4590.418,IN
CBAM-60855527,25232900,790.08,tonne,4747.662,TR
CBAM-79555194,72083900,110.019,tonne,3199.722,UA
CBAM-50141403,76011000,556.771,tonne,3120.97,MA
CBAM-09789784,28070010,3.813,tonne,1991.664,CN
CBAM-60222555,31021000,757.401,tonne,1592.778,IN
CBAM-17905878,27160000,684.426,tonne,1754.333,TR
CBAM-89953328,25232900,790.959,tonne,3610.58,UA
CBAM-91057268,72083900,404.649,tonne,451.007,MA
CBAM-64340206,76011000,862.003,tonne,1579.388,CN
CBAM-72770235,28070010,955.81,tonne,2186.013,IN
CBAM-59935966,31021000,9.035,tonne,4885.838,TR
CBAM-32763423,27160000,1.441,tonne,3018.634,UA
CBAM-24160879,25232900,152.079,tonne,739.217,MA
CBAM-67434445,72083900,894.621,tonne,4114.036,CN
CBAM-66931329,76011000,921.256,tonne,4630.239,IN
CBAM-22137516,28070010,948.393,tonne,3073.732,TR
CBAM-96191858,31021000,621.673,tonne,1649.997,UA
CBAM-06226856,27160000,986.167,tonne,617.619,MA
CBAM-53491902,25232900,198.379,tonne,3036.217,CN
CBAM-26986378,72083900,188.393,tonne,3942.306,IN
CBAM-12915566,76011000,54.834,tonne,438.379,TR
CBAM-70109988,28070010,881.388,tonne,4566.65,UA
CBAM-01858884,31021000,9.189,tonne,2857.119,MA
CBAM-05308257,27160000,490.442,tonne,2075.761,CN
CBAM-11382694,25232900,113.598,tonne,684.361,IN
CBAM-33156376,72083900,776.174,tonne,2422.673,TR
CBAM-72917468,76011000,141.469,tonne,4846.688,UA
CBAM-19427735,28070010,904.249,tonne,1279.613,MA
CBAM-31502029,31021000,997.753,tonne,3043,CN
CBAM-28214168,27160000,605.694,tonne,4274.283,IN
CBAM-49872145,25232900,397.836,tonne,1389.157,TR
CBAM-62368073,72083900,274.504,tonne,120.369,UA
CBAM-32539673,76011000,57.849,tonne,1249.634,MA
CBAM-03718447,28070010,107.165,tonne,3134.017,CN
CBAM-32833515,31021000,886.222,tonne,2436.575,IN
CBAM-94874779,27160000,537.051,tonne,503.632,TR
CBAM-32966760,25232900,451.534,tonne,439.163,UA
CBAM-93624397,72083900,504.589,tonne,504.844,MA
CBAM-02237677,76011000,566.125,tonne,465.226,CN
CBAM-39282356,28070010,365.92,tonne,1817.686,IN
CBAM-87032787,31021000,987.406,tonne,2429.615,TR
CBAM-84762837,27160000,29.695,tonne,3476.167,UA
CBAM-16074319,25232900,514.391,tonne,627.756,MA
CBAM-42498656,72083900,801.465,tonne,3920.907,CN
CBAM-96234505,76011000,968.43,tonne,1552.391,IN
CBAM-05366723,28070010,859.793,tonne,831.02,TR
CBAM-37493188,31021000,10.936,tonne,1376.876,UA
CBAM-26977966,27160000,704.413,tonne,4370.509,MA
CBAM-01191477,25232900,583.331,tonne,1918.976,CN
CBAM-65692424,72083900,780.089,tonne,1212.502,IN
CBAM-71532536,76011000,575.846,tonne,2771.078,TR
CBAM-83537752,28070010,484.653,tonne,2231.346,UA
CBAM-59571476,31021000,711.293,tonne,1347.208,MA
CBAM-27510007,27160000,362.232,tonne,4082.377,CN
CBAM-18038502,25232900,262.893,tonne,4291.647,IN
CBAM-58021744,72083900,744.503,tonne,402.535,TR
CBAM-61127496,76011000,647.79,tonne,4234.968,UA
CBAM-60684635,28070010,397.449,tonne,3821.662,MA
CBAM-99658080,31021000,158.433,tonne,2701.049,CN
CBAM-87467610,27160000,705.883,tonne,687.297,IN
CBAM-21914467,25232900,787.315,tonne,3820.687,TR
CBAM-42232477,72083900,593.376,tonne,2506.58,UA
CBAM-55358738,76011000,578.167,tonne,2993.05,MA
CBAM-37096696,28070010,674.691,tonne,3545.515,CN
CBAM-64336416,31021000,541.882,tonne,590.852,IN
CBAM-55524400,27160000,54.019,tonne,535.259,TR
CBAM-33881850,25232900,751.54,tonne,2904.758,UA
CBAM-67819863,72083900,708.277,tonne,895.425,MA
CBAM-86639984,76011000,200.75,tonne,537.7,CN
CBAM-94563106,28070010,959.499,tonne,1801.94,IN
CBAM-37943238,31021000,853.886,tonne,507.277,TR
CBAM-81149472,27160000,862.665,tonne,4732.498,UA
CBAM-79086444,25232900,99.518,tonne,1670.524,MA
CBAM-78196061,72083900,35.27,tonne,889.067,CN
CBAM-48183675,76011000,361.633,tonne,793.777,IN
CBAM-63629148,28070010,827.99,tonne,239.108,TR
CBAM-81332436,31021000,233.914,tonne,1319.808,UA
CBAM-99342756,27160000,483.356,tonne,3644.46,MA
CBAM-39876487,25232900,33.403,tonne,4512.859,CN
CBAM-03100959,72083900,149.773,tonne,283.023,IN
CBAM-44458384,76011000,312.718,tonne,1329.502,TR
CBAM-43042543,28070010,565.21,tonne,3656.293,UA
CBAM-31054442,31021000,333.567,tonne,4804.46,MA
CBAM-80732157,27160000,114.273,tonne,4245.915,CN
CBAM-49114304,25232900,33.795,tonne,4098.708,IN
CBAM-79332588,72083900,703.203,tonne,901.821,TR
CBAM-05777202,76011000,588.744,tonne,3520.028,UA
CBAM-06069169,28070010,926.294,tonne,2230.938,MA
CBAM-32076937,31021000,415.983,tonne,3361.388,CN
CBAM-78065313,27160000,36.94,tonne,3319.486,IN
CBAM-56039257,25232900,67.211,tonne,4401.371,TR
CBAM-89528460,72083900,33.087,tonne,3875.422,UA
CBAM-98798925,76011000,319.837,tonne,399.643,MA
CBAM-31497431,28070010,685.573,tonne,1904.34,CN
CBAM-55289331,31021000,592.117,tonne,2471.176,IN
CBAM-63765762,27160000,422.525,tonne,506.033,TR
CBAM-93544681,25232900,772.847,tonne,3263.604,UA
CBAM-37966184,72083900,612.978,tonne,3389.091,MA
CBAM-86060196,76011000,598.979,tonne,4582.088,CN
CBAM-41790535,28070010,436.111,tonne,1418.082,IN
CBAM-27707041,31021000,527.908,tonne,4353.145,TR
CBAM-46197655,27160000,489.204,tonne,603.6,UA
CBAM-92833546,25232900,637.88,tonne,4665.767,MA
CBAM-40136278,72083900,563.778,tonne,1117.602,CN
CBAM-86229014,76011000,169.094,tonne,3160.485,IN
CBAM-76082924,28070010,172.212,tonne,3827.567,TR
CBAM-19794640,31021000,147.975,tonne,1028.048,UA
CBAM-45195468,27160000,787.148,tonne,229.667,MA
CBAM-47574906,25232900,476.743,tonne,2532.128,CN
CBAM-80312974,72083900,857.18,tonne,1864.188,IN
CBAM-73502107,76011000,483.074,tonne,3272.183,TR
CBAM-23079109,28070010,953.063,tonne,1515.839,UA
CBAM-23936632,31021000,241.341,tonne,2037.425,MA
CBAM-66957296,27160000,459.4,tonne,121.646,CN
CBAM-91532518,25232900,292.53,tonne,1397.796,IN
CBAM-90272605,72083900,397.228,tonne,166.124,TR
CBAM-82396154,76011000,119.743,tonne,2487.519,UA
CBAM-24066433,28070010,386.083,tonne,747.558,MA
CBAM-67378256,31021000,841.247,tonne,4341.613,CN
CBAM-97586534,27160000,557.496,tonne,3818.981,IN
CBAM-50856009,25232900,640.081,tonne,3174.368,TR
CBAM-51926264,72083900,240.117,tonne,2681.049,UA
CBAM-09574388,76011000,462.902,tonne,3723.285,MA
CBAM-14176166,28070010,231.771,tonne,1345.869,CN
CBAM-36965700,31021000,777.416,tonne,2551.101,IN
CBAM-88674993,27160000,46.232,tonne,1849.655,TR
CBAM-17261005,25232900,768.553,tonne,4603.671,UA
CBAM-36791705,72083900,47.237,tonne,2390.453,MA
CBAM-41554391,76011000,893.309,tonne,4408.832,CN
CBAM-83958855,28070010,894.441,tonne,2793.331,IN
CBAM-38825638,31021000,655.581,tonne,3698.939,TR
CBAM-84442634,27160000,250.845,tonne,2830.969,UA
CBAM-99182414,25232900,875.771,tonne,1327.935,MA
CBAM-37065888,72083900,917.251,tonne,240.221,CN
CBAM-78541815,76011000,673.202,tonne,925.709,IN
CBAM-80611200,28070010,105.361,tonne,429.616,TR
CBAM-91472865,31021000,571.044,tonne,2513.985,UA
CBAM-75896985,27160000,46.394,tonne,1366.545,MA
CBAM-81956103,25232900,6.857,tonne,2140.459,CN
CBAM-22530118,72083900,258.497,tonne,4685.836,IN
CBAM-36307928,76011000,474.124,tonne,2711.584,TR
CBAM-55008737,28070010,685.84,tonne,2774.086,UA
CBAM-87374758,31021000,259.152,tonne,1465.918,MA
CBAM-97154540,27160000,468.445,tonne,138.482,CN
CBAM-03727978,25232900,417.911,tonne,772.858,IN
CBAM-93788236,72083900,766.834,tonne,376.4,TR
CBAM-65965167,76011000,305.497,tonne,2119.536,UA
CBAM-10868681,28070010,540.525,tonne,4300.695,MA
CBAM-17916549,31021000,264.538,tonne,923.498,CN
CBAM-06337354,27160000,507.315,tonne,2480.85,IN
CBAM-53573660,25232900,230.602,tonne,2643.503,TR
CBAM-02087726,72083900,269.725,tonne,1160.083,UA
CBAM-41187135,76011000,932.906,tonne,4710.488,MA
CBAM-05538139,28070010,305.285,tonne,420.233,CN
CBAM-60586948,31021000,631.542,tonne,1349.656,IN
CBAM-47024184,27160000,860.576,tonne,4586.055,TR
CBAM-71906021,25232900,985.206,tonne,1856.466,UA
CBAM-01715815,72083900,477.47,tonne,2081.125,MA
CBAM-58855489,76011000,991.036,tonne,3073.248,CN
CBAM-25480990,28070010,346.52,tonne,950.178,IN
CBAM-65076426,31021000,177.979,tonne,2602.104,TR
CBAM-88666875,27160000,343.852,tonne,2691.727,UA
CBAM-87187280,25232900,65.267,tonne,4872.525,MA
CBAM-65516475,72083900,377.152,tonne,3823.619,CN
CBAM-93886782,76011000,965.024,tonne,991.245,IN
CBAM-22466825,28070010,534.373,tonne,3571.529,TR
CBAM-33407412,31021000,698.848,tonne,2942.089,UA
CBAM-71994363,27160000,178.653,tonne,3284.119,MA
CBAM-14604034,25232900,120.509,tonne,4720.876,CN
CBAM-01100415,72083900,88.167,tonne,502.488,IN
CBAM-37882828,76011000,775.193,tonne,302.692,TR
CBAM-01055398,28070010,265.395,tonne,3904.668,UA
CBAM-91223570,31021000,752.692,tonne,4753.887,MA
CBAM-60171508,27160000,830.615,tonne,2459.331,CN
CBAM-66750134,25232900,888.993,tonne,1776.125,IN
CBAM-95788009,72083900,257.171,tonne,3592.531,TR
CBAM-53810755,76011000,734.629,tonne,3864.414,UA
CBAM-71902303,28070010,277.501,tonne,3305.444,MA
CBAM-93321399,31021000,914.607,tonne,2749.65,CN
CBAM-64009948,27160000,10.244,tonne,4494.994,IN
CBAM-02662871,25232900,457.062,tonne,3297.609,TR
CBAM-88227964,72083900,337.717,tonne,1588.95,UA
CBAM-02317680,76011000,732.816,tonne,3059.645,MA
CBAM-15366045,28070010,636.407,tonne,4113.712,CN
CBAM-14191097,31021000,927.798,tonne,4400.705,IN
CBAM-35902819,27160000,857.765,tonne,1970.128,TR
CBAM-68867660,25232900,233.643,tonne,3083.804,UA
CBAM-18308258,72083900,146.023,tonne,617.702,MA
CBAM-32455713,76011000,421.237,tonne,2620.008,CN
CBAM-81807365,28070010,410.58,tonne,1044.461,IN
CBAM-02639084,31021000,443.136,tonne,2569.389,TR
CBAM-40556855,27160000,368.794,tonne,4121.195,UA
CBAM-88039815,25232900,657.885,tonne,2792.81,MA
CBAM-25169427,72083900,598.833,tonne,466.781,CN
CBAM-08041043,76011000,313.154,tonne,1653.873,IN
CBAM-74894142,28070010,941.72,tonne,1538.364,TR
CBAM-61831407,31021000,36.333,tonne,3930.177,UA
CBAM-61287151,27160000,91.058,tonne,3661.473,MA
CBAM-54101370,25232900,664.611,tonne,4806.428,CN
CBAM-56982830,72083900,214.288,tonne,3860.923,IN
CBAM-05236160,76011000,559.532,tonne,481.594,TR
CBAM-83043228,28070010,64.3,tonne,3995.154,UA
CBAM-65111057,31021000,240.06,tonne,2028.66,MA
CBAM-52692683,27160000,448.683,tonne,1687.738,CN
CBAM-69286731,25232900,684.387,tonne,2744.394,IN
CBAM-01179912,72083900,367.832,tonne,1629.349,TR
CBAM-27560121,76011000,420.759,tonne,1631.432,UA
CBAM-44918672,28070010,371.202,tonne,3308.744,MA
CBAM-07242426,31021000,663.081,tonne,426.805,CN
CBAM-61283327,27160000,9.976,tonne,488.298,IN
CBAM-86142030,25232900,5.922,tonne,287.741,TR
CBAM-85729394,72083900,374.53,tonne,519.618,UA
CBAM-88187836,76011000,471.205,tonne,4379.523,MA
CBAM-40921322,28070010,22.955,tonne,1505.195,CN
CBAM-28143858,31021000,482.873,tonne,4916.007,IN
CBAM-60390020,27160000,166.016,tonne,94.338,TR
CBAM-53140506,25232900,333.309,tonne,4489.358,UA
CBAM-26381750,72083900,696.696,tonne,1084.236,MA
CBAM-49695111,76011000,525.466,tonne,2398.331,CN
CBAM-68248810,28070010,714.845,tonne,1828.04,IN
CBAM-83056927,31021000,636.66,tonne,4665.005,TR
CBAM-25063825,27160000,706.544,tonne,802.246,UA
CBAM-46490126,25232900,973.18,tonne,926.659,MA
CBAM-45288019,72083900,898.458,tonne,636.627,CN
CBAM-67216319,76011000,975.634,tonne,2974.879,IN
CBAM-94030673,28070010,963.058,tonne,145.504,TR
CBAM-19075145,31021000,857.59,tonne,3453.033,UA
CBAM-00940304,27160000,493.613,tonne,2477.833,MA
CBAM-14851836,25232900,352.217,tonne,4740.483,CN
CBAM-71882276,72083900,330.732,tonne,1772.566,IN
CBAM-10595325,76011000,478.73,tonne,608.561,TR
CBAM-66680087,28070010,806.121,tonne,2645.515,UA
CBAM-93857708,31021000,346.681,tonne,3085.433,MA
CBAM-32813755,27160000,905.212,tonne,3635.335,CN
CBAM-91359564,25232900,667.562,tonne,4636.94,IN
CBAM-40585699,72083900,540.512,tonne,4294.6,TR
CBAM-18718507,76011000,549.241,tonne,1983.787,UA
CBAM-25376934,28070010,747.381,tonne,1901.176,MA
CBAM-54380902,31021000,636.349,tonne,4442.98,CN
CBAM-44809718,27160000,773.259,tonne,3026.13,IN
CBAM-25023226,25232900,363.667,tonne,1780.355,TR
CBAM-61442327,72083900,170.645,tonne,1380.951,UA
CBAM-92713757,76011000,725.178,tonne,4673.296,MA
CBAM-56638054,28070010,683.359,tonne,2352.297,CN
CBAM-06087057,31021000,190.597,tonne,4655.398,IN
CBAM-95015083,27160000,147.584,tonne,2662.341,TR
CBAM-13994612,25232900,199.326,tonne,4186.386,UA
CBAM-24227414,72083900,762.637,tonne,3173.989,MA
CBAM-42321506,76011000,673.662,tonne,52.129,CN
CBAM-24519372,28070010,303.196,tonne,608.764,IN
CBAM-72831483,31021000,982.142,tonne,2725.08,TR
CBAM-18151507,27160000,651.324,tonne,2262.353,UA
CBAM-67615377,25232900,111.503,tonne,999.961,MA
CBAM-91142909,72083900,762.705,tonne,390.239,CN
CBAM-75788662,76011000,516.417,tonne,631.631,IN
CBAM-80727158,28070010,350.014,tonne,799.524,TR
CBAM-64478408,31021000,870.737,tonne,2298.49,UA
CBAM-59433139,27160000,868.587,tonne,512.738,MA
CBAM-01108300,25232900,538.399,tonne,2665.562,CN
CBAM-93002301,72083900,631.004,tonne,3663.385,IN
CBAM-48171232,76011000,608.861,tonne,1896.853,TR
CBAM-66782641,28070010,733.511,tonne,1777.408,UA
CBAM-71230116,31021000,28.935,tonne,3637.434,MA
CBAM-50334865,27160000,156.262,tonne,3659.019,CN
CBAM-55481709,25232900,465.977,tonne,1239.838,IN
CBAM-79321784,72083900,421.334,tonne,1571.255,TR
CBAM-05842811,76011000,678.778,tonne,4371.506,UA
CBAM-63616348,28070010,281.211,tonne,4133.156,MA
CBAM-70727738,31021000,917.687,tonne,531.879,CN
CBAM-45995971,27160000,734.942,tonne,3554.104,IN
CBAM-76992803,25232900,427.264,tonne,3558.197,TR
CBAM-06070720,72083900,782.786,tonne,2185.502,UA
CBAM-59107103,76011000,580.966,tonne,1699.421,MA
CBAM-80534927,28070010,542.057,tonne,618.288,CN
CBAM-84266324,31021000,192.037,tonne,1091.056,IN
CBAM-67122462,27160000,885.85,tonne,2647.775,TR
CBAM-64558231,25232900,618.371,tonne,3578.494,UA
CBAM-72128400,72083900,631.186,tonne,1954.096,MA
CBAM-87897971,76011000,248.648,tonne,2806.952,CN
CBAM-99971543,28070010,847.48,tonne,377.848,IN
CBAM-10877675,31021000,900.546,tonne,2016.959,TR
CBAM-12205712,27160000,543.397,tonne,2127.271,UA
CBAM-43591960,25232900,573.839,tonne,3663.485,MA
CBAM-37467630,72083900,272.341,tonne,3608.378,CN
CBAM-85784699,76011000,773.791,tonne,3165.623,IN
CBAM-30485710,28070010,179.444,tonne,3016.019,TR
CBAM-51008055,31021000,705.772,tonne,4706.534,UA
CBAM-28857926,27160000,785.093,tonne,1810.674,MA
CBAM-71183199,25232900,832.479,tonne,401.494,CN
CBAM-17723190,72083900,508.614,tonne,3855.09,IN
CBAM-95525315,76011000,628.252,tonne,4369.981,TR
CBAM-72515320,28070010,945.327,tonne,1314.675,UA
CBAM-13595577,31021000,366.59,tonne,250.242,MA
CBAM-54238438,27160000,88.882,tonne,4443.03,CN
CBAM-99332573,25232900,401.634,tonne,1312.572,IN
CBAM-98064793,72083900,92.248,tonne,2815.135,TR
CBAM-40362809,76011000,880.13,tonne,1304.099,UA
CBAM-91551547,28070010,599.865,tonne,4018.179,MA
CBAM-14529723,31021000,382.347,tonne,2659.342,CN
CBAM-81790828,27160000,859.968,tonne,1865.5,IN
CBAM-76302494,25232900,930.973,tonne,4625.048,TR
CBAM-61183155,72083900,909.805,tonne,3358.403,UA
CBAM-75303555,76011000,463.944,tonne,4112.04,MA
CBAM-87948069,28070010,294.337,tonne,357.938,CN
CBAM-88162093,31021000,795.44,tonne,2181.338,IN
CBAM-00627833,27160000,434.952,tonne,3098.286,TR
CBAM-85674693,25232900,929.842,tonne,1930.094,UA
CBAM-60225306,72083900,90.696,tonne,4972.236,MA
CBAM-37509895,76011000,620.679,tonne,1145.553,CN
CBAM-73705561,28070010,640.572,tonne,3554.77,IN
CBAM-72839986,31021000,278.328,tonne,3239.292,TR
CBAM-20974483,27160000,155.576,tonne,3959.941,UA
CBAM-24334046,25232900,321.279,tonne,2221.121,MA
CBAM-13987786,72083900,654.871,tonne,408.98,CN
CBAM-02938153,76011000,576.279,tonne,4669.603,IN
CBAM-82277058,28070010,669.246,tonne,4797.632,TR
CBAM-41494968,31021000,689.691,tonne,1957.66,UA
CBAM-25748659,27160000,326.685,tonne,3695.481,MA
CBAM-40064671,25232900,422.696,tonne,1709.62,CN
CBAM-15567320,72083900,299.233,tonne,4990.027,IN
CBAM-18618819,76011000,896.77,tonne,2349.676,TR
CBAM-98178671,28070010,238.179,tonne,877.115,UA
CBAM-67688453,31021000,34.812,tonne,3495.914,MA
CBAM-94673474,27160000,338.983,tonne,4463.058,CN
CBAM-44911795,25232900,374.898,tonne,843.313,IN
CBAM-25450721,72083900,622.528,tonne,4010.684,TR
CBAM-42631613,76011000,600.259,tonne,4065.069,UA
CBAM-19591540,28070010,387.386,tonne,817.001,MA
CBAM-04351955,31021000,818.487,tonne,876.189,CN
CBAM-64968448,27160000,924.257,tonne,1587.475,IN
CBAM-78690636,25232900,60.319,tonne,3601.677,TR
CBAM-57099337,72083900,242.822,tonne,2860.218,UA
CBAM-16087702,76011000,904.021,tonne,4453.812,MA
CBAM-82644476,28070010,623.217,tonne,3777.609,CN
CBAM-02081199,31021000,599.34,tonne,1442.229,IN
CBAM-82324320,27160000,145.635,tonne,1520.674,TR
CBAM-83797698,25232900,810.313,tonne,160.293,UA
CBAM-70990104,72083900,836.257,tonne,4883.248,MA
CBAM-48886500,76011000,410.355,tonne,1258.097,CN
CBAM-66717481,28070010,559.163,tonne,1545.737,IN
CBAM-87310222,31021000,717.713,tonne,352.386,TR
CBAM-98415995,27160000,18.942,tonne,4192.619,UA
CBAM-47356344,25232900,670.285,tonne,1426.665,MA
CBAM-29688434,72083900,772.759,tonne,3950.494,CN
CBAM-74593716,76011000,55.892,tonne,3505.014,IN
CBAM-83654515,28070010,442.074,tonne,3553.394,TR
CBAM-23650430,31021000,445.19,tonne,990.037,UA
CBAM-07066160,27160000,876.245,tonne,503.538,MA
CBAM-47903709,25232900,789.171,tonne,1286.14,CN
CBAM-11603666,72083900,566.503,tonne,2104.211,IN
CBAM-89904620,76011000,465.994,tonne,4176.899,TR
CBAM-82786834,28070010,594.799,tonne,2548.171,UA
CBAM-76991447,31021000,275.317,tonne,4050.599,MA
CBAM-11469592,27160000,391.814,tonne,2296.872,CN
CBAM-83036608,25232900,353.019,tonne,4254.513,IN
CBAM-01295329,72083900,393.604,tonne,1679.441,TR
CBAM-88535596,76011000,683.286,tonne,1415.114,UA
CBAM-13451918,28070010,443.474,tonne,3565.549,MA
CBAM-86761949,31021000,415.14,tonne,946.876,CN
CBAM-19176677,27160000,9.911,tonne,3822.356,IN
CBAM-44812586,25232900,733.547,tonne,58.725,TR
CBAM-55894995,72083900,956.234,tonne,4935.991,UA
CBAM-03070539,76011000,286.285,tonne,2767.088,MA
CBAM-16764549,28070010,581.524,tonne,621.768,CN
CBAM-40925759,31021000,595.271,tonne,1999.918,IN
CBAM-81492575,27160000,110.375,tonne,3288.631,TR
CBAM-04311440,25232900,883.159,tonne,2732.712,UA
CBAM-47251485,72083900,598.882,tonne,3658.143,MA
CBAM-61131812,76011000,46.19,tonne,2078.295,CN
CBAM-17219643,28070010,669.8,tonne,4687.192,IN
CBAM-59590797,31021000,290.121,tonne,3763.914,TR
CBAM-24101395,27160000,688.763,tonne,3235.293,UA
CBAM-71536360,25232900,861.949,tonne,4348.59,MA
CBAM-85882259,72083900,329.54,tonne,1726.605,CN
CBAM-53534495,76011000,361.807,tonne,2120.097,IN
CBAM-64785539,28070010,193.4,tonne,457.275,TR
CBAM-31340638,31021000,69.162,tonne,160.516,UA
CBAM-21199563,27160000,563.314,tonne,3363.489,MA
CBAM-48215264,25232900,319.123,tonne,962.598,CN
CBAM-39878855,72083900,675.771,tonne,2311.734,IN
CBAM-94314954,76011000,903.531,tonne,2501.617,TR
CBAM-63400416,28070010,857.084,tonne,2379.092,UA
CBAM-16357545,31021000,351.244,tonne,2452.151,MA
CBAM-55829196,27160000,768.001,tonne,4753.062,CN
CBAM-36922367,25232900,667.123,tonne,2415.694,IN
CBAM-22117787,72083900,363.417,tonne,57.763,TR
CBAM-37079405,76011000,725.032,tonne,3604.035,UA
CBAM-01446122,28070010,800.151,tonne,3630.538,MA
CBAM-28074366,31021000,953.365,tonne,2937.596,CN
CBAM-47311287,27160000,418.618,tonne,227.264,IN
CBAM-15767330,25232900,835.028,tonne,529.465,TR
CBAM-73502239,72083900,121.857,tonne,4558.532,UA
CBAM-89768558,76011000,539.785,tonne,55.529,MA
CBAM-37221032,28070010,470.532,tonne,704.529,CN
CBAM-83652723,31021000,397.152,tonne,547.394,IN
CBAM-83909425,27160000,769.107,tonne,1396.47,TR
CBAM-82765611,25232900,915.037,tonne,1932.253,UA
CBAM-38695552,72083900,871.479,tonne,2193.114,MA
CBAM-77124339,76011000,912.965,tonne,2838.945,CN
CBAM-65278759,28070010,19.955,tonne,1719.299,IN
CBAM-43040080,31021000,205.365,tonne,4209.166,TR
CBAM-47931897,27160000,962.077,tonne,2775.985,UA
CBAM-17029830,25232900,791.419,tonne,1543.829,MA
CBAM-20830336,72083900,989.096,tonne,4033.686,CN
CBAM-59804976,76011000,225.557,tonne,2658.275,IN
CBAM-00921540,28070010,636.956,tonne,3932.829,TR
CBAM-63320931,31021000,835.349,tonne,2792.122,UA
CBAM-04002338,27160000,827.342,tonne,2318.866,MA
CBAM-55733378,25232900,308.811,tonne,1741.082,CN
CBAM-17195403,72083900,362.92,tonne,1558.546,IN
CBAM-75612084,76011000,645.035,tonne,813.283,TR
CBAM-25455117,28070010,665.874,tonne,2144.867,UA
CBAM-95820489,31021000,843.997,tonne,292.423,MA
CBAM-95575171,27160000,103.864,tonne,4981.019,CN
CBAM-25549190,25232900,19.317,tonne,4487.327,IN
CBAM-13616067,72083900,557.279,tonne,382.326,TR
CBAM-04012366,76011000,647.318,tonne,4205.83,UA
CBAM-42268211,28070010,310.985,tonne,1329.505,MA
CBAM-08523392,31021000,938.848,tonne,924.541,CN
CBAM-36053046,27160000,998.908,tonne,3829.398,IN
CBAM-25166761,25232900,513.378,tonne,277.073,TR
CBAM-69389049,72083900,209.761,tonne,4309.514,UA
CBAM-03594506,76011000,699.015,tonne,2558.068,MA
CBAM-97433045,28070010,883.878,tonne,1181.871,CN
CBAM-44297907,31021000,366.169,tonne,2295.707,IN
CBAM-14589895,27160000,947.293,tonne,1190.666,TR
CBAM-64080781,25232900,61.448,tonne,2369.184,UA
CBAM-61142314,72083900,673.011,tonne,1055.494,MA
CBAM-42182384,76011000,300.549,tonne,4821.424,CN
CBAM-89135211,28070010,853.783,tonne,470.361,IN
CBAM-45789664,31021000,918.744,tonne,2620.2,TR
CBAM-02786126,27160000,40.253,tonne,461.258,UA
CBAM-09361542,25232900,233.7,tonne,192.531,MA
CBAM-88556756,72083900,195.108,tonne,2026.691,CN
CBAM-92107785,76011000,262.986,tonne,3626.84,IN
CBAM-73368935,28070010,251.272,tonne,19.048,TR
CBAM-41363479,31021000,978.748,tonne,2677.897,UA
CBAM-96404525,27160000,206.129,tonne,3607.726,MA
CBAM-90140342,25232900,780.362,tonne,1763.874,CN
CBAM-06227299,72083900,202.49,tonne,285.466,IN
CBAM-24076099,76011000,560.176,tonne,2555.39,TR
CBAM-61146468,28070010,561.072,tonne,4914.801,UA
CBAM-78812092,31021000,248.69,tonne,4816.652,MA
CBAM-62399837,27160000,460.575,tonne,3958.962,CN
CBAM-98245186,25232900,589.243,tonne,199.239,IN
CBAM-17114026,72083900,417.885,tonne,284.432,TR
CBAM-84313172,76011000,234.114,tonne,1196.228,UA
CBAM-57596647,28070010,820.988,tonne,4505.339,MA
CBAM-28666862,31021000,599.27,tonne,1254.759,CN
CBAM-01086414,27160000,472.333,tonne,2287.425,IN
CBAM-77306261,25232900,898.633,tonne,1895.957,TR
CBAM-11572626,72083900,606.526,tonne,3845.946,UA
CBAM-90176356,76011000,165.76,tonne,4416.849,MA
CBAM-17208037,28070010,241.475,tonne,3279.571,CN
CBAM-54705255,31021000,286.888,tonne,1268.191,IN
CBAM-90313990,27160000,32.065,tonne,1237.323,TR
CBAM-05811578,25232900,86.099,tonne,4351.917,UA
CBAM-03115261,72083900,277.962,tonne,4947.621,MA
CBAM-60561357,76011000,149.192,tonne,590.325,CN
CBAM-81320343,28070010,222.688,tonne,4441.66,IN
CBAM-93941774,31021000,278.197,tonne,2096.464,TR
CBAM-46645947,27160000,8.551,tonne,4007.132,UA
CBAM-08065142,25232900,819.188,tonne,4200.846,MA
CBAM-82005242,72083900,145.333,tonne,2909.817,CN
CBAM-67882497,76011000,379.066,tonne,1805.383,IN
CBAM-87775771,28070010,210.324,tonne,2552.491,TR
CBAM-48562660,31021000,303.544,tonne,3263.141,UA
CBAM-98818457,27160000,205.57,tonne,2827.746,MA
CBAM-76281102,25232900,406.555,tonne,2237.843,CN
CBAM-76917287,72083900,466.571,tonne,340.205,IN
CBAM-92192741,76011000,122.918,tonne,1288.273,TR
CBAM-31594194,28070010,310.749,tonne,518.177,UA
CBAM-77345385,31021000,748.473,tonne,1001.589,MA
CBAM-67064019,27160000,244.747,tonne,1139.319,CN
CBAM-47194881,25232900,653.523,tonne,886.357,IN
CBAM-80965424,72083900,955.729,tonne,914.246,TR
CBAM-61914743,76011000,7.034,tonne,524.726,UA
CBAM-24930733,28070010,132.03,tonne,3279.047,MA
CBAM-41158713,31021000,790.323,tonne,1944.385,CN
CBAM-87737300,27160000,810.535,tonne,1244.188,IN
CBAM-85541726,25232900,570.692,tonne,35.845,TR
CBAM-29257514,72083900,66.715,tonne,754.722,UA
CBAM-29821479,76011000,613.494,tonne,3691.294,MA
CBAM-19499314,28070010,37.471,tonne,35.431,CN
CBAM-90395881,31021000,109.196,tonne,1666.939,IN
CBAM-88337011,27160000,584.13,tonne,1844.1,TR
CBAM-72086618,25232900,852.449,tonne,4909.05,UA
CBAM-49827419,72083900,229.394,tonne,3915.725,MA
CBAM-15665981,76011000,767.268,tonne,2677.809,CN
CBAM-11252885,28070010,226.144,tonne,2420.849,IN
CBAM-96647459,31021000,970.188,tonne,3801.762,TR
CBAM-87842312,27160000,888.482,tonne,1921.455,UA
CBAM-25342079,25232900,64.257,tonne,4450.763,MA
CBAM-45711052,72083900,999.99,tonne,4443.153,CN
CBAM-25023287,76011000,892.244,tonne,158.503,IN
CBAM-14284984,28070010,610.174,tonne,1485.689,TR
CBAM-81861960,31021000,408.042,tonne,4184.656,UA
CBAM-62700200,27160000,152.321,tonne,4019.51,MA
CBAM-73812045,25232900,885.636,tonne,990.063,CN
CBAM-70916131,72083900,804.798,tonne,2245.859,IN
CBAM-18038342,76011000,934.613,tonne,3339.497,TR
CBAM-17172738,28070010,59.872,tonne,1656.471,UA
CBAM-77615018,31021000,616.285,tonne,717.835,MA
CBAM-14980116,27160000,268.87,tonne,1719.525,CN
CBAM-38040110,25232900,309.179,tonne,4677.304,IN
CBAM-29000008,72083900,848.582,tonne,1749.725,TR
CBAM-52766404,76011000,735.274,tonne,4807.306,UA
CBAM-15590047,28070010,362.571,tonne,1442.488,MA
CBAM-18418992,31021000,858.382,tonne,2056.657,CN
CBAM-83331061,27160000,92.56,tonne,564.547,IN
CBAM-20315907,25232900,165.849,tonne,4273.481,TR
CBAM-33801342,72083900,563.381,tonne,1653.443,UA
CBAM-17679072,76011000,34.168,tonne,1178.448,MA
CBAM-99601449,28070010,930.467,tonne,4221.712,CN
CBAM-69962648,31021000,480.158,tonne,3605.24,IN
CBAM-59851355,27160000,362.478,tonne,3506.083,TR
CBAM-77253813,25232900,349.958,tonne,634.545,UA
CBAM-60582709,72083900,803.861,tonne,3648.86,MA
CBAM-10548069,76011000,316.407,tonne,1982.501,CN
CBAM-88302163,28070010,208.364,tonne,4464.416,IN
CBAM-42469257,31021000,433.348,tonne,5005.839,TR
CBAM-17573865,27160000,811.599,tonne,3795.353,UA
CBAM-35299661,25232900,91.717,tonne,3345.355,MA
CBAM-44597201,72083900,744.14,tonne,1124.428,CN
CBAM-94890168,76011000,133.983,tonne,2709.768,IN
CBAM-28481456,28070010,336.274,tonne,1146.043,TR
CBAM-75303584,31021000,970.063,tonne,1821.521,UA
CBAM-20221611,27160000,331.47,tonne,795.922,MA
CBAM-75681613,25232900,335.268,tonne,2757.681,CN
CBAM-32751610,72083900,459.203,tonne,698.689,IN
CBAM-11471044,76011000,388.874,tonne,1986.135,TR
CBAM-95361739,28070010,835.011,tonne,502.911,UA
CBAM-25203061,31021000,470.399,tonne,3466.513,MA
CBAM-10194067,27160000,598.072,tonne,4590.806,CN
CBAM-21104462,25232900,321.385,tonne,2116.684,IN
CBAM-15260421,72083900,21.529,tonne,409.428,TR
CBAM-90517304,76011000,184.6,tonne,187.826,UA
CBAM-03692631,28070010,765.052,tonne,4682.321,MA
CBAM-60716891,31021000,710.619,tonne,1878.796,CN
CBAM-17318703,27160000,159.688,tonne,4769.995,IN
CBAM-43090578,25232900,589.691,tonne,4575.101,TR
CBAM-74827216,72083900,536.246,tonne,2387.34,UA
CBAM-03264675,76011000,437.202,tonne,1456.184,MA
CBAM-54762932,28070010,725.507,tonne,4979.377,CN
CBAM-17292032,31021000,1.558,tonne,4143.72,IN
CBAM-85976556,27160000,628.431,tonne,3813.366,TR
CBAM-42371854,25232900,636.713,tonne,488.862,UA
CBAM-23588368,72083900,569.462,tonne,1433.502,MA
CBAM-87269023,76011000,985.154,tonne,4984.474,CN
CBAM-40312246,28070010,727.465,tonne,2123.673,IN
CBAM-07992445,31021000,435.782,tonne,1884.083,TR
CBAM-69969632,27160000,371.594,tonne,1669.218,UA
CBAM-79391267,25232900,728.798,tonne,3152.888,MA
CBAM-68207590,72083900,186.43,tonne,1706.165,CN
CBAM-97877837,76011000,5.596,tonne,3206.609,IN
CBAM-83585937,28070010,83.977,tonne,916.996,TR
CBAM-54284788,31021000,253.295,tonne,3710.084,UA
CBAM-46273207,27160000,443.025,tonne,4214.78,MA
CBAM-00325892,25232900,245.09,tonne,840.835,CN
CBAM-31233193,72083900,458.668,tonne,4127.761,IN
CBAM-51069891,76011000,881.52,tonne,2855.975,TR
CBAM-18714503,28070010,86.595,tonne,629.101,UA
CBAM-24240129,31021000,382.099,tonne,3102.401,MA
CBAM-16224936,27160000,831.995,tonne,360.058,CN
CBAM-82213345,25232900,199.006,tonne,3397.873,IN
CBAM-01194580,72083900,561.481,tonne,1760.057,TR
CBAM-65551234,76011000,436.154,tonne,3330.729,UA
CBAM-90000179,28070010,46.914,tonne,2080.18,MA
CBAM-18056813,31021000,599.77,tonne,790.529,CN
CBAM-39098701,27160000,175.06,tonne,4287.867,IN
CBAM-94533585,25232900,43.856,tonne,4640.761,TR
CBAM-92432638,72083900,949.942,tonne,3796.235,UA
CBAM-36622510,76011000,203.691,tonne,1070.123,MA
CBAM-20045631,28070010,988.577,tonne,2395.989,CN
CBAM-62810631,31021000,158.452,tonne,1569.018,IN
CBAM-94602258,27160000,318.307,tonne,4583.694,TR
CBAM-79829755,25232900,100.77,tonne,2360.345,UA
CBAM-41905832,72083900,671.589,tonne,538.579,MA
CBAM-19884970,76011000,339.356,tonne,2154.705,CN
CBAM-67130411,28070010,731.028,tonne,2913.394,IN
CBAM-43749368,31021000,148.112,tonne,1517.249,TR
CBAM-34918270,27160000,122.131,tonne,745.334,UA
CBAM-00554522,25232900,500.34,tonne,3584.048,MA
CBAM-78524312,72083900,2.233,tonne,830.327,CN
CBAM-22326024,76011000,445.701,tonne,4611.218,IN
CBAM-40299666,28070010,58.079,tonne,3532.033,TR
CBAM-68352144,31021000,748.927,tonne,1396.3,UA
CBAM-20043767,27160000,991.713,tonne,2176.799,MA
CBAM-31719620,25232900,682.723,tonne,4952.454,CN
CBAM-33916229,72083900,48.63,tonne,763.401,IN
CBAM-57250011,76011000,331.358,tonne,3140.96,TR
CBAM-16684384,28070010,424.253,tonne,126.572,UA
CBAM-59608318,31021000,740.771,tonne,2381.027,MA
CBAM-28015440,27160000,48.072,tonne,3113.659,CN
CBAM-39353337,25232900,785.75,tonne,23.934,IN
CBAM-18193874,72083900,796.291,tonne,547.424,TR
CBAM-75118915,76011000,367.251,tonne,4246.192,UA
CBAM-01314209,28070010,549.002,tonne,121.687,MA
CBAM-79193632,31021000,694.872,tonne,3696.298,CN
CBAM-85236211,27160000,973.73,tonne,1656.342,IN
CBAM-01607481,25232900,279.774,tonne,1823.787,TR
CBAM-59935507,72083900,494.003,tonne,2349.579,UA
CBAM-59498229,76011000,857.042,tonne,1596.842,MA
CBAM-57479347,28070010,5.551,tonne,3145.67,CN
CBAM-43320064,31021000,746.775,tonne,760.465,IN
CBAM-90773101,27160000,251.682,tonne,4018.165,TR
CBAM-45742992,25232900,475.974,tonne,992.404,UA
CBAM-12845963,72083900,217.195,tonne,4816.816,MA
CBAM-20286885,76011000,551.281,tonne,774.825,CN
CBAM-23813988,28070010,42.321,tonne,2649.821,IN
CBAM-79905811,31021000,559.653,tonne,2816.605,TR
CBAM-26282253,27160000,730.089,tonne,1354.427,UA
CBAM-18017955,25232900,599.96,tonne,2266.727,MA
CBAM-70597966,72083900,491.04,tonne,3872.054,CN
CBAM-39602600,76011000,178.151,tonne,2217.018,IN
CBAM-46694827,28070010,154.605,tonne,4759.95,TR
CBAM-78774471,31021000,673.534,tonne,3410.507,UA
CBAM-66825646,27160000,17.639,tonne,3868.727,MA
CBAM-73837486,25232900,929.829,tonne,4027.157,CN
CBAM-19001218,72083900,833.826,tonne,4433.636,IN
CBAM-58079961,76011000,843.88,tonne,2492.848,TR
CBAM-67543896,28070010,683.853,tonne,2759.38,UA
CBAM-09022314,31021000,49.994,tonne,2618.543,MA
CBAM-92816841,27160000,777.164,tonne,2127.066,CN
CBAM-19489985,25232900,547.714,tonne,4273.768,IN
CBAM-71913653,72083900,477.267,tonne,568.837,TR
CBAM-81838208,76011000,70.156,tonne,2321.348,UA
CBAM-00384117,28070010,128.754,tonne,4055.573,MA
CBAM-29652597,31021000,830.511,tonne,1623.391,CN
CBAM-33972264,27160000,124.918,tonne,2725.108,IN
CBAM-29148099,25232900,938.19,tonne,2961.015,TR
CBAM-15106130,72083900,593.704,tonne,3459.012,UA
CBAM-38853872,76011000,955.803,tonne,1682.711,MA
CBAM-22441135,28070010,536.028,tonne,53.231,CN
CBAM-42388025,31021000,149.056,tonne,3501.8,IN
CBAM-01584280,27160000,459.797,tonne,4014.311,TR
CBAM-60030016,25232900,137.386,tonne,2015.607,UA
CBAM-50990411,72083900,726.695,tonne,2133.97,MA
CBAM-54487757,76011000,143.75,tonne,2071.891,CN
CBAM-39076272,28070010,298.681,tonne,888.029,IN
CBAM-55020213,31021000,642.159,tonne,827.479,TR
CBAM-75423837,27160000,530.034,tonne,4363.728,UA
CBAM-82084997,25232900,867.478,tonne,2813.28,MA
CBAM-86840618,72083900,754.986,tonne,1788.845,CN
CBAM-44706760,76011000,517.483,tonne,2877.434,IN
CBAM-30747341,28070010,725.361,tonne,218.542,TR
CBAM-86708767,31021000,569.51,tonne,2800.751,UA
CBAM-69404635,27160000,410.449,tonne,261.761,MA
CBAM-14054726,25232900,250.041,tonne,593.84,CN
CBAM-76982433,72083900,147.77,tonne,4188.752,IN
CBAM-90772451,76011000,911.862,tonne,4901.142,TR
CBAM-12537776,28070010,47.316,tonne,1568.025,UA
CBAM-51242898,31021000,452.191,tonne,4360.634,MA
CBAM-36221722,27160000,462.691,tonne,361.747,CN
CBAM-26490807,25232900,50.448,tonne,1372.308,IN
CBAM-03202706,72083900,229.904,tonne,4832.9,TR
CBAM-85443625,76011000,624.413,tonne,4181.724,UA
CBAM-55405011,28070010,977.159,tonne,4469.571,MA
CBAM-64380008,31021000,229.483,tonne,3269.369,CN
CBAM-32837286,27160000,478.49,tonne,1552.85,IN
CBAM-10073964,25232900,91.148,tonne,2823.124,TR
CBAM-19775388,72083900,585.889,tonne,4043.137,UA
CBAM-04292226,76011000,615.506,tonne,1468.635,MA
CBAM-62458497,28070010,909.329,tonne,4684.7,CN
CBAM-48690816,31021000,406.033,tonne,3191.134,IN
CBAM-46492516,27160000,750.512,tonne,4567.064,TR
CBAM-17003277,25232900,114.403,tonne,3249.589,UA
CBAM-57172988,72083900,345.719,tonne,3031.756,MA
CBAM-18550763,76011000,355.061,tonne,4108.11,CN
CBAM-40555650,28070010,604.527,tonne,2598.464,IN
CBAM-10544056,31021000,68.717,tonne,3045.798,TR
CBAM-31489530,27160000,17.089,tonne,880.428,UA
CBAM-81386858,25232900,313.096,tonne,4028.286,MA
CBAM-00660997,72083900,491.394,tonne,2151.782,CN
CBAM-22976558,76011000,425.026,tonne,1277.074,IN
CBAM-31601491,28070010,664.94,tonne,3104.189,TR
CBAM-50081780,31021000,275.405,tonne,644.444,UA
CBAM-45856592,27160000,620.165,tonne,3471.643,MA
CBAM-31177395,25232900,63.43,tonne,113.321,CN
CBAM-29558603,72083900,302.4,tonne,3639.358,IN
CBAM-56516486,76011000,388.011,tonne,3788.782,TR
CBAM-89619712,28070010,810.145,tonne,479.504,UA
CBAM-18086755,31021000,907.969,tonne,876.929,MA
CBAM-13226698,27160000,556.562,tonne,296.917,CN
CBAM-51068368,25232900,961.51,tonne,2312.383,IN
CBAM-08032774,72083900,419.278,tonne,300.819,TR
CBAM-28504021,76011000,323.677,tonne,430.731,UA
CBAM-94830368,28070010,95.45,tonne,1147.898,MA
CBAM-35644198,31021000,416.512,tonne,413.787,CN
CBAM-27206163,27160000,14.309,tonne,2766.785,IN
CBAM-82953172,25232900,411.89,tonne,1237.346,TR
CBAM-20030129,72083900,380.619,tonne,4948.392,UA
CBAM-98325030,76011000,935.995,tonne,2922.612,MA
CBAM-38134875,28070010,404.57,tonne,3624.581,CN
CBAM-30109990,31021000,47.485,tonne,3795.377,IN
CBAM-55466548,27160000,776.255,tonne,1617.19,TR
CBAM-02444763,25232900,813.304,tonne,1251.393,UA
CBAM-41303714,72083900,775.284,tonne,4274.427,MA
CBAM-05865407,76011000,204.484,tonne,2418.592,CN
CBAM-01287375,28070010,337.048,tonne,3859.838,IN
CBAM-41224201,31021000,276.567,tonne,1060.264,TR
CBAM-07747426,27160000,524.815,tonne,3271.034,UA
CBAM-62910426,25232900,456.475,tonne,3188.289,MA
CBAM-85984094,72083900,260.339,tonne,3228.999,CN
CBAM-26597751,76011000,721.863,tonne,4950.99,IN
CBAM-80594306,28070010,875.143,tonne,3043.736,TR
CBAM-76345401,31021000,730.391,tonne,3797.679,UA
CBAM-81616597,27160000,91.626,tonne,2423.786,MA
CBAM-30497405,25232900,658.048,tonne,958.342,CN
CBAM-50625126,72083900,922.159,tonne,1441.11,IN
CBAM-54297962,76011000,430.621,tonne,1780.627,TR
CBAM-10582259,28070010,226.613,tonne,3381.865,UA
CBAM-52302950,31021000,296.984,tonne,4963.775,MA
CBAM-62770170,27160000,204.423,tonne,2587.017,CN
CBAM-04490159,25232900,12.328,tonne,363.469,IN
CBAM-00736343,72083900,694.592,tonne,2829.341,TR
CBAM-40291899,76011000,491.546,tonne,3897.429,UA
CBAM-31308713,28070010,400.688,tonne,3857.63,MA
CBAM-48000290,31021000,105.751,tonne,2055.895,CN
CBAM-10367600,27160000,934.782,tonne,3306.352,IN
CBAM-80954171,25232900,489.297,tonne,4563.515,TR
CBAM-47190541,72083900,873.224,tonne,1014.701,UA
CBAM-48604138,76011000,747.36,tonne,1801.428,MA
CBAM-13954142,28070010,687.437,tonne,3602.573,CN
CBAM-42470868,31021000,951.118,tonne,4508.62,IN
CBAM-02918020,27160000,883.759,tonne,147.431,TR
CBAM-28054260,25232900,384.677,tonne,3245.593,UA
CBAM-28534385,72083900,569.725,tonne,613.397,MA
CBAM-08449759,76011000,391.364,tonne,4162.612,CN
CBAM-51815804,28070010,442.048,tonne,3143.212,IN
CBAM-04825981,31021000,771.558,tonne,3288.628,TR
CBAM-79046685,27160000,414.995,tonne,268.388,UA
CBAM-28218849,25232900,404.013,tonne,4321.926,MA
CBAM-91374015,72083900,375.608,tonne,2679.665,CN
CBAM-36206991,76011000,594.584,tonne,4648.313,IN
CBAM-16425947,28070010,968.867,tonne,3422.596,TR
CBAM-23383579,31021000,230.827,tonne,2516.369,UA
CBAM-57447122,27160000,258.586,tonne,1211.576,MA
CBAM-12032098,25232900,703.889,tonne,4959.441,CN
CBAM-24667906,72083900,647.586,tonne,3140.836,IN
CBAM-40637656,76011000,678.387,tonne,1321.64,TR
CBAM-87494242,28070010,702.56,tonne,3871.145,UA
CBAM-07872698,31021000,3.738,tonne,1087.139,MA
CBAM-37397132,27160000,801.327,tonne,4315.747,CN
CBAM-46744839,25232900,598.384,tonne,1894.04,IN
CBAM-46946492,72083900,389.125,tonne,2064.434,TR
CBAM-13836130,76011000,172.748,tonne,1611.493,UA
CBAM-22537404,28070010,103.572,tonne,221.457,MA
CBAM-60548105,31021000,690.181,tonne,3106.897,CN
CBAM-26755326,27160000,789.184,tonne,4072.046,IN
CBAM-22619426,25232900,994.231,tonne,1219.495,TR
CBAM-71139545,72083900,132.569,tonne,2285.537,UA
CBAM-43130694,76011000,798.087,tonne,1598.061,MA
CBAM-23038281,28070010,823.229,tonne,3349.355,CN
CBAM-30789534,31021000,244.243,tonne,105.082,IN
CBAM-30479122,27160000,722.757,tonne,3286.023,TR
CBAM-39533148,25232900,800.258,tonne,1168.648,UA
CBAM-56875122,72083900,56.772,tonne,1274.307,MA
CBAM-51327964,76011000,457.938,tonne,2505.801,CN
CBAM-77738694,28070010,651.675,tonne,2633.553,IN
CBAM-51010031,31021000,598.658,tonne,3426.581,TR
CBAM-86172275,27160000,213.08,tonne,1423.382,UA
CBAM-01958673,25232900,43.675,tonne,4537.682,MA
CBAM-64285766,72083900,409.238,tonne,3786.156,CN
CBAM-69050826,76011000,593.058,tonne,336.152,IN
CBAM-39132151,28070010,237.04,tonne,4285.894,TR
CBAM-72395267,31021000,742.533,tonne,2539.382,UA
CBAM-22307713,27160000,261.082,tonne,1881.52,MA
CBAM-72276997,25232900,3.791,tonne,1541.706,CN
CBAM-29623833,72083900,238.46,tonne,4610.835,IN
CBAM-82729614,76011000,897.961,tonne,3323.578,TR
CBAM-97568743,28070010,20.136,tonne,2203.292,UA
CBAM-05101142,31021000,59.337,tonne,4936.588,MA
CBAM-71064846,27160000,334.085,tonne,805.218,CN
CBAM-88123080,25232900,413.191,tonne,4840.649,IN
CBAM-77858207,72083900,51.506,tonne,1657.385,TR
CBAM-58949870,76011000,153.237,tonne,2187.766,UA
CBAM-99813464,28070010,773.346,tonne,4344.439,MA
CBAM-11723441,31021000,936.54,tonne,4359.225,CN
CBAM-19538838,27160000,532.389,tonne,403.4,IN
CBAM-69716190,25232900,605.164,tonne,919.34,TR
CBAM-52008703,72083900,572.025,tonne,1747.238,UA
CBAM-73192118,76011000,793.157,tonne,967.488,MA
CBAM-15399921,28070010,45.639,tonne,265.669,CN
CBAM-53133760,31021000,997.619,tonne,633.929,IN
CBAM-87618103,27160000,454.018,tonne,4516.595,TR
CBAM-64372752,25232900,891.152,tonne,4790.75,UA
CBAM-37189082,72083900,600.479,tonne,192.798,MA
CBAM-66880917,76011000,540.485,tonne,2511.237,CN
CBAM-92777328,28070010,780.356,tonne,2451.666,IN
CBAM-49193798,31021000,339.885,tonne,3824.623,TR
CBAM-64843631,27160000,786.282,tonne,1278.311,UA
CBAM-86492102,25232900,272.429,tonne,4168.566,MA
CBAM-12714522,72083900,767.451,tonne,4671.16,CN
CBAM-78506034,76011000,256.377,tonne,4165.964,IN
CBAM-13162088,28070010,795.776,tonne,3704.852,TR
CBAM-93393642,31021000,643.133,tonne,1234.144,UA
CBAM-52037775,27160000,2.478,tonne,3319.101,MA
CBAM-46010372,25232900,94.213,tonne,4597.032,CN
CBAM-49770716,72083900,708.607,tonne,3412.593,IN
CBAM-97769334,76011000,650.812,tonne,2211.937,TR
CBAM-27567700,28070010,436.052,tonne,1369.358,UA
CBAM-74232247,31021000,891.19,tonne,1194.079,MA
CBAM-79691979,27160000,524.114,tonne,3075.381,CN
CBAM-38021474,25232900,97.931,tonne,3631.727,IN
CBAM-07056044,72083900,163.523,tonne,2827.267,TR
CBAM-32126053,76011000,575.729,tonne,2174.224,UA
CBAM-73727457,28070010,550.332,tonne,4526.405,MA
CBAM-95051178,31021000,637.488,tonne,2099.796,CN
CBAM-11353299,27160000,512.816,tonne,3675.379,IN
CBAM-80908014,25232900,863.881,tonne,207.201,TR
CBAM-26671345,72083900,656.734,tonne,4005.817,UA
CBAM-51579455,76011000,59.047,tonne,3176.658,MA
CBAM-52496764,28070010,40.61,tonne,781.517,CN
CBAM-10135102,31021000,111.933,tonne,945.383,IN
CBAM-85709438,27160000,587.053,tonne,4612.165,TR
CBAM-10895203,25232900,952.786,tonne,2157.012,UA
CBAM-70278119,72083900,102.139,tonne,1121.372,MA
CBAM-12844597,76011000,837.85,tonne,1961.497,CN
CBAM-83528526,28070010,573.785,tonne,1377.032,IN
CBAM-50750479,31021000,6.331,tonne,1279.999,TR
CBAM-83788193,27160000,396.468,tonne,64.014,UA
CBAM-46847302,25232900,770.192,tonne,4239.44,MA
CBAM-97309149,72083900,762.095,tonne,4746.896,CN
CBAM-09954649,76011000,574.285,tonne,1070.654,IN
CBAM-46072639,28070010,820.866,tonne,4223.592,TR
CBAM-22075166,31021000,765.652,tonne,350.314,UA
CBAM-74239817,27160000,753.888,tonne,3193.597,MA
CBAM-12053280,25232900,642.687,tonne,3618.058,CN
CBAM-47744824,72083900,583.398,tonne,1949.269,IN
CBAM-51507151,76011000,84.418,tonne,254.411,TR
CBAM-66295818,28070010,101.989,tonne,2344.317,UA
CBAM-91197910,31021000,500.651,tonne,3469.825,MA
CBAM-36630604,27160000,759.968,tonne,1715.136,CN
CBAM-80040296,25232900,16.845,tonne,3146.148,IN
CBAM-90836541,72083900,223.952,tonne,4638.348,TR
CBAM-96858851,76011000,806.858,tonne,4887.11,UA
CBAM-01988742,28070010,359.062,tonne,1147.058,MA
CBAM-94862888,31021000,166.375,tonne,4252.142,CN
CBAM-24218195,27160000,16.792,tonne,3099.026,IN
CBAM-06984517,25232900,806.259,tonne,654.159,TR
CBAM-62618032,72083900,167.773,tonne,121.208,UA
CBAM-31453807,76011000,996.874,tonne,4196.062,MA
CBAM-78295681,28070010,600.782,tonne,4866.821,CN
CBAM-37792788,31021000,444.555,tonne,619.808,IN
CBAM-51549024,27160000,765.575,tonne,4150.28,TR
CBAM-02055616,25232900,302.11,tonne,383.503,UA
CBAM-67968627,72083900,49.471,tonne,1048.196,MA
CBAM-97712850,76011000,170.791,tonne,2080.332,CN
CBAM-82687627,28070010,8.582,tonne,1487.563,IN
CBAM-54748262,31021000,122.833,tonne,2421.044,TR
CBAM-09740531,27160000,983.829,tonne,516.24,UA
CBAM-67555594,25232900,448.453,tonne,2724.135,MA
CBAM-08060329,72083900,880.448,tonne,905.414,CN
CBAM-49416527,76011000,601.164,tonne,3535.777,IN
CBAM-44736029,28070010,653.511,tonne,4571.485,TR
CBAM-15342472,31021000,773.562,tonne,2795.056,UA
CBAM-81580885,27160000,929.94,tonne,2351.833,MA
CBAM-59245252,25232900,992.262,tonne,3712.076,CN
CBAM-54129801,72083900,45.846,tonne,4130.071,IN
CBAM-17868451,76011000,290.137,tonne,3997.57,TR
CBAM-84186104,28070010,448.828,tonne,1623.098,UA
CBAM-17549454,31021000,244.335,tonne,575.4,MA
CBAM-71997341,27160000,469.012,tonne,607.314,CN
CBAM-47274387,25232900,512.702,tonne,2276.359,IN
CBAM-71726928,72083900,906.893,tonne,3865.145,TR
CBAM-31568439,76011000,837.986,tonne,1272.302,UA
CBAM-63139063,28070010,930.246,tonne,2742.685,MA
CBAM-49196684,31021000,857.547,tonne,3439.786,CN
CBAM-78749967,27160000,491.248,tonne,4129.693,IN
CBAM-32902492,25232900,137.077,tonne,736.061,TR
CBAM-72375761,72083900,896.491,tonne,3881.85,UA
CBAM-69502401,76011000,136.659,tonne,2415.195,MA
CBAM-82010286,28070010,410.716,tonne,1341.924,CN
CBAM-18030792,31021000,684.14,tonne,2653.278,IN
CBAM-71732775,27160000,233.893,tonne,4413.275,TR
CBAM-75166456,25232900,51.956,tonne,274.102,UA
CBAM-37073466,72083900,204.058,tonne,3157.026,MA
CBAM-66982760,76011000,313.585,tonne,306.355,CN
CBAM-28226317,28070010,73.307,tonne,3943.443,IN
CBAM-21041351,31021000,695.081,tonne,2473.791,TR
CBAM-35902828,27160000,420.103,tonne,2578.388,UA
CBAM-28345844,25232900,336.976,tonne,1143.965,MA
CBAM-39775136,72083900,62.269,tonne,4752.549,CN
CBAM-96753436,76011000,217.414,tonne,4315.517,IN
CBAM-98262329,28070010,55.277,tonne,1584.03,TR
CBAM-88710991,31021000,235.34,tonne,633.044,UA
CBAM-37043870,27160000,387.971,tonne,1927.132,MA
CBAM-66549499,25232900,244.61,tonne,527.688,CN
CBAM-47527278,72083900,563.123,tonne,3266.03,IN
CBAM-53917169,76011000,837.987,tonne,3557.803,TR
CBAM-42843780,28070010,213.118,tonne,1265.146,UA
CBAM-47705496,31021000,75.882,tonne,3651.45,MA
CBAM-52442686,27160000,585.505,tonne,2511.68,CN
CBAM-79556948,25232900,852.604,tonne,2648.201,IN
CBAM-11443352,72083900,570.501,tonne,4797.706,TR
CBAM-89107338,76011000,255.426,tonne,2579.019,UA
CBAM-97551124,28070010,999.055,tonne,2198.3,MA
CBAM-38095414,31021000,367.47,tonne,504.893,CN
CBAM-81749738,27160000,98.303,tonne,935.241,IN
CBAM-11249144,25232900,760.801,tonne,4475.883,TR
CBAM-82231475,72083900,131.112,tonne,4384.569,UA
CBAM-58680284,76011000,812.947,tonne,3814.357,MA
CBAM-29722270,28070010,351.328,tonne,94.949,CN
CBAM-03382983,31021000,10.832,tonne,2874.497,IN
CBAM-89042113,27160000,346.36,tonne,134.304,TR
CBAM-98083066,25232900,631.4,tonne,80.83,UA
CBAM-82489615,72083900,720.322,tonne,3518.475,MA
CBAM-07632514,76011000,509.398,tonne,940.944,CN
CBAM-50637068,28070010,846.106,tonne,4865.55,IN
CBAM-60329339,31021000,864.829,tonne,2643.664,TR
CBAM-38829555,27160000,568.551,tonne,303.822,UA
CBAM-43379146,25232900,689.733,tonne,3733.624,MA
CBAM-67540790,72083900,21.586,tonne,3692.817,CN
CBAM-58435065,76011000,729.086,tonne,926.155,IN
CBAM-39749384,28070010,319.532,tonne,470.54,TR
CBAM-60530908,31021000,631.575,tonne,4523.691,UA
CBAM-11934886,27160000,978.479,tonne,3604.489,MA
CBAM-96075625,25232900,248.766,tonne,3628.197,CN
CBAM-63456893,72083900,256.029,tonne,3847.496,IN
CBAM-09117344,76011000,173.721,tonne,685.809,TR
CBAM-35188480,28070010,234.71,tonne,3251.114,UA
CBAM-10605919,31021000,385.867,tonne,3700.611,MA
CBAM-75345283,27160000,917.461,tonne,161.951,CN
CBAM-49718186,25232900,461.757,tonne,2333.301,IN
CBAM-49928478,72083900,511.579,tonne,2371.742,TR
CBAM-68406126,76011000,966.564,tonne,242.116,UA
CBAM-07353785,28070010,113.476,tonne,2449.092,MA
CBAM-78940214,31021000,984.098,tonne,721.725,CN
CBAM-06755852,27160000,83.22,tonne,908.859,IN
CBAM-91002685,25232900,187.984,tonne,2071.938,TR
CBAM-26709183,72083900,504.832,tonne,1849.178,UA
CBAM-27125936,76011000,641.776,tonne,216.615,MA
CBAM-42289624,28070010,664.816,tonne,3951.964,CN
CBAM-09938915,31021000,598.053,tonne,4263.749,IN
CBAM-54306405,27160000,559.838,tonne,4866.405,TR
CBAM-42621745,25232900,109.953,tonne,2602.129,UA
CBAM-89595573,72083900,740.573,tonne,1197.856,MA
CBAM-46071701,76011000,973.102,tonne,3214.618,CN
CBAM-64839939,28070010,229.006,tonne,2519.686,IN
CBAM-17497265,31021000,570.576,tonne,1771.088,TR
CBAM-70093142,27160000,448.849,tonne,392.659,UA
CBAM-33835320,25232900,304.82,tonne,1895.193,MA
CBAM-21772610,72083900,482.599,tonne,1351.077,CN
CBAM-65388765,76011000,714.413,tonne,4720.702,IN
CBAM-49126231,28070010,180.101,tonne,2165.235,TR
CBAM-01349825,31021000,146.783,tonne,362.813,UA
CBAM-93807528,27160000,50.242,tonne,697.588,MA
CBAM-44135659,25232900,325.71,tonne,4006.771,CN
CBAM-51643962,72083900,331.408,tonne,651.339,IN
CBAM-77079980,76011000,959.445,tonne,273.688,TR
CBAM-75287303,28070010,931.96,tonne,3622.361,UA
CBAM-15697953,31021000,261.765,tonne,1085.228,MA
CBAM-87222791,27160000,600.599,tonne,2370.629,CN
CBAM-49989091,25232900,844.936,tonne,572.536,IN
CBAM-19729644,72083900,193.87,tonne,2075.832,TR
CBAM-18674358,76011000,781.245,tonne,2355.264,UA
CBAM-97923076,28070010,238.777,tonne,3933.238,MA
CBAM-30167094,31021000,169.925,tonne,2552.002,CN
CBAM-36408705,27160000,979.994,tonne,1307.719,IN
CBAM-85282219,25232900,476.806,tonne,179.683,TR
CBAM-99799202,72083900,657.795,tonne,3066.071,UA
CBAM-19803199,76011000,575.849,tonne,564.066,MA
CBAM-45839562,28070010,708.756,tonne,4392.806,CN
CBAM-69528269,31021000,55.89,tonne,3996.83,IN
CBAM-02079284,27160000,565.629,tonne,179.548,TR
CBAM-35960066,25232900,38.246,tonne,3832.09,UA
CBAM-13087792,72083900,794.43,tonne,2669.396,MA
CBAM-80428740,76011000,981.138,tonne,1247.771,CN
CBAM-65463250,28070010,32.986,tonne,1151.444,IN
CBAM-74006211,31021000,265.806,tonne,4302.346,TR
CBAM-51581879,27160000,473.826,tonne,4077.234,UA
CBAM-16006563,25232900,52.697,tonne,4559.036,MA
CBAM-04880748,72083900,494.395,tonne,2032.345,CN
CBAM-15172840,76011000,473.047,tonne,813.127,IN
CBAM-75861765,28070010,213.373,tonne,742.149,TR
CBAM-56966084,31021000,499.293,tonne,1717.226,UA
CBAM-80860345,27160000,599.489,tonne,3265.906,MA
CBAM-54812379,25232900,865.404,tonne,699.878,CN
CBAM-31857867,72083900,911.375,tonne,4591.079,IN
CBAM-57142864,76011000,902.087,tonne,3506.784,TR
CBAM-02937629,28070010,765.494,tonne,4818.718,UA
CBAM-83669692,31021000,654.466,tonne,131.222,MA
CBAM-74393336,27160000,188.986,tonne,3832.68,CN
CBAM-71670039,25232900,904.596,tonne,1793.573,IN
CBAM-44088912,72083900,487.83,tonne,2041.243,TR
CBAM-11255119,76011000,542.018,tonne,3933.637,UA
CBAM-10693501,28070010,164.998,tonne,4429.382,MA
CBAM-01039347,31021000,301.85,tonne,4281.441,CN
CBAM-29313526,27160000,514.87,tonne,898.945,IN
CBAM-50519912,25232900,430.244,tonne,4644.091,TR
CBAM-62177860,72083900,612.878,tonne,2213.946,UA
CBAM-60214139,76011000,999.53,tonne,691.367,MA
CBAM-30296464,28070010,191.402,tonne,3197.929,CN
CBAM-24659669,31021000,57.909,tonne,2201.629,IN
CBAM-17281057,27160000,250.152,tonne,3233.72,TR
CBAM-91985411,25232900,344.658,tonne,2737.332,UA
CBAM-94682046,72083900,585.783,tonne,334.344,MA
CBAM-89172372,76011000,940.05,tonne,283.21,CN
CBAM-27113659,28070010,41.853,tonne,2386.861,IN
CBAM-35226836,31021000,774.335,tonne,3527.63,TR
CBAM-84114887,27160000,533.577,tonne,4562.934,UA
CBAM-80653769,25232900,50.288,tonne,2466.188,MA
CBAM-45269346,72083900,941.652,tonne,1791.454,CN
CBAM-59739698,76011000,238.398,tonne,2495.983,IN
CBAM-82103275,28070010,155.627,tonne,4541.469,TR
CBAM-68487269,31021000,546.689,tonne,2661.081,UA
CBAM-72355204,27160000,217.021,tonne,3286.216,MA
CBAM-43817552,25232900,782.459,tonne,4129.929,CN
CBAM-74266511,72083900,913.74,tonne,2623.911,IN
CBAM-50591349,76011000,213.695,tonne,1976.498,TR
CBAM-75001790,28070010,133.954,tonne,916.683,UA
CBAM-87557057,31021000,950.472,tonne,3557.194,MA
CBAM-90049532,27160000,796.032,tonne,2432.426,CN
CBAM-65776628,25232900,993.211,tonne,3258.425,IN
CBAM-24292332,72083900,334.809,tonne,3899.154,TR
CBAM-82989701,76011000,282.628,tonne,2790.321,UA
CBAM-56637445,28070010,645.494,tonne,2446.3,MA
CBAM-43580859,31021000,958.342,tonne,4977.726,CN
CBAM-50671437,27160000,168.69,tonne,3343.947,IN
CBAM-61385766,25232900,191.828,tonne,4389.62,TR
CBAM-73447390,72083900,579.058,tonne,282.373,UA
CBAM-79045313,76011000,810.175,tonne,1335.991,MA
CBAM-73496005,28070010,518.619,tonne,2058.823,CN
CBAM-17508505,31021000,840.343,tonne,2409.293,IN
CBAM-37335567,27160000,172.713,tonne,4987.514,TR
CBAM-54102065,25232900,944.44,tonne,4668.399,UA
CBAM-57631883,72083900,644.53,tonne,1539.788,MA
CBAM-67510440,76011000,96.395,tonne,2951.703,CN
CBAM-33577941,28070010,33.731,tonne,2840.373,IN
CBAM-81301022,31021000,439.548,tonne,64.784,TR
CBAM-44654574,27160000,293.638,tonne,265.897,UA
CBAM-42186011,25232900,438.802,tonne,4348.545,MA
CBAM-66950762,72083900,62.301,tonne,2320.743,CN
CBAM-19645724,76011000,437.895,tonne,323.535,IN
CBAM-91347397,28070010,419.907,tonne,2725.897,TR
CBAM-14583022,31021000,866.664,tonne,4384.742,UA
CBAM-85963675,27160000,302.228,tonne,382.588,MA
CBAM-39526018,25232900,573.649,tonne,2515.842,CN
CBAM-07276864,72083900,953.819,tonne,3980.654,IN
CBAM-28480892,76011000,512.78,tonne,4440.115,TR
CBAM-29920578,28070010,621.843,tonne,4699.502,UA
CBAM-82085494,31021000,280.856,tonne,3511.249,MA
CBAM-96733325,27160000,554.494,tonne,2194.214,CN
CBAM-01506081,25232900,460.52,tonne,1976.686,IN
CBAM-02909822,72083900,579.53,tonne,4150.783,TR
CBAM-32814964,76011000,414.837,tonne,2762.679,UA
CBAM-36667907,28070010,519.443,tonne,4024.4,MA
CBAM-05514033,31021000,518.172,tonne,2646.311,CN
CBAM-56754978,27160000,659.489,tonne,4664.08,IN
CBAM-49268942,25232900,53.957,tonne,1744.121,TR
CBAM-59728192,72083900,510.196,tonne,1374.288,UA
CBAM-07908705,76011000,20.851,tonne,1238.414,MA
CBAM-87752329,28070010,211.908,tonne,4718.668,CN
CBAM-66720986,31021000,51.101,tonne,1412.989,IN
CBAM-12337368,27160000,552.383,tonne,1857.572,TR
CBAM-97334936,25232900,27.642,tonne,4424.684,UA
CBAM-56747583,72083900,484.737,tonne,3480.316,MA
CBAM-43378083,76011000,306.208,tonne,2837.849,CN
CBAM-48421076,28070010,550.386,tonne,2505.661,IN
CBAM-31652879,31021000,567.974,tonne,2441.807,TR
CBAM-41930879,27160000,628.528,tonne,1862.164,UA
CBAM-18589765,25232900,326.653,tonne,615.708,MA
CBAM-82966954,72083900,218.728,tonne,803.276,CN
CBAM-47688830,76011000,890.372,tonne,664.239,IN
CBAM-44481065,28070010,718.802,tonne,2288.056,TR
CBAM-29411161,31021000,165.945,tonne,3566.857,UA
CBAM-80764374,27160000,135.568,tonne,3759.523,MA
CBAM-03427793,25232900,865.985,tonne,5006.082,CN
CBAM-39758038,72083900,770.118,tonne,188.538,IN
CBAM-03995324,76011000,155.936,tonne,1593.366,TR
CBAM-28520944,28070010,810.558,tonne,1895.523,UA
CBAM-31805572,31021000,13.398,tonne,2619.654,MA
CBAM-47404550,27160000,353.829,tonne,2021.492,CN
CBAM-28283133,25232900,474.524,tonne,1470.313,IN
CBAM-68821766,72083900,327.523,tonne,1631.484,TR
CBAM-13546318,76011000,955.546,tonne,4735.928,UA
CBAM-85219672,28070010,62.797,tonne,1034.021,MA
CBAM-65253832,31021000,533.107,tonne,4190.735,CN
CBAM-99279875,27160000,498.48,tonne,4146.398,IN
CBAM-91805450,25232900,870.451,tonne,470.478,TR
CBAM-74680275,72083900,458.671,tonne,51.156,UA
CBAM-79032135,76011000,248.345,tonne,4803.706,MA
CBAM-62728343,28070010,890.472,tonne,893.71,CN
CBAM-87125030,31021000,948.402,tonne,453.974,IN
CBAM-50481934,27160000,570.425,tonne,1728.036,TR
CBAM-35657406,25232900,60.958,tonne,904.165,UA
CBAM-02407018,72083900,999.115,tonne,238.619,MA
CBAM-52382953,76011000,553.944,tonne,256.415,CN
CBAM-20064546,28070010,676.935,tonne,1311.933,IN
CBAM-32634731,31021000,762.675,tonne,4281.555,TR
CBAM-06739691,27160000,284.234,tonne,2944.006,UA
CBAM-91247319,25232900,278.721,tonne,264.177,MA
CBAM-75331212,72083900,32.345,tonne,792.941,CN
CBAM-89059150,76011000,217.748,tonne,4151.227,IN
CBAM-14772984,28070010,955.164,tonne,1451.244,TR
CBAM-47139335,31021000,495.354,tonne,4762.777,UA
CBAM-36902004,27160000,565.442,tonne,4762.333,MA
CBAM-81860692,25232900,615.204,tonne,42.054,CN
CBAM-48559350,72083900,116.302,tonne,3276.555,IN
CBAM-69719056,76011000,164.402,tonne,2262.181,TR
CBAM-94481691,28070010,193.445,tonne,3765.625,UA
CBAM-39992481,31021000,237.391,tonne,237.27,MA
CBAM-87329063,27160000,574.086,tonne,4560.519,CN
CBAM-32940374,25232900,828.517,tonne,3279.479,IN
CBAM-10462246,72083900,773.35,tonne,1326.594,TR
CBAM-89008408,76011000,942.223,tonne,2429.143,UA
CBAM-43466873,28070010,661.435,tonne,4741.706,MA
CBAM-53339347,31021000,305.467,tonne,916.84,CN
CBAM-73627672,27160000,85.646,tonne,2516.613,IN
CBAM-02479787,25232900,317.564,tonne,2876.215,TR
CBAM-52342392,72083900,638.068,tonne,177.511,UA
CBAM-31492915,76011000,46.865,tonne,3780.311,MA
CBAM-63245981,28070010,520.815,tonne,2092.384,CN
CBAM-11079340,31021000,654.949,tonne,253.754,IN
CBAM-01285519,27160000,95.827,tonne,1493.273,TR
CBAM-54473589,25232900,172.375,tonne,2983.972,UA
CBAM-92887189,72083900,943.847,tonne,325.937,MA
CBAM-44892092,76011000,569.24,tonne,801.472,CN
CBAM-62514318,28070010,506.8,tonne,2516.249,IN
CBAM-15124805,31021000,998.498,tonne,1720.186,TR
CBAM-10299424,27160000,317.601,tonne,3966.801,UA
CBAM-37987006,25232900,327.503,tonne,1418.204,MA
CBAM-86773331,72083900,688.917,tonne,4064.672,CN
CBAM-63060535,76011000,9.408,tonne,1678.529,IN
CBAM-94175332,28070010,637.572,tonne,4912.341,TR
CBAM-75946743,31021000,992.351,tonne,1544.294,UA
CBAM-59938631,27160000,872.769,tonne,1403.35,MA
CBAM-61489014,25232900,597.569,tonne,4080.473,CN
CBAM-09017335,72083900,629.412,tonne,2772.322,IN
CBAM-92388132,76011000,978.386,tonne,3304.678,TR
CBAM-04102844,28070010,744.524,tonne,4610.927,UA
CBAM-83610240,31021000,398.944,tonne,1617.134,MA
CBAM-34328516,27160000,447.895,tonne,224.049,CN
CBAM-66574991,25232900,635.246,tonne,362.285,IN
CBAM-96784981,72083900,780.343,tonne,4198.285,TR
CBAM-01826479,76011000,805.96,tonne,2634.465,UA
CBAM-17885394,28070010,174.93,tonne,3132.155,MA
CBAM-65013257,31021000,963.535,tonne,2339.723,CN
CBAM-96942921,27160000,813.108,tonne,2339.268,IN
CBAM-01570025,25232900,160.432,tonne,1773.537,TR
CBAM-13376950,72083900,17.592,tonne,4665.767,UA
CBAM-49110649,76011000,803.576,tonne,4223.911,MA
CBAM-80417762,28070010,201.841,tonne,3077.024,CN
CBAM-75110029,31021000,470.848,tonne,2483.578,IN
CBAM-71312598,27160000,167.943,tonne,1277.111,TR
CBAM-76876498,25232900,304.471,tonne,4996.803,UA
CBAM-09764014,72083900,68.108,tonne,2654.013,MA
CBAM-03504291,76011000,580.707,tonne,3038.175,CN
CBAM-53312652,28070010,911.457,tonne,3676.871,IN
CBAM-99190716,31021000,625.297,tonne,4483.383,TR
CBAM-07359697,27160000,528.056,tonne,2467.826,UA
CBAM-80046713,25232900,230.878,tonne,497.852,MA
CBAM-60167455,72083900,681.525,tonne,598.568,CN
CBAM-75704602,76011000,929.973,tonne,470.117,IN
CBAM-71533697,28070010,380.13,tonne,4968.975,TR
CBAM-02462625,31021000,89.727,tonne,438.444,UA
CBAM-05511698,27160000,137.345,tonne,4846.367,MA
CBAM-15088357,25232900,31.204,tonne,229.262,CN
CBAM-40120504,72083900,461.108,tonne,3965.315,IN
CBAM-54313269,76011000,384.097,tonne,4490.345,TR
CBAM-42354637,28070010,564.124,tonne,2434.33,UA
CBAM-05052676,31021000,446.4,tonne,146.886,MA
CBAM-92000654,27160000,414.588,tonne,3130.375,CN
CBAM-14414748,25232900,191.738,tonne,597.15,IN
CBAM-88440843,72083900,163.316,tonne,2231.392,TR
CBAM-10440656,76011000,609.572,tonne,4672.035,UA
CBAM-11074355,28070010,599.246,tonne,5005.869,MA
CBAM-51522412,31021000,274.462,tonne,4067.067,CN
CBAM-32152998,27160000,704.418,tonne,4139.692,IN
CBAM-31528003,25232900,481.545,tonne,1342.52,TR
CBAM-00403165,72083900,130.719,tonne,85.865,UA
CBAM-51678005,76011000,527.348,tonne,274.888,MA
CBAM-68721850,28070010,405.178,tonne,604.709,CN
CBAM-83446515,31021000,92.861,tonne,2855.992,IN
CBAM-87155729,27160000,991.628,tonne,3971.221,TR
CBAM-45104658,25232900,456.569,tonne,4534.297,UA
CBAM-52495968,72083900,225,tonne,592.777,MA
CBAM-84770223,76011000,26.684,tonne,3923.821,CN
CBAM-26523141,28070010,22.234,tonne,3035.556,IN
CBAM-38520371,31021000,202.917,tonne,931.527,TR
CBAM-32935652,27160000,825.698,tonne,2058.033,UA
CBAM-85724552,25232900,447.22,tonne,2869.973,MA
CBAM-54700774,72083900,724.725,tonne,102.046,CN
CBAM-33584071,76011000,716.482,tonne,3327.03,IN
CBAM-50225908,28070010,77.359,tonne,451.111,TR
CBAM-42888610,31021000,587.54,tonne,2300.268,UA
CBAM-47776898,27160000,90.761,tonne,3327.676,MA
CBAM-40182627,25232900,192.732,tonne,3284.025,CN
CBAM-70094024,72083900,854.601,tonne,3482.483,IN
CBAM-91536141,76011000,6.165,tonne,4087.964,TR
CBAM-18086511,28070010,646.071,tonne,1537.878,UA
CBAM-63020306,31021000,390.159,tonne,693.771,MA
CBAM-44111390,27160000,679.797,tonne,1842.086,CN
CBAM-12938855,25232900,515.48,tonne,1887.942,IN
CBAM-12342917,72083900,994.664,tonne,4314.81,TR
CBAM-70225250,76011000,994.422,tonne,4629,UA
CBAM-93286614,28070010,485.804,tonne,1517.674,MA
CBAM-79079709,31021000,594.661,tonne,4299.318,CN
CBAM-58067237,27160000,781.073,tonne,3785.52,IN
CBAM-62225537,25232900,255.276,tonne,2367.809,TR
CBAM-57739327,72083900,630.753,tonne,1017.331,UA
CBAM-81711809,76011000,374.057,tonne,918.823,MA
CBAM-30568822,28070010,503.911,tonne,843.474,CN
CBAM-55400666,31021000,621.301,tonne,259.264,IN
CBAM-10396408,27160000,558.015,tonne,3901.69,TR
CBAM-72195390,25232900,515.97,tonne,1242.483,UA
CBAM-44347429,72083900,40.795,tonne,2513.872,MA
CBAM-59641290,76011000,329.825,tonne,395.115,CN
CBAM-66546193,28070010,885.061,tonne,4448.281,IN
CBAM-97602454,31021000,240.403,tonne,220.424,TR
CBAM-29608510,27160000,873.672,tonne,133.74,UA
CBAM-53448006,25232900,339.878,tonne,3776.043,MA
CBAM-52011381,72083900,490.105,tonne,1548.294,CN
CBAM-48628977,76011000,447.452,tonne,3122.716,IN
CBAM-62559936,28070010,452.325,tonne,1649.905,TR
CBAM-65851634,31021000,272.656,tonne,1818.414,UA
CBAM-74492122,27160000,36.819,tonne,647.108,MA
CBAM-23340847,25232900,618.652,tonne,3476.56,CN
CBAM-45333855,72083900,641.985,tonne,1960.617,IN
CBAM-07416278,76011000,216.63,tonne,395.353,TR
CBAM-43572417,28070010,600.962,tonne,3258.5,UA
CBAM-11199994,31021000,712.776,tonne,1970.009,MA
CBAM-86117613,27160000,166.674,tonne,1823.257,CN
CBAM-32690466,25232900,230.557,tonne,3219.396,IN
CBAM-82480054,72083900,767.332,tonne,2843.057,TR
CBAM-50428372,76011000,147.212,tonne,3750.186,UA
CBAM-46075767,28070010,506.762,tonne,4134.581,MA
CBAM-61308404,31021000,889.768,tonne,4231.846,CN
CBAM-87722239,27160000,49.815,tonne,4704.464,IN
CBAM-68085131,25232900,389.441,tonne,362.079,TR
CBAM-85750636,72083900,209.842,tonne,967.439,UA
CBAM-68971428,76011000,986.318,tonne,2587.596,MA
CBAM-87266128,28070010,163.959,tonne,2190.31,CN
CBAM-73066611,31021000,15.61,tonne,2581.367,IN
CBAM-81404679,27160000,713.234,tonne,2675.555,TR
CBAM-48998870,25232900,714.83,tonne,4837.325,UA
CBAM-51452496,72083900,706.599,tonne,3456.892,MA
CBAM-39200733,76011000,299.266,tonne,1395.333,CN
CBAM-14175580,28070010,119.545,tonne,1139.166,IN
CBAM-64874610,31021000,148.025,tonne,122.164,TR
CBAM-84255821,27160000,459.201,tonne,1215.645,UA
CBAM-38886938,25232900,377.806,tonne,29.916,MA
CBAM-91301248,72083900,499.09,tonne,1568.654,CN
CBAM-78583872,76011000,55.004,tonne,3459.145,IN
CBAM-97265021,28070010,435.805,tonne,129.56,TR
CBAM-33442884,31021000,680.857,tonne,130.537,UA
CBAM-88016838,27160000,23.153,tonne,1851.829,MA
CBAM-33342803,25232900,596.798,tonne,664.129,CN
CBAM-23239980,72083900,205.131,tonne,3864.644,IN
CBAM-91733069,76011000,39.406,tonne,589.787,TR
CBAM-72676608,28070010,317.326,tonne,1740.233,UA
CBAM-68917196,31021000,630.102,tonne,1642.385,MA
CBAM-62194397,27160000,843.769,tonne,4097.691,CN
CBAM-20326145,25232900,844.278,tonne,2963.111,IN
CBAM-62511664,72083900,149.567,tonne,1918.907,TR
CBAM-70658091,76011000,685.721,tonne,3369.882,UA
CBAM-28486530,28070010,313.882,tonne,2443.564,MA
CBAM-00294505,31021000,670.485,tonne,2672.684,CN
CBAM-47146621,27160000,423.004,tonne,3162.084,IN
CBAM-62957371,25232900,326.226,tonne,4699.67,TR
CBAM-39931917,72083900,275.821,tonne,3924.298,UA
CBAM-91127607,76011000,831.059,tonne,1242.017,MA
CBAM-01716947,28070010,445.276,tonne,2326.338,CN
CBAM-86410224,31021000,734.446,tonne,2612.198,IN
CBAM-31521256,27160000,224.724,tonne,4624.014,TR
CBAM-71086514,25232900,144.436,tonne,259.959,UA
CBAM-62149741,72083900,355.784,tonne,3787.132,MA
CBAM-49281340,76011000,447.092,tonne,1289.761,CN
CBAM-85091905,28070010,328.483,tonne,3737.262,IN
CBAM-37742683,31021000,356.002,tonne,946.585,TR
CBAM-17148419,27160000,368.269,tonne,1027.602,UA
CBAM-72095902,25232900,851.627,tonne,4869.592,MA
CBAM-03674432,72083900,7.271,tonne,4367.107,CN
CBAM-80490212,76011000,994.367,tonne,3653.868,IN
CBAM-97074117,28070010,534.299,tonne,2509.744,TR
CBAM-66557638,31021000,65.837,tonne,3323.342,UA
CBAM-42414182,27160000,729.977,tonne,2734.456,MA
CBAM-65944820,25232900,929.031,tonne,227.687,CN
CBAM-96310517,72083900,677.08,tonne,335.883,IN
CBAM-18358042,76011000,730.605,tonne,655.798,TR
CBAM-83465722,28070010,762.678,tonne,4873.142,UA
CBAM-72534756,31021000,415.537,tonne,1213.847,MA
CBAM-64620412,27160000,67.644,tonne,2416.725,CN
CBAM-73266740,25232900,645.673,tonne,3933.035,IN
CBAM-35280706,72083900,725.801,tonne,4472.686,TR
CBAM-64271997,76011000,755.1,tonne,4000.333,UA
CBAM-87041677,28070010,140.292,tonne,4021.061,MA
CBAM-27202843,31021000,19.312,tonne,2416.865,CN
CBAM-50236783,27160000,950.811,tonne,3780.043,IN
CBAM-61521987,25232900,328.194,tonne,236.316,TR
CBAM-62246288,72083900,265.087,tonne,2521.842,UA
CBAM-95086984,76011000,371.293,tonne,1479.999,MA
CBAM-51148843,28070010,227.526,tonne,663.436,CN
CBAM-77060340,31021000,816.568,tonne,1828.339,IN
CBAM-55903683,27160000,918.661,tonne,3202.465,TR
CBAM-32149559,25232900,589.575,tonne,4906.751,UA
CBAM-41211953,72083900,153.162,tonne,3916.274,MA
CBAM-36954303,76011000,9.766,tonne,1356.674,CN
CBAM-87009326,28070010,86.449,tonne,3457.936,IN
CBAM-51085361,31021000,922.662,tonne,431.249,TR
CBAM-12403785,27160000,449.518,tonne,3108.453,UA
CBAM-72875308,25232900,814.369,tonne,4251.253,MA
CBAM-00773704,72083900,737.658,tonne,2185.931,CN
CBAM-88680785,76011000,144.913,tonne,1286.186,IN
CBAM-14568787,28070010,226.684,tonne,2020.842,TR
CBAM-27900354,31021000,638.848,tonne,3856.975,UA
CBAM-08146824,27160000,710.04,tonne,1186.288,MA
CBAM-87482356,25232900,420.809,tonne,2972.557,CN
CBAM-20986995,72083900,362.291,tonne,1032.303,IN
CBAM-37293226,76011000,961.045,tonne,3303.302,TR
CBAM-05549987,28070010,397.569,tonne,3505.978,UA
CBAM-77984031,31021000,343.844,tonne,3821.755,MA
CBAM-84539788,27160000,308.338,tonne,2719.629,CN
CBAM-03025910,25232900,843.025,tonne,2294.415,IN
CBAM-86441645,72083900,167.566,tonne,1320.307,TR
CBAM-50660004,76011000,568.673,tonne,1732.069,UA
CBAM-46041918,28070010,716.131,tonne,871.967,MA
CBAM-52294354,31021000,298.648,tonne,3834.442,CN
CBAM-68199255,27160000,826.592,tonne,1142.671,IN
CBAM-28559137,25232900,787.206,tonne,2512.102,TR
CBAM-10331291,72083900,275.472,tonne,2030.12,UA
CBAM-86841877,76011000,830.475,tonne,1741.079,MA
CBAM-71557061,28070010,785.397,tonne,4194.192,CN
CBAM-75680354,31021000,708.026,tonne,1694.392,IN
CBAM-15064572,27160000,792.452,tonne,4527.871,TR
CBAM-81650567,25232900,422.925,tonne,1940.697,UA
CBAM-47848696,72083900,977.812,tonne,4721.296,MA
CBAM-41451476,76011000,855.274,tonne,4795.31,CN
CBAM-86955766,28070010,815.619,tonne,1073.684,IN
CBAM-93462579,31021000,185.676,tonne,819.55,TR
CBAM-23235019,27160000,50.832,tonne,1939.115,UA
CBAM-69262964,25232900,424.93,tonne,4658.851,MA
CBAM-26991240,72083900,112.718,tonne,346.208,CN
CBAM-24718043,76011000,436.247,tonne,4913.17,IN
CBAM-63688064,28070010,911.62,tonne,4896.461,TR
CBAM-93720700,31021000,912.083,tonne,1955.885,UA
CBAM-85687404,27160000,465.506,tonne,4041.133,MA
CBAM-51768671,25232900,294.782,tonne,4710.743,CN
CBAM-89872735,72083900,146.561,tonne,1754.231,IN
CBAM-86195196,76011000,659.156,tonne,1109.633,TR
CBAM-36581472,28070010,62.791,tonne,4448.386,UA
CBAM-09756455,31021000,38.809,tonne,3807.479,MA
CBAM-78735019,27160000,494.885,tonne,274.823,CN
CBAM-93205302,25232900,450.619,tonne,2086.254,IN
CBAM-30961412,72083900,814.613,tonne,4022.075,TR
CBAM-00252705,76011000,764.636,tonne,3596.381,UA
CBAM-80364158,28070010,785.38,tonne,1120.447,MA
CBAM-12250238,31021000,409.947,tonne,68.344,CN
CBAM-22152589,27160000,173.105,tonne,3231.264,IN
CBAM-55451047,25232900,252.915,tonne,188.081,TR
CBAM-33702482,72083900,528.708,tonne,1286.722,UA
CBAM-96335361,76011000,774.258,tonne,3357.112,MA
CBAM-79617990,28070010,804.751,tonne,1098.898,CN
CBAM-20479952,31021000,651.3,tonne,927.171,IN
CBAM-96030064,27160000,253.261,tonne,739.159,TR
CBAM-43226754,25232900,69.596,tonne,1926.92,UA
CBAM-83388194,72083900,679.234,tonne,1451.508,MA
CBAM-20518843,76011000,151.688,tonne,1758.281,CN
CBAM-04331991,28070010,646.554,tonne,1288.948,IN
CBAM-67876689,31021000,788.187,tonne,706.258,TR
CBAM-19820172,27160000,42.511,tonne,823.789,UA
CBAM-75605061,25232900,218.603,tonne,4827.731,MA
CBAM-57550780,72083900,644.133,tonne,1390.931,CN
CBAM-96524005,76011000,154.014,tonne,2588.799,IN
CBAM-23706710,28070010,671.197,tonne,2945.902,TR
CBAM-01949284,31021000,615.497,tonne,431.099,UA
CBAM-11439622,27160000,268.036,tonne,4998.608,MA
CBAM-47515708,25232900,938.306,tonne,679.873,CN
CBAM-14025263,72083900,389.121,tonne,4791.321,IN
CBAM-96373745,76011000,623.819,tonne,4543.541,TR
CBAM-89124875,28070010,52.023,tonne,1592.435,UA
CBAM-64714300,31021000,22.924,tonne,3231.633,MA
CBAM-50942548,27160000,117.971,tonne,2312.761,CN
CBAM-22529076,25232900,487.181,tonne,3338.087,IN
CBAM-50734594,72083900,206.312,tonne,628.295,TR
CBAM-14331674,76011000,577.034,tonne,2259.793,UA
CBAM-52527868,28070010,499.218,tonne,1746.258,MA
CBAM-01346921,31021000,877.067,tonne,452.569,CN
CBAM-27988262,27160000,78.699,tonne,3320.788,IN
CBAM-16398674,25232900,436.662,tonne,4673.897,TR
CBAM-04929521,72083900,966.141,tonne,907.22,UA
CBAM-10134041,76011000,908.749,tonne,4622.21,MA
CBAM-73345288,28070010,902.265,tonne,3286.122,CN
CBAM-21148059,31021000,335.773,tonne,3311.305,IN
CBAM-90763064,27160000,176.836,tonne,4935.959,TR
CBAM-90772148,25232900,290.021,tonne,4083.774,UA
CBAM-72988863,72083900,411.415,tonne,778.674,MA
CBAM-12166610,76011000,615.916,tonne,849.53,CN
CBAM-30772527,28070010,137.413,tonne,3299.827,IN
CBAM-36238296,31021000,438.215,tonne,1360.624,TR
CBAM-39042969,27160000,885.994,tonne,729.266,UA
CBAM-43902073,25232900,460.217,tonne,3272.687,MA
CBAM-49609660,72083900,843.841,tonne,4813.332,CN
CBAM-09800329,76011000,874.284,tonne,2521.204,IN
CBAM-40190717,28070010,859.75,tonne,4347.741,TR
CBAM-10933429,31021000,192.951,tonne,4168.321,UA
CBAM-47839536,27160000,625.14,tonne,3234.916,MA
CBAM-98773904,25232900,677.997,tonne,1574.83,CN
CBAM-76310808,72083900,114.923,tonne,270.534,IN
CBAM-36234750,76011000,604.864,tonne,3098.621,TR
CBAM-24989512,28070010,288.717,tonne,3037.001,UA
CBAM-72292006,31021000,482.017,tonne,2838.316,MA
CBAM-94368260,27160000,21.41,tonne,1837.052,CN
CBAM-99580106,25232900,768.575,tonne,1995.273,IN
CBAM-39480444,72083900,490.551,tonne,3926.216,TR
CBAM-53159950,76011000,164.804,tonne,2419.959,UA
CBAM-48974119,28070010,765.611,tonne,384.036,MA
CBAM-08263039,31021000,972.853,tonne,4892.799,CN
CBAM-16535372,27160000,401.806,tonne,3899.448,IN
CBAM-01624769,25232900,323.939,tonne,963.483,TR
CBAM-59317600,72083900,314.857,tonne,2494.837,UA
CBAM-56990781,76011000,830.515,tonne,1851.191,MA
CBAM-61508919,28070010,410.483,tonne,2250.413,CN
CBAM-54787765,31021000,227.181,tonne,2158.389,IN
CBAM-11447637,27160000,513.356,tonne,1779.569,TR
CBAM-29959220,25232900,451.759,tonne,769.68,UA
CBAM-72499915,72083900,896.863,tonne,1266.575,MA
CBAM-95269323,76011000,431.912,tonne,4052.652,CN
CBAM-46085842,28070010,336.479,tonne,2462.6,IN
CBAM-78367917,31021000,427.678,tonne,3281.964,TR
CBAM-74158103,27160000,878.466,tonne,1992.982,UA
CBAM-72193183,25232900,609.918,tonne,1372.996,MA
CBAM-90737590,72083900,453.23,tonne,3101.511,CN
CBAM-94416297,76011000,333.632,tonne,2297.301,IN
CBAM-72855324,28070010,331.324,tonne,3932.324,TR
CBAM-35214735,31021000,229.66,tonne,3147.396,UA
CBAM-92111033,27160000,679.129,tonne,143.275,MA
CBAM-04879442,25232900,566.056,tonne,2124.26,CN
CBAM-94496954,72083900,983.701,tonne,3049.018,IN
CBAM-04294820,76011000,260.109,tonne,749.973,TR
CBAM-34517292,28070010,294.819,tonne,3317.13,UA
CBAM-43425867,31021000,367.835,tonne,3954.651,MA
CBAM-51418421,27160000,680.122,tonne,3449.27,CN
CBAM-10881081,25232900,972.086,tonne,887.783,IN
CBAM-43915445,72083900,618.838,tonne,4803.285,TR
CBAM-11118429,76011000,193.283,tonne,2011.053,UA
CBAM-16676585,28070010,540.738,tonne,551.285,MA
CBAM-44850876,31021000,417.721,tonne,3649.828,CN
CBAM-51530009,27160000,239.71,tonne,3085.114,IN
CBAM-03425597,25232900,148.948,tonne,3691.589,TR
CBAM-08785206,72083900,16.493,tonne,3977.82,UA
CBAM-98758964,76011000,281.485,tonne,692.106,MA
CBAM-99429141,28070010,749.445,tonne,4470.848,CN
CBAM-81919987,31021000,908.827,tonne,4517.009,IN
CBAM-83375148,27160000,426.592,tonne,811.639,TR
CBAM-83357537,25232900,513.066,tonne,1866.956,UA
CBAM-91519760,72083900,572.188,tonne,3677.65,MA
CBAM-03233142,76011000,961.388,tonne,467.934,CN
CBAM-15100128,28070010,753.44,tonne,2001.427,IN
CBAM-32124217,31021000,964.52,tonne,107.826,TR
CBAM-26058347,27160000,397.105,tonne,3514.772,UA
CBAM-15511882,25232900,801.694,tonne,2825.85,MA
CBAM-45412339,72083900,989.2,tonne,1733.747,CN
CBAM-54138587,76011000,192.316,tonne,348.737,IN
CBAM-59598846,28070010,835.291,tonne,1980.537,TR
CBAM-83130331,31021000,427.266,tonne,861.643,UA
CBAM-46611808,27160000,214.73,tonne,4670.532,MA
CBAM-39123518,25232900,644.415,tonne,4597.049,CN
CBAM-05668265,72083900,956.288,tonne,2144.812,IN
CBAM-48003608,76011000,503.236,tonne,4464.085,TR
CBAM-39092682,28070010,362.493,tonne,3529.912,UA
CBAM-87067258,31021000,771.796,tonne,1350.616,MA
CBAM-79626678,27160000,877.272,tonne,3673.455,CN
CBAM-07490367,25232900,304.192,tonne,4360.646,IN
CBAM-79212849,72083900,680.11,tonne,1380.652,TR
CBAM-49272245,76011000,738.372,tonne,2463.837,UA
CBAM-28231735,28070010,472.862,tonne,550.635,MA
CBAM-18002817,31021000,73.987,tonne,2163.956,CN
CBAM-36976821,27160000,818.649,tonne,2677.298,IN
CBAM-93452177,25232900,533.889,tonne,4260.88,TR
CBAM-84298280,72083900,157.505,tonne,2685.13,UA
CBAM-98474300,76011000,708.5,tonne,1076.564,MA
CBAM-79182592,28070010,720.577,tonne,3784.718,CN
CBAM-68976949,31021000,906.5,tonne,754.476,IN
CBAM-01851910,27160000,805.854,tonne,4027.234,TR
CBAM-44727347,25232900,162.456,tonne,2362.38,UA
CBAM-50266836,72083900,606.982,tonne,3363.67,MA
CBAM-13533993,76011000,336.457,tonne,652.089,CN
CBAM-03940166,28070010,822.686,tonne,2015.412,IN
CBAM-33052020,31021000,610.78,tonne,4258.753,TR
CBAM-41842641,27160000,471.735,tonne,2119.345,UA
CBAM-95559022,25232900,994.839,tonne,1207.544,MA
CBAM-68474463,72083900,777.747,tonne,1834.854,CN
CBAM-98865214,76011000,241.204,tonne,4504.512,IN
CBAM-08929019,28070010,183.804,tonne,1487.054,TR
CBAM-76320743,31021000,465.842,tonne,2738.744,UA
CBAM-84824333,27160000,173.476,tonne,3153.784,MA
CBAM-85777097,25232900,90.906,tonne,1229.7,CN
CBAM-26516442,72083900,594.974,tonne,1975.15,IN
CBAM-78186009,76011000,760.735,tonne,11.27,TR
CBAM-81327385,28070010,934.773,tonne,4803.498,UA
CBAM-40063364,31021000,404.693,tonne,1503.155,MA
CBAM-73643790,27160000,130.938,tonne,4884.963,CN
CBAM-84842347,25232900,204.496,tonne,415.928,IN
CBAM-59662043,72083900,599.287,tonne,1652.708,TR
CBAM-01998784,76011000,345.894,tonne,4432.018,UA
CBAM-28041454,28070010,953.089,tonne,4886.954,MA
CBAM-40944253,31021000,622.056,tonne,1056.019,CN
CBAM-82867950,27160000,192.885,tonne,3363.886,IN
CBAM-27278758,25232900,155.782,tonne,3080.882,TR
CBAM-25612424,72083900,753.971,tonne,3382.739,UA
CBAM-25788493,76011000,78.3,tonne,1411.96,MA
CBAM-60868699,28070010,17.034,tonne,3755.406,CN
CBAM-44710166,31021000,42.072,tonne,1868.834,IN
CBAM-47137845,27160000,914.339,tonne,4456.379,TR
CBAM-38033483,25232900,912.32,tonne,3990.885,UA
CBAM-76829420,72083900,569.486,tonne,3192.472,MA
CBAM-23225243,76011000,827.923,tonne,666.044,CN
CBAM-85078781,28070010,141.979,tonne,2776.211,IN
CBAM-95907465,31021000,155.393,tonne,3127.51,TR
CBAM-22114944,27160000,228.149,tonne,3743.408,UA
CBAM-07959622,25232900,202.732,tonne,4681.424,MA
CBAM-88107782,72083900,340.572,tonne,2536.338,CN
CBAM-31221331,76011000,972.756,tonne,3058.883,IN
CBAM-56098030,28070010,433.437,tonne,386.097,TR
CBAM-39803574,31021000,554.945,tonne,634.461,UA
CBAM-50493387,27160000,566.279,tonne,2312.105,MA
CBAM-89322463,25232900,954.123,tonne,4879.571,CN
CBAM-49414278,72083900,708.793,tonne,37.311,IN
CBAM-77965180,76011000,197.793,tonne,3355.71,TR
CBAM-64654254,28070010,161.371,tonne,1143.873,UA
CBAM-15630536,31021000,52.397,tonne,4491.403,MA
CBAM-60899899,27160000,88.345,tonne,2135.416,CN
CBAM-43171127,25232900,975.707,tonne,4738.429,IN
CBAM-95700206,72083900,944.557,tonne,1768.605,TR
CBAM-13872858,76011000,56.147,tonne,2370.998,UA
CBAM-84595156,28070010,226.021,tonne,971.812,MA
CBAM-29983523,31021000,623.226,tonne,176.982,CN
CBAM-40188568,27160000,906.679,tonne,2234.137,IN
CBAM-90212990,25232900,883.403,tonne,3270.796,TR
CBAM-13482656,72083900,847.517,tonne,1393.523,UA
CBAM-07821656,76011000,260.983,tonne,1509.346,MA
CBAM-29826483,28070010,817.095,tonne,3992.592,CN
CBAM-97805351,31021000,712.294,tonne,550.541,IN
CBAM-76546406,27160000,420.69,tonne,1442.467,TR
CBAM-44357888,25232900,114.673,tonne,4489.176,UA
CBAM-07829153,72083900,602.069,tonne,4333.242,MA
CBAM-76240281,76011000,676.544,tonne,1719.838,CN
CBAM-80450258,28070010,624.413,tonne,2029.166,IN
CBAM-45045514,31021000,74.402,tonne,1173.397,TR
CBAM-62629097,27160000,212.043,tonne,4131.572,UA
CBAM-76615614,25232900,730.68,tonne,1057.753,MA
CBAM-30801748,72083900,449.556,tonne,4274.678,CN
CBAM-98453838,76011000,62.729,tonne,2089.502,IN
CBAM-40211613,28070010,848.65,tonne,132.794,TR
CBAM-98165885,31021000,950.694,tonne,513.19,UA
CBAM-76467300,27160000,442.645,tonne,4496.304,MA
CBAM-66193582,25232900,57.931,tonne,1410.81,CN
CBAM-86207990,72083900,643.801,tonne,1544.501,IN
CBAM-12702200,76011000,10.908,tonne,3851.295,TR
CBAM-37966880,28070010,903.704,tonne,4953.099,UA
CBAM-53101162,31021000,644.843,tonne,2281.377,MA
CBAM-09147561,27160000,278.315,tonne,1235.184,CN
CBAM-59521294,25232900,35.426,tonne,4770.546,IN
CBAM-10277159,72083900,35.84,tonne,2542.226,TR
CBAM-39668720,76011000,89.216,tonne,2817.191,UA
CBAM-71400366,28070010,396.31,tonne,2782.099,MA
CBAM-24382106,31021000,247.01,tonne,2390.253,CN
CBAM-56029125,27160000,946.522,tonne,3971.065,IN
CBAM-17642795,25232900,369.048,tonne,2468.08,TR
CBAM-96316310,72083900,955.304,tonne,2074.986,UA
CBAM-52193004,76011000,130.568,tonne,1073.609,MA
CBAM-36746370,28070010,650.253,tonne,4756.003,CN
CBAM-10981494,31021000,32.138,tonne,1951.521,IN
CBAM-92495498,27160000,917.672,tonne,1552.218,TR
CBAM-94357811,25232900,13.882,tonne,3109.728,UA
CBAM-82936469,72083900,965.293,tonne,2441.939,MA
CBAM-47680427,76011000,311.126,tonne,123.993,CN
CBAM-47863210,28070010,402.052,tonne,3655.822,IN
CBAM-68054953,31021000,1.79,tonne,2349.85,TR
CBAM-61538361,27160000,590.204,tonne,3762.29,UA
CBAM-86533055,25232900,675.89,tonne,1756.362,MA
CBAM-39496265,72083900,382.237,tonne,2094.671,CN
CBAM-41273113,76011000,873.747,tonne,2981.606,IN
CBAM-61598506,28070010,812.497,tonne,2162.013,TR
CBAM-07879372,31021000,792.458,tonne,2943.704,UA
CBAM-96788938,27160000,456.711,tonne,3163.305,MA
CBAM-45595358,25232900,121.325,tonne,1882.221,CN
CBAM-24484207,72083900,325.587,tonne,3203.332,IN
CBAM-61323722,76011000,212.515,tonne,1922.982,TR
CBAM-37136052,28070010,953.512,tonne,550.357,UA
CBAM-61698800,31021000,837.514,tonne,4683.573,MA
CBAM-88625682,27160000,127.967,tonne,1778.735,CN
CBAM-13029820,25232900,550.375,tonne,2864.988,IN
CBAM-54956089,72083900,399.431,tonne,44.222,TR
CBAM-97524651,76011000,810.877,tonne,1571.903,UA
CBAM-52488411,28070010,208.989,tonne,896.525,MA
CBAM-80233800,31021000,91.727,tonne,3438.156,CN
CBAM-49697650,27160000,341.491,tonne,2923.994,IN
CBAM-54640652,25232900,387.159,tonne,2394.627,TR
CBAM-91074714,72083900,773.602,tonne,3984.426,UA
CBAM-23761748,76011000,500.26,tonne,1702.198,MA
CBAM-52944399,28070010,949.679,tonne,4274.549,CN
CBAM-20933512,31021000,53.555,tonne,696.593,IN
CBAM-55050428,27160000,808.476,tonne,4804.399,TR
CBAM-68737207,25232900,478.553,tonne,1684.8,UA
CBAM-51441245,72083900,164.918,tonne,3893.196,MA
CBAM-89419046,76011000,925.762,tonne,3957.669,CN
CBAM-95477273,28070010,325.184,tonne,3725.484,IN
CBAM-05043130,31021000,907.414,tonne,4934.17,TR
CBAM-48403244,27160000,115.113,tonne,4922.067,UA
CBAM-58365608,25232900,477.582,tonne,898.964,MA
CBAM-73480223,72083900,19.21,tonne,854.876,CN
CBAM-59171519,76011000,291.343,tonne,1150.954,IN
CBAM-30353829,28070010,31.186,tonne,4764.245,TR
CBAM-21585961,31021000,82.988,tonne,2587.099,UA
CBAM-41258231,27160000,380.826,tonne,1330.434,MA
CBAM-72694529,25232900,331.883,tonne,3603.959,CN
CBAM-40798928,72083900,668,tonne,4215.83,IN
CBAM-25576056,76011000,268.62,tonne,1401.37,TR
CBAM-68963294,28070010,638.652,tonne,2528.167,UA
CBAM-87546062,31021000,371.612,tonne,3904.921,MA
CBAM-61428994,27160000,618.565,tonne,1972.705,CN
CBAM-22537555,25232900,978.211,tonne,859.308,IN
CBAM-10686676,72083900,191.704,tonne,2295.704,TR
CBAM-77983460,76011000,319.842,tonne,2797.966,UA
CBAM-53526899,28070010,972.72,tonne,3845.496,MA
CBAM-02234422,31021000,544.12,tonne,1745.054,CN
CBAM-63612270,27160000,243.663,tonne,1265.264,IN
CBAM-66542799,25232900,75.4,tonne,310.071,TR
CBAM-13205833,72083900,602.982,tonne,3634.586,UA
CBAM-47764184,76011000,195.487,tonne,4011.736,MA
CBAM-45639719,28070010,466.675,tonne,3288.808,CN
CBAM-66467164,31021000,776.399,tonne,2770.705,IN
CBAM-58697667,27160000,538.842,tonne,1752.334,TR
CBAM-01919385,25232900,613.565,tonne,3099.915,UA
CBAM-30398586,72083900,948.754,tonne,4056.164,MA
CBAM-06973942,76011000,781.973,tonne,746.535,CN
CBAM-71988718,28070010,893.527,tonne,1851.866,IN
CBAM-32538318,31021000,522.754,tonne,714.714,TR
CBAM-54056713,27160000,60.577,tonne,1028.489,UA
CBAM-20340675,25232900,327.028,tonne,4722.649,MA
CBAM-04374119,72083900,911.936,tonne,3715.852,CN
CBAM-41601418,76011000,887.83,tonne,946.418,IN
CBAM-65847202,28070010,601.841,tonne,4836.39,TR
CBAM-01147634,31021000,478.917,tonne,178.531,UA
CBAM-33237328,27160000,400.596,tonne,1151.802,MA
CBAM-02084282,25232900,906.913,tonne,4883.529,CN
CBAM-72751387,72083900,40.85,tonne,2740.214,IN
CBAM-90846874,76011000,832.955,tonne,389.957,TR
CBAM-84580089,28070010,202.848,tonne,4997.623,UA
CBAM-66984000,31021000,655.98,tonne,3290.547,MA
CBAM-57105583,27160000,557.16,tonne,3061.706,CN
CBAM-86059622,25232900,141.602,tonne,4935.296,IN
CBAM-57530544,72083900,93.25,tonne,1384.901,TR
CBAM-51008054,76011000,893.227,tonne,4851.104,UA
CBAM-71599758,28070010,514.352,tonne,2665.152,MA
CBAM-99303796,31021000,490.643,tonne,794.502,CN
CBAM-45382333,27160000,133.674,tonne,231.367,IN
CBAM-83778388,25232900,290.68,tonne,1588.393,TR
CBAM-30048007,72083900,355.995,tonne,587.205,UA
CBAM-80330800,76011000,187.146,tonne,4244.166,MA
CBAM-16864848,28070010,405.182,tonne,1607.815,CN
CBAM-70497002,31021000,759.656,tonne,2222.057,IN
CBAM-60004776,27160000,280.433,tonne,2071.498,TR
CBAM-58933741,25232900,123.661,tonne,455.514,UA
CBAM-19122026,72083900,221.588,tonne,4844.209,MA
CBAM-15864358,76011000,92.61,tonne,168.193,CN
CBAM-20953117,28070010,735.906,tonne,4533.368,IN
CBAM-46659960,31021000,439.36,tonne,1059.587,TR
CBAM-67062254,27160000,179.085,tonne,1226.192,UA
CBAM-31906319,25232900,479.947,tonne,849.186,MA
CBAM-03905154,72083900,811.643,tonne,4667.053,CN
CBAM-01025911,76011000,238.975,tonne,686.359,IN
CBAM-94396959,28070010,445.865,tonne,2330.337,TR
CBAM-45894926,31021000,341.338,tonne,439.245,UA
CBAM-59638739,27160000,168.801,tonne,3791.398,MA
CBAM-99725068,25232900,316.206,tonne,3348.837,CN
CBAM-55406118,72083900,880.671,tonne,3051.187,IN
CBAM-05913182,76011000,713.571,tonne,4457.814,TR
CBAM-41649713,28070010,654.805,tonne,1801.212,UA
CBAM-13405483,31021000,343.271,tonne,615.554,MA
CBAM-57354040,27160000,316.283,tonne,1470.769,CN
CBAM-31611753,25232900,646.59,tonne,1708.138,IN
CBAM-49342611,72083900,308.454,tonne,416.245,TR
CBAM-71272486,76011000,675.225,tonne,1919.569,UA
CBAM-94776961,28070010,878.361,tonne,1177.342,MA
CBAM-45395297,31021000,64.749,tonne,1633.497,CN
CBAM-24323331,27160000,669.099,tonne,2896.537,IN
CBAM-60378186,25232900,108.689,tonne,4843.623,TR
CBAM-22104642,72083900,997.064,tonne,1003.96,UA
CBAM-25135319,76011000,758.889,tonne,1022.216,MA
CBAM-30199379,28070010,776.743,tonne,2891.142,CN
CBAM-16805734,31021000,980.439,tonne,2318.273,IN
CBAM-37952607,27160000,237.704,tonne,3303.222,TR
CBAM-33614456,25232900,618.983,tonne,501.429,UA
CBAM-17436373,72083900,867.54,tonne,1100.064,MA
CBAM-53553374,76011000,734.627,tonne,3323.804,CN
CBAM-19031351,28070010,126.728,tonne,2337.051,IN
CBAM-30435957,31021000,230.172,tonne,3114.78,TR
CBAM-66690210,27160000,176.364,tonne,1433.198,UA
CBAM-85591651,25232900,15.299,tonne,3141.149,MA
CBAM-92254738,72083900,194.3,tonne,4487.081,CN
CBAM-93483151,76011000,909.909,tonne,1470.401,IN
CBAM-91586115,28070010,39.192,tonne,4288.745,TR
CBAM-37402245,31021000,568.527,tonne,1943.856,UA
CBAM-83793901,27160000,512.481,tonne,2667.473,MA
CBAM-20749756,25232900,258.585,tonne,4278.388,CN
CBAM-97919919,72083900,736.597,tonne,3525.948,IN
CBAM-86239004,76011000,826.951,tonne,273.807,TR
CBAM-93562336,28070010,817.634,tonne,1061.281,UA
CBAM-83764506,31021000,554.783,tonne,1824.709,MA
CBAM-23847528,27160000,424.481,tonne,4357.011,CN
CBAM-94011068,25232900,64.133,tonne,1722.97,IN
CBAM-82681339,72083900,103.565,tonne,2073.127,TR
CBAM-14465968,76011000,969.817,tonne,3117.707,UA
CBAM-63996485,28070010,799.629,tonne,2099.172,MA
CBAM-05865253,31021000,686.49,tonne,1430.079,CN
CBAM-37933541,27160000,779.119,tonne,1720.252,IN
CBAM-95551636,25232900,202.351,tonne,1937.455,TR
CBAM-32938738,72083900,109.86,tonne,91.842,UA
CBAM-85684215,76011000,974.602,tonne,2538.149,MA
CBAM-12436401,28070010,28.345,tonne,4742.645,CN
CBAM-30931491,31021000,524.512,tonne,4481.154,IN
CBAM-79305628,27160000,387.528,tonne,4297.804,TR
CBAM-38403037,25232900,21.323,tonne,1209.391,UA
CBAM-62694230,72083900,925.618,tonne,61.631,MA
CBAM-53604657,76011000,353.959,tonne,4614.586,CN
CBAM-16777781,28070010,90.061,tonne,4856.518,IN
CBAM-15915977,31021000,625.832,tonne,531.496,TR
CBAM-68246232,27160000,809.525,tonne,31.635,UA
CBAM-67528067,25232900,426.97,tonne,55.377,MA
CBAM-35428995,72083900,874.911,tonne,4353.341,CN
CBAM-11205888,76011000,35.795,tonne,921.212,IN
CBAM-61345077,28070010,652.231,tonne,3914.213,TR
CBAM-70608218,31021000,292.337,tonne,1529.507,UA
CBAM-39449723,27160000,326.889,tonne,3891.7,MA
CBAM-98649390,25232900,861.444,tonne,1345.506,CN
CBAM-70564795,72083900,820.23,tonne,1245.766,IN
CBAM-33625814,76011000,565.584,tonne,4331.925,TR
CBAM-77866656,28070010,541.514,tonne,4104.362,UA
CBAM-97314481,31021000,58.706,tonne,1975.705,MA
CBAM-82619131,27160000,385.085,tonne,945.828,CN
CBAM-95358553,25232900,630.39,tonne,3733.312,IN
CBAM-30820658,72083900,678.916,tonne,767.052,TR
CBAM-55798446,76011000,891.302,tonne,4306.092,UA
CBAM-14026749,28070010,797.863,tonne,4093.417,MA
CBAM-96708411,31021000,739.086,tonne,85.611,CN
CBAM-28895356,27160000,594.674,tonne,2296.656,IN
CBAM-13413722,25232900,180.88,tonne,3243.481,TR
CBAM-03910620,72083900,866.166,tonne,1343.71,UA
CBAM-25227443,76011000,275.109,tonne,2359.671,MA
CBAM-26610691,28070010,104.384,tonne,1974.785,CN
CBAM-31780014,31021000,414.477,tonne,3269.611,IN
CBAM-86180778,27160000,395.27,tonne,3054.917,TR
CBAM-57654652,25232900,706.804,tonne,3554.808,UA
CBAM-91221078,72083900,259.567,tonne,3833.674,MA
CBAM-15023059,76011000,303.228,tonne,4513.619,CN
CBAM-62821653,28070010,437.973,tonne,1814.609,IN
CBAM-89274826,31021000,964.43,tonne,3782.169,TR
CBAM-35655134,27160000,673.639,tonne,2577.534,UA
CBAM-33438316,25232900,421.35,tonne,1110.532,MA
CBAM-39486570,72083900,628.681,tonne,1820.303,CN
CBAM-53302197,76011000,82.146,tonne,56.297,IN
CBAM-80709517,28070010,9.06,tonne,2313.818,TR
CBAM-30687785,31021000,819.832,tonne,553.962,UA
CBAM-91193377,27160000,342.85,tonne,2336.921,MA
CBAM-26709349,25232900,410.061,tonne,3403.829,CN
CBAM-53627056,72083900,353.725,tonne,3635.3,IN
CBAM-03977655,76011000,645.969,tonne,4362.474,TR
CBAM-64708508,28070010,962.185,tonne,1242.304,UA
CBAM-46541821,31021000,115.282,tonne,910.61,MA
CBAM-54987645,27160000,698.719,tonne,2223.14,CN
CBAM-03177819,25232900,626.304,tonne,4501.419,IN
CBAM-97771460,72083900,327.877,tonne,3786.711,TR
CBAM-11771425,76011000,186.144,tonne,4901.066,UA
CBAM-37883750,28070010,58.699,tonne,1665.365,MA
CBAM-03445213,31021000,497.138,tonne,4726.232,CN
CBAM-20890261,27160000,768.175,tonne,2084.818,IN
CBAM-87591327,25232900,77.755,tonne,4135.511,TR
CBAM-93208640,72083900,91.208,tonne,2970.159,UA
CBAM-49984477,76011000,883.836,tonne,1358.324,MA
CBAM-06688923,28070010,223.496,tonne,3818.548,CN
CBAM-89973841,31021000,87.411,tonne,2098.951,IN
CBAM-33199550,27160000,982.645,tonne,532.791,TR
CBAM-69743910,25232900,5.867,tonne,947.522,UA
CBAM-37893762,72083900,578.425,tonne,4013.024,MA
CBAM-94405402,76011000,873.127,tonne,2274.479,CN
CBAM-22881845,28070010,305.557,tonne,467.95,IN
CBAM-71565614,31021000,396.268,tonne,500.114,TR
CBAM-05371385,27160000,911.179,tonne,2416.141,UA
CBAM-21191838,25232900,863.609,tonne,1345,MA
CBAM-93962559,72083900,167.579,tonne,3779.45,CN
CBAM-80635998,76011000,186.968,tonne,4528.795,IN
CBAM-98736742,28070010,438.965,tonne,3681.485,TR
CBAM-83549403,31021000,665.802,tonne,3241.301,UA
CBAM-78746032,27160000,485.553,tonne,1904.901,MA
CBAM-67490098,25232900,128.131,tonne,1333.492,CN
CBAM-59544856,72083900,95.177,tonne,2470.424,IN
CBAM-49882195,76011000,572.236,tonne,4708.647,TR
CBAM-66232740,28070010,47.246,tonne,2331.837,UA
CBAM-28884918,31021000,628.195,tonne,3653.304,MA
CBAM-72639973,27160000,569.912,tonne,2149.552,CN
CBAM-62175329,25232900,114.266,tonne,2264.939,IN
CBAM-98204776,72083900,148.138,tonne,442.744,TR
CBAM-63159776,76011000,292.724,tonne,4360.675,UA
CBAM-55086795,28070010,620.348,tonne,4250.055,MA
CBAM-21936277,31021000,283.325,tonne,4406.103,CN
CBAM-92262514,27160000,642.279,tonne,518.197,IN
CBAM-74990842,25232900,653.492,tonne,3433.019,TR
CBAM-84132179,72083900,564.414,tonne,1705.645,UA
CBAM-55840214,76011000,461.519,tonne,87.9,MA
CBAM-22720064,28070010,947.99,tonne,4434.743,CN
CBAM-22027790,31021000,709.731,tonne,3674.406,IN
CBAM-25905645,27160000,99.358,tonne,3332.506,TR
CBAM-89622996,25232900,903.904,tonne,2780.699,UA
CBAM-01461985,72083900,773.121,tonne,521.249,MA
CBAM-51362851,76011000,417.385,tonne,3107.434,CN
CBAM-71590590,28070010,992.866,tonne,4221.134,IN
CBAM-58040807,31021000,397.373,tonne,1075.131,TR
CBAM-96464275,27160000,386.387,tonne,2153.238,UA
CBAM-83028726,25232900,807.642,tonne,3388.542,MA
CBAM-36140404,72083900,749.668,tonne,2400.667,CN
CBAM-88037802,76011000,617.309,tonne,465.377,IN
CBAM-71934650,28070010,766.913,tonne,4342.185,TR
CBAM-86074804,31021000,561.27,tonne,4017.997,UA
CBAM-37233536,27160000,529.107,tonne,3511.367,MA
CBAM-59012396,25232900,942.745,tonne,1393.716,CN
CBAM-80374734,72083900,48.013,tonne,2714.054,IN
CBAM-98423793,76011000,716.029,tonne,697.703,TR
CBAM-77319291,28070010,985.42,tonne,579.398,UA
CBAM-76064434,31021000,77.28,tonne,352.171,MA
CBAM-17258682,27160000,823.134,tonne,4250.162,CN
CBAM-03280003,25232900,713.62,tonne,4467.49,IN
CBAM-03112184,72083900,175.218,tonne,1441.737,TR
CBAM-59941411,76011000,474.765,tonne,4950.969,UA
CBAM-01829068,28070010,565.3,tonne,4272.336,MA
CBAM-79231684,31021000,576.376,tonne,2797.95,CN
CBAM-54355942,27160000,969.983,tonne,2808.826,IN
CBAM-40477173,25232900,96.116,tonne,3555.976,TR
CBAM-46461776,72083900,808.953,tonne,1902.257,UA
CBAM-12437372,76011000,144.782,tonne,1375.931,MA
CBAM-77929688,28070010,285.142,tonne,4627.981,CN
CBAM-95495573,31021000,485.421,tonne,4057.308,IN
CBAM-29000446,27160000,301.631,tonne,2661.514,TR
CBAM-74842105,25232900,193.893,tonne,4628.829,UA
CBAM-99412454,72083900,655.648,tonne,3742.129,MA
CBAM-19327736,76011000,140.449,tonne,551.902,CN
CBAM-45070144,28070010,955.046,tonne,423.255,IN
CBAM-48955418,31021000,113.575,tonne,909.573,TR
CBAM-41236536,27160000,858.75,tonne,1951.537,UA
CBAM-72466434,25232900,728.239,tonne,3857.335,MA
CBAM-94041271,72083900,366.005,tonne,1768.997,CN
CBAM-48077778,76011000,693.9,tonne,4678.92,IN
CBAM-83756602,28070010,836.028,tonne,4327.506,TR
CBAM-50036789,31021000,145.667,tonne,425.023,UA
CBAM-42949858,27160000,807.929,tonne,4953.39,MA
CBAM-40459509,25232900,157.201,tonne,2397.426,CN
CBAM-06573135,72083900,587.647,tonne,4356.053,IN
CBAM-04068847,76011000,671.709,tonne,1415.452,TR
CBAM-48452386,28070010,308.627,tonne,4554.376,UA
CBAM-85752109,31021000,743.252,tonne,4655.16,MA
CBAM-56003471,27160000,421.517,tonne,2238.863,CN
CBAM-37902062,25232900,757.388,tonne,2148.33,IN
CBAM-31960920,72083900,149.507,tonne,2248.006,TR
CBAM-69903933,76011000,838.324,tonne,2373.966,UA
CBAM-53940647,28070010,216.903,tonne,1338.238,MA
CBAM-63377223,31021000,381.843,tonne,3281.541,CN
CBAM-44229031,27160000,794.181,tonne,4698.235,IN
CBAM-04812048,25232900,573.156,tonne,690.791,TR
CBAM-11050246,72083900,139.592,tonne,2541.791,UA
CBAM-04920006,76011000,581.024,tonne,607.295,MA
CBAM-28714716,28070010,666.846,tonne,4613.515,CN
CBAM-75734764,31021000,546.119,tonne,4538.018,IN
CBAM-41339772,27160000,87.233,tonne,4665.277,TR
CBAM-33033634,25232900,775.505,tonne,2168.28,UA
CBAM-72730745,72083900,155.189,tonne,3174.52,MA
CBAM-30932354,76011000,254.651,tonne,4177.966,CN
CBAM-67000228,28070010,311.907,tonne,2165.473,IN
CBAM-10777509,31021000,582.056,tonne,1049.048,TR
CBAM-88989892,27160000,699.11,tonne,836.13,UA
CBAM-49244365,25232900,650.804,tonne,1435.506,MA
CBAM-65359452,72083900,772.279,tonne,1181.863,CN
CBAM-72000319,76011000,2.626,tonne,2202.953,IN
CBAM-95800408,28070010,2.467,tonne,163.315,TR
CBAM-50750314,31021000,943.031,tonne,331.515,UA
CBAM-20863769,27160000,433.081,tonne,1706.36,MA
CBAM-53522648,25232900,801.464,tonne,2451.422,CN
CBAM-85527651,72083900,265.89,tonne,3875.858,IN
CBAM-12314164,76011000,644.565,tonne,1948.534,TR
CBAM-84187395,28070010,792.941,tonne,1501.523,UA
CBAM-65282247,31021000,792.139,tonne,3247.192,MA
CBAM-59517372,27160000,378.303,tonne,649.367,CN
CBAM-10430330,25232900,981.962,tonne,2323.464,IN
CBAM-52861480,72083900,783.064,tonne,4756.748,TR
CBAM-21710356,76011000,916.072,tonne,1359.452,UA
CBAM-63298907,28070010,979.343,tonne,3126.806,MA
CBAM-81205026,31021000,103.972,tonne,3491.676,CN
CBAM-86704105,27160000,606.549,tonne,375.556,IN
CBAM-11718389,25232900,399.356,tonne,1328.564,TR
CBAM-11582787,72083900,815.402,tonne,2956.818,UA
CBAM-34621352,76011000,404.142,tonne,789.295,MA
CBAM-00464661,28070010,79.04,tonne,2196.222,CN
CBAM-63165418,31021000,710.055,tonne,1361.844,IN
CBAM-10565470,27160000,899.951,tonne,275.513,TR
CBAM-99053607,25232900,179.608,tonne,3027.879,UA
CBAM-77559436,72083900,515.672,tonne,397.461,MA
CBAM-22712910,76011000,27.928,tonne,4992.381,CN
CBAM-21277209,28070010,865.403,tonne,4926.263,IN
CBAM-37375879,31021000,775.118,tonne,2396.126,TR
CBAM-69438982,27160000,935.768,tonne,1753.83,UA
CBAM-15551158,25232900,177.724,tonne,1862.164,MA
CBAM-90194425,72083900,640.654,tonne,1550.461,CN
CBAM-03664580,76011000,164.684,tonne,2789.674,IN
CBAM-22844488,28070010,546.613,tonne,4259.711,TR
CBAM-53488806,31021000,912.304,tonne,165.34,UA
CBAM-69644503,27160000,682.647,tonne,4439.261,MA
CBAM-17454573,25232900,265.034,tonne,1934.067,CN
CBAM-33617968,72083900,28.124,tonne,4025.702,IN
CBAM-31758612,76011000,711.089,tonne,3230.992,TR
CBAM-57511114,28070010,762.538,tonne,3719.671,UA
CBAM-95521889,31021000,257.645,tonne,1277.883,MA
CBAM-90153868,27160000,934.615,tonne,1944.046,CN
CBAM-11393522,25232900,327.594,tonne,240.213,IN
CBAM-11312421,72083900,126.809,tonne,452.997,TR
CBAM-10769774,76011000,876.782,tonne,338.161,UA
CBAM-11428801,28070010,697.038,tonne,1572.92,MA
CBAM-38354613,31021000,704.722,tonne,4872.025,CN
CBAM-86654737,27160000,479.318,tonne,623.656,IN
CBAM-46636743,25232900,145.342,tonne,130.54,TR
CBAM-72589924,72083900,78.262,tonne,2776.381,UA
CBAM-09740548,76011000,535.601,tonne,1729.083,MA
CBAM-57006016,28070010,685.404,tonne,704.441,CN
CBAM-73655875,31021000,996.267,tonne,1985.174,IN
CBAM-10156171,27160000,635.74,tonne,1627.499,TR
CBAM-50982941,25232900,236.198,tonne,863.795,UA
CBAM-82654041,72083900,395.809,tonne,3394.272,MA
CBAM-04726086,76011000,47.39,tonne,3517.098,CN
CBAM-87124773,28070010,187.232,tonne,166.41,IN
CBAM-93112342,31021000,702.598,tonne,2303.382,TR
CBAM-22377043,27160000,905.193,tonne,903.325,UA
CBAM-50372335,25232900,694.399,tonne,1903.701,MA
CBAM-07363076,72083900,868.044,tonne,3767.894,CN
CBAM-43766638,76011000,434.09,tonne,3349.061,IN
CBAM-84932774,28070010,276.38,tonne,3646.344,TR
CBAM-23908048,31021000,819.415,tonne,3309.871,UA
CBAM-26939833,27160000,945.41,tonne,2777.024,MA
CBAM-27175335,25232900,466.109,tonne,1321.346,CN
CBAM-20129340,72083900,608.394,tonne,2909.42,IN
CBAM-28392709,76011000,199.856,tonne,2248.539,TR
CBAM-17282153,28070010,586.331,tonne,3045.939,UA
CBAM-10252981,31021000,228.532,tonne,2102.837,MA
CBAM-00828419,27160000,408.565,tonne,3709.8,CN
CBAM-43661660,25232900,983.608,tonne,127.743,IN
CBAM-12125980,72083900,792.989,tonne,4095.431,TR
CBAM-87478095,76011000,412.235,tonne,145.326,UA
CBAM-16042606,28070010,124.862,tonne,4336.652,MA
CBAM-64937920,31021000,920.78,tonne,4247.105,CN
CBAM-67857768,27160000,615.94,tonne,1434.324,IN
CBAM-03996638,25232900,725.923,tonne,3505.819,TR
CBAM-90090985,72083900,102.544,tonne,322.19,UA
CBAM-44746551,76011000,706.473,tonne,4596.028,MA
CBAM-60841238,28070010,619.556,tonne,983.859,CN
CBAM-95001850,31021000,294.547,tonne,2412.707,IN
CBAM-06720731,27160000,417.646,tonne,2520.14,TR
CBAM-70784593,25232900,327.288,tonne,2361.411,UA
CBAM-21282632,72083900,705.95,tonne,3409.409,MA
CBAM-50865831,76011000,172.812,tonne,4614.325,CN
CBAM-91560231,28070010,35.036,tonne,4164.383,IN
CBAM-33128908,31021000,573.494,tonne,623.679,TR
CBAM-97940396,27160000,273.534,tonne,2856.158,UA
CBAM-25193750,25232900,973.126,tonne,1953.238,MA
CBAM-46996386,72083900,452.21,tonne,4918.027,CN
CBAM-90573605,76011000,198.117,tonne,1553.208,IN
CBAM-49259884,28070010,850.667,tonne,3760.803,TR
CBAM-40252422,31021000,578.147,tonne,4861.757,UA
CBAM-53534839,27160000,168.779,tonne,4629.132,MA
CBAM-49526785,25232900,171.581,tonne,655.124,CN
CBAM-23285661,72083900,246.851,tonne,3806.541,IN
CBAM-45439765,76011000,310.974,tonne,2636.034,TR
CBAM-29531189,28070010,341.664,tonne,4586.415,UA
CBAM-29964790,31021000,712.354,tonne,4242.514,MA
CBAM-16271277,27160000,527.61,tonne,465.953,CN
CBAM-08402154,25232900,458.868,tonne,4689.971,IN
CBAM-01583667,72083900,400.224,tonne,4382.224,TR
CBAM-21884933,76011000,695.767,tonne,3809.27,UA
CBAM-73706031,28070010,837.261,tonne,4894.104,MA
CBAM-57097974,31021000,188.92,tonne,4916.204,CN
CBAM-39005898,27160000,292.626,tonne,125.884,IN
CBAM-05044744,25232900,185.473,tonne,366.214,TR
CBAM-43307697,72083900,396.223,tonne,4818.975,UA
CBAM-15350725,76011000,969.061,tonne,589.266,MA
CBAM-16394149,28070010,335.416,tonne,1798.649,CN
CBAM-59257205,31021000,260.786,tonne,3904.404,IN
CBAM-58242183,27160000,810.542,tonne,1380.534,TR
CBAM-92531103,25232900,651.984,tonne,1717.15,UA
CBAM-77307288,72083900,32.629,tonne,3177.791,MA
CBAM-37166210,76011000,358.905,tonne,1005.153,CN
CBAM-13951381,28070010,495.118,tonne,4163.703,IN
CBAM-52748619,31021000,489.501,tonne,931.246,TR
CBAM-57436836,27160000,529.657,tonne,161.492,UA
CBAM-19405543,25232900,499.603,tonne,2341.819,MA
CBAM-97309998,72083900,647.658,tonne,1368.716,CN
CBAM-26025957,76011000,37.14,tonne,3729.81,IN
CBAM-47719910,28070010,643.992,tonne,3471.686,TR
CBAM-27116123,31021000,59.432,tonne,4515.866,UA
CBAM-77556748,27160000,801.941,tonne,3201.565,MA
CBAM-70687149,25232900,633.507,tonne,2392.58,CN
CBAM-54731400,72083900,156.706,tonne,4553.893,IN
CBAM-57605396,76011000,221.019,tonne,376.045,TR
CBAM-23585368,28070010,211.543,tonne,3427.336,UA
CBAM-74719169,31021000,84.366,tonne,4493.455,MA
CBAM-89559603,27160000,850.483,tonne,3065.483,CN
CBAM-60165276,25232900,953.546,tonne,4500.617,IN
CBAM-44671764,72083900,704.9,tonne,1700.651,TR
CBAM-61669798,76011000,969.103,tonne,3878.862,UA
CBAM-46084504,28070010,860.396,tonne,2014.657,MA
CBAM-09067797,31021000,752.363,tonne,1068.137,CN
CBAM-05339700,27160000,337.19,tonne,4314.86,IN
CBAM-69603668,25232900,829.075,tonne,433.188,TR
CBAM-77279694,72083900,262.848,tonne,156.433,UA
CBAM-14569061,76011000,958.241,tonne,1405.065,MA
CBAM-34392645,28070010,899.5,tonne,518.925,CN
CBAM-58236892,31021000,120.089,tonne,2555.679,IN
CBAM-77638048,27160000,965.896,tonne,1925.998,TR
CBAM-01575335,25232900,927.386,tonne,2344.603,UA
CBAM-33890339,72083900,528.557,tonne,1008.76,MA
CBAM-81984245,76011000,783.879,tonne,4127.783,CN
CBAM-72881411,28070010,516.661,tonne,3037.678,IN
CBAM-59612383,31021000,914.562,tonne,2529.242,TR
CBAM-22076714,27160000,44.758,tonne,4303.006,UA
CBAM-56962644,25232900,207.865,tonne,3991.752,MA
CBAM-76375774,72083900,808.577,tonne,4189.351,CN
CBAM-04534991,76011000,87.616,tonne,746.585,IN
CBAM-14890511,28070010,919.301,tonne,3272.942,TR
CBAM-47735267,31021000,693.301,tonne,2412.463,UA
CBAM-54101063,27160000,410.888,tonne,3108.394,MA
CBAM-21322629,25232900,248.837,tonne,4043.419,CN
CBAM-06697606,72083900,570.914,tonne,3706.181,IN
CBAM-60874118,76011000,587.913,tonne,388.731,TR
CBAM-90615790,28070010,616.639,tonne,4022.432,UA
CBAM-22590255,31021000,863.571,tonne,1227.898,MA
CBAM-37867798,27160000,180.747,tonne,4357.581,CN
CBAM-62730886,25232900,951.929,tonne,1725.81,IN
CBAM-37387758,72083900,396.509,tonne,2901.226,TR
CBAM-79098622,76011000,309.976,tonne,4685.608,UA
CBAM-83035914,28070010,37.857,tonne,4392.158,MA
CBAM-84693741,31021000,547.552,tonne,3455.71,CN
CBAM-26478335,27160000,444.484,tonne,1949.242,IN
CBAM-97723836,25232900,698.845,tonne,3814.324,TR
CBAM-72780342,72083900,258.768,tonne,925.519,UA
CBAM-61376862,76011000,250.323,tonne,1829.186,MA
CBAM-42786295,28070010,259.132,tonne,4305.57,CN
CBAM-13640004,31021000,359.481,tonne,3191.064,IN
CBAM-70769249,27160000,465.769,tonne,874.321,TR
CBAM-17977629,25232900,281.216,tonne,5000.108,UA
CBAM-87839514,72083900,893.571,tonne,3225.624,MA
CBAM-88272709,76011000,886.37,tonne,2588.34,CN
CBAM-39643814,28070010,70.973,tonne,2302.113,IN
CBAM-68444358,31021000,143.371,tonne,3268.184,TR
CBAM-45109054,27160000,436.177,tonne,3819.115,UA
CBAM-12478566,25232900,420.455,tonne,203.13,MA
CBAM-19295008,72083900,657.203,tonne,3652.104,CN
CBAM-76615064,76011000,302.924,tonne,1245.942,IN
CBAM-65300213,28070010,984.522,tonne,3315.934,TR
CBAM-72828197,31021000,105.105,tonne,2478.204,UA
CBAM-68346993,27160000,243.027,tonne,765.597,MA
CBAM-04156402,25232900,100.3,tonne,1601.746,CN
CBAM-02252592,72083900,581.685,tonne,775.853,IN
CBAM-47783444,76011000,433.384,tonne,2930.716,TR
CBAM-75168688,28070010,845.156,tonne,90.333,UA
CBAM-77782774,31021000,484.95,tonne,212.386,MA
CBAM-31449138,27160000,807.36,tonne,665.518,CN
CBAM-51682873,25232900,772.721,tonne,2107.13,IN
CBAM-39884382,72083900,359.094,tonne,2702.688,TR
CBAM-72873059,76011000,520.319,tonne,4369.807,UA
CBAM-83901256,28070010,380.215,tonne,2116.032,MA
CBAM-47424247,31021000,904.804,tonne,833.063,CN
CBAM-91977081,27160000,613.095,tonne,1971.145,IN
CBAM-95988352,25232900,660.545,tonne,1796.973,TR
CBAM-78635339,72083900,478.337,tonne,347.22,UA
CBAM-59922940,76011000,975.134,tonne,1908.898,MA
CBAM-61298036,28070010,153.364,tonne,1176.066,CN
CBAM-57491417,31021000,264.38,tonne,561.244,IN
CBAM-24789656,27160000,728.401,tonne,935.962,TR
CBAM-78584474,25232900,253.159,tonne,4879.984,UA
CBAM-04165047,72083900,311.522,tonne,501.106,MA
CBAM-82448354,76011000,622.882,tonne,4667.93,CN
CBAM-02573441,28070010,690.874,tonne,3567.103,IN
CBAM-55442421,31021000,396.062,tonne,2822.523,TR
CBAM-71766696,27160000,557.593,tonne,3247.167,UA
CBAM-00191396,25232900,464.678,tonne,3146.334,MA
CBAM-59753785,72083900,542.575,tonne,4529.218,CN
CBAM-65812967,76011000,546.52,tonne,653.356,IN
CBAM-98464123,28070010,485.785,tonne,3980.854,TR
CBAM-54236368,31021000,392.786,tonne,758.975,UA
CBAM-20963590,27160000,233.602,tonne,1828.015,MA
CBAM-83681015,25232900,581.167,tonne,2599.601,CN
CBAM-26192123,72083900,280.152,tonne,1206.752,IN
CBAM-92500663,76011000,810.69,tonne,3168.956,TR
CBAM-97316552,28070010,187.648,tonne,1751.829,UA
CBAM-18898916,31021000,617.774,tonne,2326.567,MA
CBAM-57473268,27160000,783.8,tonne,1310.038,CN
CBAM-75359709,25232900,853.564,tonne,2286.537,IN
CBAM-79460799,72083900,156.237,tonne,2631.104,TR
CBAM-07427494,76011000,944.065,tonne,3151.852,UA
CBAM-66401424,28070010,63.355,tonne,1759.119,MA
CBAM-02648666,31021000,216.181,tonne,1850.092,CN
CBAM-62973339,27160000,926.727,tonne,4821.88,IN
CBAM-04600046,25232900,657.414,tonne,1862.268,TR
CBAM-90226344,72083900,484.989,tonne,2562.45,UA
CBAM-16837512,76011000,434.695,tonne,2760.137,MA
CBAM-73582408,28070010,891.475,tonne,230.7,CN
CBAM-11726157,31021000,66.303,tonne,1633.143,IN
CBAM-90938710,27160000,832.296,tonne,1282.864,TR
CBAM-70735979,25232900,226.736,tonne,4779.209,UA
CBAM-16533325,72083900,557.274,tonne,3127.777,MA
CBAM-22609354,76011000,586.59,tonne,3389.176,CN
CBAM-10615116,28070010,343.514,tonne,4111.048,IN
CBAM-56718313,31021000,49.477,tonne,1678.735,TR
CBAM-92785927,27160000,315.599,tonne,2349.992,UA
CBAM-07541464,25232900,26.604,tonne,2272.728,MA
CBAM-72380208,72083900,90.94,tonne,1001.955,CN
CBAM-55331210,76011000,590.147,tonne,3705.49,IN
CBAM-87006647,28070010,550.935,tonne,1935.326,TR
CBAM-88101772,31021000,554.815,tonne,985.872,UA
CBAM-31737506,27160000,391.343,tonne,2372.42,MA
CBAM-14534482,25232900,921.773,tonne,1448.336,CN
CBAM-88956876,72083900,130.562,tonne,2965.405,IN
CBAM-78251612,76011000,350.066,tonne,4456.72,TR
CBAM-19486743,28070010,805.308,tonne,4305.327,UA
CBAM-02149612,31021000,872.875,tonne,2627.426,MA
CBAM-99417221,27160000,705.755,tonne,3206,CN
CBAM-32955378,25232900,248.165,tonne,3613.18,IN
CBAM-76893674,72083900,293.824,tonne,2789.728,TR
CBAM-28198993,76011000,654.826,tonne,4567.639,UA
CBAM-12906836,28070010,570.751,tonne,4259.282,MA
CBAM-78007808,31021000,627.666,tonne,2357.322,CN
CBAM-48259258,27160000,556.493,tonne,4839.865,IN
CBAM-33825083,25232900,966.86,tonne,2318.143,TR
CBAM-81769156,72083900,855.778,tonne,4020.276,UA
CBAM-64638381,76011000,878.716,tonne,2759.257,MA
CBAM-81530737,28070010,516.705,tonne,3907.571,CN
CBAM-77088457,31021000,523.192,tonne,1386.497,IN
CBAM-73692379,27160000,684.205,tonne,383.097,TR
CBAM-96991494,25232900,919.202,tonne,3357.871,UA
CBAM-06561138,72083900,544.735,tonne,4583.52,MA
CBAM-59397360,76011000,319.138,tonne,3357.489,CN
CBAM-31713863,28070010,360.075,tonne,3308.068,IN
CBAM-13250569,31021000,638.551,tonne,1924.442,TR
CBAM-92629440,27160000,703.509,tonne,1985.128,UA
CBAM-93995108,25232900,716.074,tonne,4456.292,MA
CBAM-91738751,72083900,378.474,tonne,3728.874,CN
CBAM-76163304,76011000,416.744,tonne,2348.672,IN
CBAM-04137139,28070010,58.799,tonne,1084.067,TR
CBAM-56682587,31021000,175.159,tonne,3686.002,UA
CBAM-44935079,27160000,144.48,tonne,4935.492,MA
CBAM-40415973,25232900,634.27,tonne,3620.103,CN
CBAM-52732221,72083900,987.946,tonne,299.733,IN
CBAM-57068234,76011000,276.138,tonne,1514.998,TR
CBAM-78525887,28070010,680.504,tonne,3295.677,UA
CBAM-90213850,31021000,769.182,tonne,2621.701,MA
CBAM-59157487,27160000,109.387,tonne,593.481,CN
CBAM-59775285,25232900,633.074,tonne,3471.052,IN
CBAM-36190913,72083900,946.314,tonne,3349.574,TR
CBAM-84875069,76011000,175.444,tonne,2747.102,UA
CBAM-23689509,28070010,441.006,tonne,743.528,MA
CBAM-61336941,31021000,230.325,tonne,301.505,CN
CBAM-50637245,27160000,126.857,tonne,3914.646,IN
CBAM-84903699,25232900,199.332,tonne,4019.279,TR
CBAM-39577728,72083900,428.717,tonne,2064.485,UA
CBAM-91179403,76011000,598.463,tonne,5009.672,MA
CBAM-06390193,28070010,369.688,tonne,1509.846,CN
CBAM-45270557,31021000,113.724,tonne,1742.798,IN
CBAM-22758291,27160000,671.882,tonne,4405.078,TR
CBAM-31092156,25232900,194.469,tonne,4571.312,UA
CBAM-99503262,72083900,297.429,tonne,27.196,MA
CBAM-08387991,76011000,345.456,tonne,3170.956,CN
CBAM-74741901,28070010,280.519,tonne,877.655,IN
CBAM-16981136,31021000,760.695,tonne,3194.229,TR
CBAM-01121786,27160000,421.031,tonne,4961.912,UA
CBAM-10072695,25232900,256.946,tonne,4476.102,MA
CBAM-57963453,72083900,883.274,tonne,2280.033,CN
CBAM-29294523,76011000,446.592,tonne,1170.092,IN
CBAM-68394730,28070010,733.59,tonne,1421.868,TR
CBAM-65675787,31021000,336.736,tonne,4107.941,UA
CBAM-68246283,27160000,406.401,tonne,3648.899,MA
CBAM-97133694,25232900,969.643,tonne,4398.864,CN
CBAM-70215005,72083900,639.215,tonne,3034.944,IN
CBAM-47519878,76011000,359.183,tonne,1315.217,TR
CBAM-78413749,28070010,921.353,tonne,4541.85,UA
CBAM-32156488,31021000,164.247,tonne,4736.027,MA
CBAM-00525465,27160000,959.521,tonne,1878.203,CN
CBAM-94813991,25232900,287.665,tonne,4137.619,IN
CBAM-77189941,72083900,577.027,tonne,2217.738,TR
CBAM-17611971,76011000,862.044,tonne,1905.371,UA
CBAM-83813478,28070010,318.273,tonne,4403.58,MA
CBAM-25488776,31021000,861.918,tonne,4069.506,CN
CBAM-54116769,27160000,688.496,tonne,840.393,IN
CBAM-48958229,25232900,765.857,tonne,3859.193,TR
CBAM-88127361,72083900,408.775,tonne,3772.596,UA
CBAM-94980113,76011000,822.751,tonne,3601.234,MA
CBAM-81057143,28070010,767.019,tonne,268.59,CN
CBAM-32545345,31021000,108.812,tonne,3840.964,IN
CBAM-96104350,27160000,519.206,tonne,2358.437,TR
CBAM-62929628,25232900,751.178,tonne,3373.299,UA
CBAM-28499591,72083900,765.501,tonne,4045.778,MA
CBAM-25671443,76011000,378.026,tonne,2829.945,CN
CBAM-55377348,28070010,86.112,tonne,3263.178,IN
CBAM-80536238,31021000,113.147,tonne,1655.591,TR
CBAM-40564688,27160000,800.69,tonne,4531.003,UA
CBAM-11874038,25232900,852.874,tonne,2139.43,MA
CBAM-48560534,72083900,106.479,tonne,4148.538,CN
CBAM-82418826,76011000,430.181,tonne,253.155,IN
CBAM-54632886,28070010,238.113,tonne,1277.859,TR
CBAM-63754571,31021000,168.925,tonne,2349.897,UA
CBAM-82125650,27160000,238.067,tonne,4557.619,MA
CBAM-06221498,25232900,61.178,tonne,3933.253,CN
CBAM-61098454,72083900,456.053,tonne,1379.618,IN
CBAM-24899154,76011000,426.192,tonne,457.995,TR
CBAM-42879407,28070010,249.94,tonne,1567.57,UA
CBAM-12577375,31021000,539.77,tonne,3639.276,MA
CBAM-74709984,27160000,36.844,tonne,4129.154,CN
CBAM-77468024,25232900,699.814,tonne,103.176,IN
CBAM-79301089,72083900,694.933,tonne,1615.178,TR
CBAM-91765791,76011000,986.889,tonne,2451.318,UA
CBAM-68568744,28070010,562.745,tonne,1775.028,MA
CBAM-38195159,31021000,27.331,tonne,2833.052,CN
CBAM-73286794,27160000,958.339,tonne,1019.063,IN
CBAM-91377932,25232900,916.599,tonne,3070.015,TR
CBAM-37451743,72083900,322.572,tonne,2886.31,UA
CBAM-79933361,76011000,178.943,tonne,3066.977,MA
CBAM-07508321,28070010,920.566,tonne,1814.757,CN
CBAM-17278757,31021000,441.441,tonne,3698.899,IN
CBAM-85989708,27160000,863.456,tonne,4896.407,TR
CBAM-54540952,25232900,32.637,tonne,1953.482,UA
CBAM-57071684,72083900,186.081,tonne,4123.657,MA
CBAM-67471275,76011000,506.855,tonne,1774.045,CN
CBAM-92319055,28070010,341.12,tonne,3300.71,IN
CBAM-74058576,31021000,804.309,tonne,2194.533,TR
CBAM-35862079,27160000,522.401,tonne,187.096,UA
CBAM-17078870,25232900,239.748,tonne,2829.48,MA
CBAM-47850697,72083900,117.236,tonne,4338.01,CN
CBAM-23483110,76011000,635.591,tonne,1178.365,IN
CBAM-89014658,28070010,377.369,tonne,4588.11,TR
CBAM-92741914,31021000,303.482,tonne,1359.515,UA
CBAM-02155729,27160000,522.291,tonne,1405.987,MA
CBAM-18405287,25232900,582.918,tonne,997.055,CN
CBAM-82523610,72083900,344.562,tonne,2023.014,IN
CBAM-36851421,76011000,343.839,tonne,64.208,TR
CBAM-87666259,28070010,749.554,tonne,4146.738,UA
CBAM-81481733,31021000,951.127,tonne,270.056,MA
CBAM-73933900,27160000,154.102,tonne,2410.065,CN
CBAM-55019149,25232900,152.534,tonne,1900.846,IN
CBAM-88961931,72083900,217.774,tonne,2399.583,TR
CBAM-46674618,76011000,341.751,tonne,3911.477,UA
CBAM-40478418,28070010,669.93,tonne,1491.36,MA
CBAM-61292329,31021000,128.578,tonne,1370.703,CN
CBAM-71113169,27160000,365.345,tonne,3972.996,IN
CBAM-57586957,25232900,822.191,tonne,4745.141,TR
CBAM-90112080,72083900,655.5,tonne,160.585,UA
CBAM-71042759,76011000,297.546,tonne,1974.605,MA
CBAM-88898624,28070010,609.739,tonne,3583.125,CN
CBAM-50467990,31021000,687.033,tonne,607.983,IN
CBAM-63945224,27160000,561.254,tonne,360.061,TR
CBAM-56213625,25232900,483.868,tonne,595.972,UA
CBAM-70979663,72083900,260.13,tonne,4701.071,MA
CBAM-24240000,76011000,203.435,tonne,939.993,CN
CBAM-14205013,28070010,82.593,tonne,2335.47,IN
CBAM-63592617,31021000,103.29,tonne,4451.466,TR
CBAM-17278198,27160000,903.802,tonne,3723.902,UA
CBAM-55120281,25232900,310.633,tonne,3385.07,MA
CBAM-83122551,72083900,320.874,tonne,2491.687,CN
CBAM-32132425,76011000,74.926,tonne,1268.822,IN
CBAM-21213786,28070010,79.024,tonne,322.713,TR
CBAM-51863764,31021000,197.794,tonne,3543.485,UA
CBAM-70156985,27160000,585.455,tonne,2535.549,MA
CBAM-44345796,25232900,509.69,tonne,2245.413,CN
CBAM-42298140,72083900,575.082,tonne,3546.615,IN
CBAM-58647121,76011000,194.175,tonne,2814.999,TR
CBAM-01401829,28070010,565.714,tonne,475.246,UA
CBAM-99233856,31021000,920.721,tonne,741.961,MA
CBAM-59296231,27160000,931.352,tonne,1965.622,CN
CBAM-04974743,25232900,245.711,tonne,2244.277,IN
CBAM-25616265,72083900,721.632,tonne,3551.116,TR
CBAM-74738024,76011000,24.455,tonne,2180.618,UA
CBAM-45196730,28070010,766.096,tonne,2844.736,MA
CBAM-49793412,31021000,403.944,tonne,2202.909,CN
CBAM-06522673,27160000,675.557,tonne,407.674,IN
CBAM-54212493,25232900,729.969,tonne,767.743,TR
CBAM-66733149,72083900,398.359,tonne,4525.826,UA
CBAM-13470682,76011000,892.37,tonne,1138.033,MA
CBAM-13063008,28070010,932.532,tonne,3732.564,CN
CBAM-86919613,31021000,133.444,tonne,913.327,IN
CBAM-62020092,27160000,170.949,tonne,2162.114,TR
CBAM-70276242,25232900,421.038,tonne,2033.31,UA
CBAM-87124543,72083900,509.782,tonne,4443.998,MA
CBAM-10133025,76011000,241.879,tonne,1165.919,CN
CBAM-85287556,28070010,307.994,tonne,2719.223,IN
CBAM-50872834,31021000,281.516,tonne,2409.124,TR
CBAM-60306686,27160000,422.584,tonne,3262.382,UA
CBAM-84189094,25232900,455.056,tonne,1536.136,MA
CBAM-52935128,72083900,761.568,tonne,4115.409,CN
CBAM-34063266,76011000,179.347,tonne,3091.713,IN
CBAM-00843053,28070010,343.644,tonne,3015.559,TR
CBAM-02343162,31021000,640.603,tonne,892.359,UA
CBAM-61549688,27160000,862.279,tonne,3853.657,MA
CBAM-12005194,25232900,991.952,tonne,2429.852,CN
CBAM-17931082,72083900,630.085,tonne,286.837,IN
CBAM-34410984,76011000,260.602,tonne,1321.034,TR
CBAM-53227034,28070010,747.582,tonne,1018.855,UA
CBAM-60333224,31021000,945.318,tonne,4175.075,MA
CBAM-66189586,27160000,66.664,tonne,3565.526,CN
CBAM-50721571,25232900,294.749,tonne,3453.927,IN
CBAM-74757849,72083900,579.891,tonne,2149.28,TR
CBAM-33131010,76011000,115.866,tonne,1689.76,UA
CBAM-21270849,28070010,417.378,tonne,2331.981,MA
CBAM-39820589,31021000,940.385,tonne,826.32,CN
CBAM-42959889,27160000,277.258,tonne,2824.018,IN
CBAM-59697428,25232900,242.375,tonne,3071.776,TR
CBAM-21834792,72083900,916.332,tonne,1926.573,UA
CBAM-20684086,76011000,711.969,tonne,985.056,MA
CBAM-36691253,28070010,522.683,tonne,1914.573,CN
CBAM-99476016,31021000,87.6,tonne,3719.249,IN
CBAM-94886718,27160000,252.042,tonne,4786.242,TR
CBAM-95709320,25232900,384.381,tonne,471.492,UA
CBAM-88782193,72083900,943.16,tonne,4991.521,MA
CBAM-54648153,76011000,822.913,tonne,3620.907,CN
CBAM-88964625,28070010,498.447,tonne,4447.772,IN
CBAM-68403329,31021000,572.229,tonne,3012.827,TR
CBAM-50634705,27160000,310.489,tonne,2713.979,UA
CBAM-40543583,25232900,486.333,tonne,1238.394,MA
CBAM-68114066,72083900,469.407,tonne,4921.93,CN
CBAM-86407179,76011000,242.053,tonne,3225.084,IN
CBAM-78717463,28070010,235.528,tonne,954.898,TR
CBAM-76633658,31021000,87.684,tonne,4076.468,UA
CBAM-15694286,27160000,985.209,tonne,3198.674,MA
CBAM-78723008,25232900,895.039,tonne,1917.209,CN
CBAM-11797763,72083900,594.623,tonne,2620.063,IN
CBAM-02220340,76011000,893.589,tonne,3162.018,TR
CBAM-29361173,28070010,365.592,tonne,4107.646,UA
CBAM-54366726,31021000,557.535,tonne,3519.159,MA
CBAM-43773998,27160000,574.913,tonne,4632.51,CN
CBAM-28376741,25232900,288.446,tonne,4413.558,IN
CBAM-55403204,72083900,88.519,tonne,3044.246,TR
CBAM-94703535,76011000,478.168,tonne,2953.831,UA
CBAM-98500802,28070010,804.472,tonne,1291.232,MA
CBAM-63530945,31021000,23.547,tonne,3837.942,CN
CBAM-20461557,27160000,172.058,tonne,4140.5,IN
CBAM-42784825,25232900,894.719,tonne,1227.449,TR
CBAM-23483033,72083900,372.742,tonne,2636.531,UA
CBAM-86024397,76011000,730.332,tonne,3145.396,MA
CBAM-03762709,28070010,553.213,tonne,2179.594,CN
CBAM-89423330,31021000,97.301,tonne,4574.915,IN
CBAM-32566491,27160000,168.546,tonne,3567.119,TR
CBAM-23799019,25232900,661.978,tonne,909.649,UA
CBAM-33639202,72083900,574.003,tonne,1163.296,MA
CBAM-52891512,76011000,786.645,tonne,482.576,CN
CBAM-38553866,28070010,107.528,tonne,2965.875,IN
CBAM-95608163,31021000,384.223,tonne,3434.995,TR
CBAM-91408611,27160000,395.211,tonne,1763.565,UA
CBAM-95669814,25232900,85.283,tonne,4856.618,MA
CBAM-87853842,72083900,969.438,tonne,995.669,CN
CBAM-64982169,76011000,821.137,tonne,2447.586,IN
CBAM-74417302,28070010,620.832,tonne,3859.878,TR
CBAM-50260065,31021000,521.364,tonne,2131.674,UA
CBAM-80469656,27160000,680.986,tonne,4357.037,MA
CBAM-32316015,25232900,208.69,tonne,4390.911,CN
CBAM-21209448,72083900,406.818,tonne,861.828,IN
CBAM-23209011,76011000,315.146,tonne,3647.867,TR
CBAM-97361309,28070010,546.216,tonne,2664.025,UA
CBAM-88023788,31021000,563.652,tonne,452.473,MA
CBAM-97296656,27160000,118.151,tonne,4421.051,CN
CBAM-71831449,25232900,388.2,tonne,1980.348,IN
CBAM-91145022,72083900,395.913,tonne,2653.698,TR
CBAM-42236187,76011000,153.289,tonne,2919.207,UA
CBAM-50149720,28070010,49.708,tonne,1296.034,MA
CBAM-66554474,31021000,790.147,tonne,2105.784,CN
CBAM-80192694,27160000,131.806,tonne,4276.1,IN
CBAM-45554464,25232900,344.853,tonne,2716.503,TR
CBAM-88243957,72083900,172.138,tonne,1955.745,UA
CBAM-02516124,76011000,234.008,tonne,3929.478,MA
CBAM-84405388,28070010,651.425,tonne,1823.318,CN
CBAM-30931668,31021000,179.639,tonne,4323.38,IN
CBAM-04130075,27160000,898.749,tonne,306.923,TR
CBAM-57385909,25232900,714.516,tonne,5002.096,UA
CBAM-46043148,72083900,5.22,tonne,4191.128,MA
CBAM-99804643,76011000,797.397,tonne,3224.786,CN
CBAM-06313297,28070010,922.296,tonne,636.24,IN
CBAM-52638104,31021000,314.258,tonne,1205.934,TR
CBAM-30115085,27160000,647.795,tonne,563.077,UA
CBAM-06105536,25232900,306.494,tonne,2326.126,MA
CBAM-58925177,72083900,205.273,tonne,4969.51,CN
CBAM-59258871,76011000,203.098,tonne,2410.341,IN
CBAM-66413194,28070010,924.15,tonne,4739.665,TR
CBAM-95725101,31021000,724.373,tonne,4804.059,UA
CBAM-01887442,27160000,834.385,tonne,4842.869,MA
CBAM-73844291,25232900,339.241,tonne,1534.17,CN
CBAM-50965345,72083900,105.428,tonne,3750.088,IN
CBAM-35933933,76011000,800.756,tonne,5001.288,TR
CBAM-05384863,28070010,149.393,tonne,3421.602,UA
CBAM-40445267,31021000,557.193,tonne,233.354,MA
CBAM-33240957,27160000,131.513,tonne,204.913,CN
CBAM-57712279,25232900,267.898,tonne,996.655,IN
CBAM-40740722,72083900,648.01,tonne,4139.539,TR
CBAM-54657119,76011000,387.538,tonne,232.247,UA
CBAM-66339914,28070010,65.726,tonne,3657.54,MA
CBAM-07292165,31021000,895.178,tonne,1985.052,CN
CBAM-42795872,27160000,278.375,tonne,3070.432,IN
CBAM-68472518,25232900,547.339,tonne,4727.8,TR
CBAM-23983689,72083900,244.349,tonne,4372.604,UA
CBAM-99241670,76011000,489.41,tonne,99.606,MA
CBAM-31602974,28070010,820.333,tonne,1127.011,CN
CBAM-23397874,31021000,655.183,tonne,3295.414,IN
CBAM-79597554,27160000,354.346,tonne,3553.123,TR
CBAM-21117176,25232900,818.853,tonne,4591.874,UA
CBAM-01471483,72083900,477.553,tonne,334.556,MA
CBAM-16015525,76011000,895.304,tonne,2053.124,CN
CBAM-27016675,28070010,192.341,tonne,2335.303,IN
CBAM-01577097,31021000,368.92,tonne,1776.178,TR
CBAM-79680798,27160000,12.133,tonne,4756.43,UA
CBAM-45243237,25232900,234.708,tonne,96.744,MA
CBAM-01163586,72083900,767.917,tonne,264.866,CN
CBAM-86391442,76011000,693.497,tonne,3012.519,IN
CBAM-83713138,28070010,824.36,tonne,3629.701,TR
CBAM-75422014,31021000,513.143,tonne,3920.585,UA
CBAM-63595242,27160000,960.861,tonne,2511.013,MA
CBAM-64764340,25232900,807.76,tonne,3892.711,CN
CBAM-84693979,72083900,255.614,tonne,73.496,IN
CBAM-46735105,76011000,449.795,tonne,4288.627,TR
CBAM-78971442,28070010,280.49,tonne,2794.87,UA
CBAM-75724079,31021000,222.531,tonne,925.406,MA
CBAM-66682294,27160000,557.364,tonne,2462.778,CN
CBAM-44897701,25232900,866.426,tonne,264.274,IN
CBAM-53488342,72083900,136.188,tonne,525.319,TR
CBAM-39431407,76011000,22.254,tonne,3492.641,UA
CBAM-62252338,28070010,339.26,tonne,3771.744,MA
CBAM-19325714,31021000,422.368,tonne,2424.685,CN
CBAM-44210706,27160000,542.431,tonne,2282.63,IN
CBAM-93966033,25232900,826.161,tonne,2888.993,TR
CBAM-11708630,72083900,1.913,tonne,1953.253,UA
CBAM-15033233,76011000,129.571,tonne,461.272,MA
CBAM-09017617,28070010,590.459,tonne,2475.747,CN
CBAM-87200940,31021000,100.906,tonne,3132.518,IN
CBAM-56854364,27160000,883.034,tonne,4829.825,TR
CBAM-09232100,25232900,382.722,tonne,1443.616,UA
CBAM-51327396,72083900,593.891,tonne,2344.715,MA
CBAM-19333392,76011000,575.658,tonne,977.928,CN
CBAM-17286570,28070010,555.353,tonne,4753.947,IN
CBAM-25170149,31021000,646.963,tonne,1383.04,TR
CBAM-92794695,27160000,162.655,tonne,4791.283,UA
CBAM-63332147,25232900,323.888,tonne,3766.504,MA
CBAM-51000943,72083900,379.526,tonne,1933.453,CN
CBAM-12728721,76011000,177.055,tonne,1084.797,IN
CBAM-19063373,28070010,296.092,tonne,4892.312,TR
CBAM-38959750,31021000,851.052,tonne,300.869,UA
CBAM-44742958,27160000,677.497,tonne,3469.055,MA
CBAM-12655235,25232900,963.896,tonne,400.044,CN
CBAM-95427217,72083900,176.617,tonne,3734.377,IN
CBAM-59214780,76011000,901.245,tonne,4401.503,TR
CBAM-68873211,28070010,536.716,tonne,4165.879,UA
CBAM-96059641,31021000,543.542,tonne,1979.657,MA
CBAM-80284782,27160000,771.238,tonne,1684.31,CN
CBAM-88647910,25232900,745.741,tonne,3759.377,IN
CBAM-48838737,72083900,452.65,tonne,3056.177,TR
CBAM-64876567,76011000,614.193,tonne,408.472,UA
CBAM-47428331,28070010,722.284,tonne,1501.163,MA
CBAM-40708651,31021000,355.829,tonne,1571.423,CN
CBAM-80116550,27160000,336.734,tonne,449.862,IN
CBAM-63299352,25232900,86.338,tonne,4807.909,TR
CBAM-68313244,72083900,136.737,tonne,1113.235,UA
CBAM-14140219,76011000,500.939,tonne,3845.296,MA
CBAM-68748177,28070010,39.529,tonne,2128.227,CN
CBAM-68914984,31021000,97.887,tonne,3447.772,IN
CBAM-40253762,27160000,582.414,tonne,1320.296,TR
CBAM-09746309,25232900,176.626,tonne,1326.689,UA
CBAM-02649217,72083900,362.676,tonne,279.033,MA
CBAM-79195519,76011000,599.844,tonne,4059.321,CN
CBAM-49501262,28070010,458.212,tonne,3409.635,IN
CBAM-24155273,31021000,101.179,tonne,2734.095,TR
CBAM-68412298,27160000,644.434,tonne,3957.668,UA
CBAM-99281676,25232900,286.791,tonne,1581.514,MA
CBAM-43910780,72083900,71.796,tonne,2851.223,CN
CBAM-87894962,76011000,346.438,tonne,3604.769,IN
CBAM-33386181,28070010,25.847,tonne,471.319,TR
CBAM-13075414,31021000,523.005,tonne,4266.261,UA
CBAM-62503759,27160000,428.763,tonne,818.094,MA
CBAM-46637755,25232900,709.183,tonne,2274.395,CN
CBAM-32814279,72083900,914.21,tonne,4145.792,IN
CBAM-95431540,76011000,94.392,tonne,1826.746,TR
CBAM-89818076,28070010,547.97,tonne,1275.474,UA
CBAM-53081537,31021000,539.436,tonne,4818.107,MA
CBAM-57172374,27160000,802.738,tonne,1724.61,CN
CBAM-34062362,25232900,769.632,tonne,938.79,IN
CBAM-44385339,72083900,486.734,tonne,4413.461,TR
CBAM-75993068,76011000,87.543,tonne,519.782,UA
CBAM-01016524,28070010,960.057,tonne,3738.369,MA
CBAM-20533904,31021000,618.454,tonne,250.72,CN
CBAM-47938079,27160000,875.252,tonne,473.256,IN
CBAM-19693294,25232900,829.827,tonne,2100.627,TR
CBAM-96981246,72083900,784.917,tonne,3660.29,UA
CBAM-63053565,76011000,550.854,tonne,1442.632,MA
CBAM-71168200,28070010,973.262,tonne,1387.362,CN
CBAM-95261374,31021000,747.622,tonne,4501.606,IN
CBAM-05584089,27160000,644.553,tonne,2428.947,TR
CBAM-80253381,25232900,17.525,tonne,3829.448,UA
CBAM-14696842,72083900,541.518,tonne,777.998,MA
CBAM-83585149,76011000,196.07,tonne,159.642,CN
CBAM-35992746,28070010,331.808,tonne,1936.848,IN
CBAM-49113623,31021000,15.456,tonne,2923.326,TR
CBAM-13179202,27160000,142.673,tonne,3282.23,UA
CBAM-48931382,25232900,185.872,tonne,2883.309,MA
CBAM-65055513,72083900,263.136,tonne,693.748,CN
CBAM-87347134,76011000,760.681,tonne,3756.288,IN
CBAM-84346326,28070010,634.58,tonne,3235.229,TR
CBAM-81053719,31021000,714.672,tonne,4144.216,UA
CBAM-45538459,27160000,628.336,tonne,4574.394,MA
CBAM-01515594,25232900,309.394,tonne,587.403,CN
CBAM-97628351,72083900,197.048,tonne,957.122,IN
CBAM-90367695,76011000,457.316,tonne,967.03,TR
CBAM-75511993,28070010,392.898,tonne,2412.971,UA
CBAM-89633597,31021000,381.566,tonne,488.223,MA
CBAM-33215704,27160000,17.694,tonne,2497.741,CN
CBAM-77282863,25232900,657.068,tonne,339.162,IN
CBAM-53667363,72083900,13.587,tonne,2989.428,TR
CBAM-72562083,76011000,112.518,tonne,1398.651,UA
CBAM-97616784,28070010,823.653,tonne,4676.157,MA
CBAM-12067589,31021000,942.849,tonne,3953.931,CN
CBAM-94165362,27160000,489.631,tonne,2819.231,IN
CBAM-06356135,25232900,463.628,tonne,3735.78,TR
CBAM-16005049,72083900,665.423,tonne,2314.371,UA
CBAM-23033590,76011000,771.747,tonne,50.122,MA
CBAM-37380619,28070010,972.168,tonne,4030.679,CN
CBAM-13822880,31021000,126.864,tonne,1994.944,IN
CBAM-61683496,27160000,31.598,tonne,3150.782,TR
CBAM-62467974,25232900,502.907,tonne,3615.154,UA
CBAM-25176306,72083900,869.251,tonne,2500.795,MA
CBAM-38997152,76011000,646.116,tonne,266.743,CN
CBAM-91900567,28070010,252.463,tonne,3495.969,IN
CBAM-67706744,31021000,533.656,tonne,307.004,TR
CBAM-93227293,27160000,558.936,tonne,1494.206,UA
CBAM-57412351,25232900,5.614,tonne,2924.964,MA
CBAM-97506832,72083900,733.569,tonne,3836.357,CN
CBAM-92498315,76011000,549.385,tonne,3681.696,IN
CBAM-26039930,28070010,942.063,tonne,27.639,TR
CBAM-54208906,31021000,545.605,tonne,1859.642,UA
CBAM-26419565,27160000,887.352,tonne,2276.289,MA
CBAM-10536436,25232900,724.483,tonne,1907.841,CN
CBAM-15088874,72083900,437.144,tonne,4087.187,IN
CBAM-54177552,76011000,187.704,tonne,3963.196,TR
CBAM-31018264,28070010,398.421,tonne,2687.485,UA
CBAM-04346476,31021000,481.159,tonne,4149.85,MA
CBAM-25536076,27160000,333.13,tonne,949.09,CN
CBAM-38029445,25232900,22.264,tonne,3466.394,IN
CBAM-51528393,72083900,843.055,tonne,4555.908,TR
CBAM-67793018,76011000,399.922,tonne,1764.355,UA
CBAM-11662820,28070010,792.553,tonne,1639.212,MA
CBAM-81875236,31021000,975.174,tonne,2509.421,CN
CBAM-86545137,27160000,835.638,tonne,3876.776,IN
CBAM-92926271,25232900,924.776,tonne,1032.467,TR
CBAM-14983201,72083900,864.612,tonne,395.175,UA
CBAM-81507342,76011000,987.316,tonne,4205.144,MA
CBAM-45355502,28070010,928.93,tonne,4065.459,CN
CBAM-04821915,31021000,980.475,tonne,4837.122,IN
CBAM-65600103,27160000,259.754,tonne,3403.194,TR
CBAM-40371154,25232900,723.107,tonne,1780.986,UA
CBAM-93334165,72083900,231.248,tonne,883.332,MA
CBAM-47696716,76011000,615.313,tonne,67.434,CN
CBAM-83376374,28070010,833.785,tonne,2438.745,IN
CBAM-06220881,31021000,517.443,tonne,129.46,TR
CBAM-80840906,27160000,353.742,tonne,799.305,UA
CBAM-19358122,25232900,685.68,tonne,4966.092,MA
CBAM-65721703,72083900,929.065,tonne,4736.373,CN
CBAM-11398437,76011000,456.713,tonne,2194.63,IN
CBAM-71875919,28070010,273.828,tonne,1771.069,TR
CBAM-06220291,31021000,929.557,tonne,401.647,UA
CBAM-52962108,27160000,570.011,tonne,3022.664,MA
CBAM-57195918,25232900,442.347,tonne,775.954,CN
CBAM-14596943,72083900,25.075,tonne,65.899,IN
CBAM-95943304,76011000,43.321,tonne,1243.747,TR
CBAM-09029476,28070010,947.753,tonne,4127.123,UA
CBAM-38656789,31021000,825.028,tonne,4228.928,MA
CBAM-50418266,27160000,1.176,tonne,4112.024,CN
CBAM-80905684,25232900,712.335,tonne,1572.791,IN
CBAM-55223856,72083900,980.776,tonne,3625.826,TR
CBAM-79824045,76011000,574.683,tonne,1177.567,UA
CBAM-61124898,28070010,164.474,tonne,791.152,MA
CBAM-27244318,31021000,132.366,tonne,3286.527,CN
CBAM-14881573,27160000,794.876,tonne,663.112,IN
CBAM-70370271,25232900,590.449,tonne,3946.247,TR
CBAM-14848514,72083900,68.801,tonne,1414.688,UA
CBAM-64996234,76011000,416.469,tonne,2858.415,MA
CBAM-38134111,28070010,956.722,tonne,1764.777,CN
CBAM-25106695,31021000,547.034,tonne,1010.425,IN
CBAM-69688526,27160000,214.022,tonne,4877.25,TR
CBAM-20328414,25232900,291.988,tonne,3513.069,UA
CBAM-35436249,72083900,983.284,tonne,4616.362,MA
CBAM-00089884,76011000,266.872,tonne,1790.366,CN
CBAM-05961072,28070010,443.055,tonne,1668.625,IN
CBAM-16492917,31021000,880.322,tonne,969.828,TR
CBAM-50150588,27160000,37.936,tonne,4909.224,UA
CBAM-61054186,25232900,415.601,tonne,3984.383,MA
CBAM-51741442,72083900,139.332,tonne,176.411,CN
CBAM-79090340,76011000,256.8,tonne,4833.486,IN
CBAM-64833232,28070010,531.982,tonne,3213.6,TR
CBAM-75828600,31021000,15.507,tonne,1128.84,UA
CBAM-28457771,27160000,722.311,tonne,3911.794,MA
CBAM-86206895,25232900,42.99,tonne,1655.388,CN
CBAM-30701521,72083900,748.483,tonne,4401.961,IN
CBAM-79022386,76011000,724.18,tonne,950.807,TR
CBAM-48671876,28070010,217.104,tonne,775.632,UA
CBAM-74477761,31021000,648.097,tonne,3301.725,MA
CBAM-85406257,27160000,685.543,tonne,4704.111,CN
CBAM-01855612,25232900,676.545,tonne,3746.856,IN
CBAM-68295530,72083900,394.263,tonne,4253.216,TR
CBAM-71210520,76011000,401.487,tonne,1355.44,UA
CBAM-18647038,28070010,390.293,tonne,1657.491,MA
CBAM-43916194,31021000,357.607,tonne,4771.013,CN
CBAM-21211203,27160000,311.962,tonne,4771.18,IN
CBAM-56805491,25232900,119.771,tonne,3542.929,TR
CBAM-57214767,72083900,47.315,tonne,4495.904,UA
CBAM-37647992,76011000,199.68,tonne,4207.13,MA
CBAM-18676292,28070010,280.316,tonne,13.931,CN
CBAM-80064421,31021000,545.195,tonne,4240.454,IN
CBAM-19907704,27160000,913.757,tonne,3450.926,TR
CBAM-59419400,25232900,571.295,tonne,3065.667,UA
CBAM-34586886,72083900,592.421,tonne,1110.835,MA
CBAM-45538319,76011000,759.379,tonne,4210.024,CN
CBAM-87632905,28070010,420.166,tonne,3238.976,IN
CBAM-11614916,31021000,150.912,tonne,4203.495,TR
CBAM-25056621,27160000,696.097,tonne,4854.36,UA
CBAM-68786146,25232900,597.629,tonne,660.041,MA
CBAM-13715972,72083900,27.222,tonne,2586.429,CN
CBAM-54550596,76011000,269.887,tonne,1017.779,IN
CBAM-71596974,28070010,968.609,tonne,2737.379,TR
CBAM-55896826,31021000,169.42,tonne,2875.831,UA
CBAM-40136583,27160000,360.394,tonne,2722.211,MA
CBAM-76856767,25232900,760.816,tonne,3424.968,CN
CBAM-67080077,72083900,553.394,tonne,1904.09,IN
CBAM-44520963,76011000,868.489,tonne,735.499,TR
CBAM-89042861,28070010,70.571,tonne,4456.96,UA
CBAM-66992169,31021000,406.029,tonne,3740.864,MA
CBAM-17563639,27160000,848.859,tonne,1628.118,CN
CBAM-92354929,25232900,291.799,tonne,3201.725,IN
CBAM-20269597,72083900,597.963,tonne,2979.451,TR
CBAM-21449235,76011000,247.362,tonne,742.814,UA
CBAM-28540911,28070010,75.557,tonne,2220.229,MA
CBAM-85744703,31021000,970.349,tonne,1109.478,CN
CBAM-68996346,27160000,310.281,tonne,1551.904,IN
CBAM-09041193,25232900,697.443,tonne,4347.166,TR
CBAM-62168612,72083900,643.919,tonne,10.518,UA
CBAM-02936177,76011000,820.905,tonne,3331.067,MA
CBAM-89998521,28070010,89.153,tonne,4068.267,CN
CBAM-61681688,31021000,145.853,tonne,2005.395,IN
CBAM-32758750,27160000,914.465,tonne,1525.989,TR
CBAM-60579718,25232900,651.506,tonne,3158.294,UA
CBAM-80360800,72083900,99.791,tonne,2397.948,MA
CBAM-22876641,76011000,588.746,tonne,313.415,CN
CBAM-40284976,28070010,14.432,tonne,2880.344,IN
CBAM-36913925,31021000,488.051,tonne,2145.856,TR
CBAM-79938611,27160000,777.572,tonne,923.404,UA
CBAM-48998931,25232900,996.979,tonne,2262.921,MA
CBAM-61587048,72083900,489.782,tonne,3194.958,CN
CBAM-00213988,76011000,963.466,tonne,4025.35,IN
CBAM-97952393,28070010,201.719,tonne,3700.996,TR
CBAM-78941152,31021000,178.685,tonne,890.509,UA
CBAM-02494106,27160000,906.797,tonne,1096.138,MA
CBAM-47807498,25232900,57.205,tonne,409.469,CN
CBAM-09523239,72083900,10.238,tonne,2620.501,IN
CBAM-95276760,76011000,173.434,tonne,2684.966,TR
CBAM-28481819,28070010,304.764,tonne,1122.914,UA
CBAM-26788213,31021000,163.53,tonne,4147.661,MA
CBAM-85503269,27160000,394.882,tonne,470.314,CN
CBAM-71858269,25232900,244.562,tonne,4975.233,IN
CBAM-27219459,72083900,834.418,tonne,3226.328,TR
CBAM-66988629,76011000,799.666,tonne,2984.349,UA
CBAM-45749976,28070010,731.51,tonne,4269.473,MA
CBAM-91275140,31021000,545.228,tonne,890.199,CN
CBAM-88063897,27160000,920.78,tonne,2700.433,IN
CBAM-04193804,25232900,110.882,tonne,126.617,TR
CBAM-54768739,72083900,566.974,tonne,1183.041,UA
CBAM-74939312,76011000,311.212,tonne,531.92,MA
CBAM-67694218,28070010,63.744,tonne,2399.361,CN
CBAM-29445758,31021000,306.428,tonne,4236.515,IN
CBAM-06623974,27160000,536.601,tonne,1292.446,TR
CBAM-23683139,25232900,646.081,tonne,4170.657,UA
CBAM-14117272,72083900,640.794,tonne,2910.018,MA
CBAM-46294828,76011000,325.691,tonne,328.504,CN
CBAM-47826354,28070010,141.314,tonne,2607.431,IN
CBAM-99788906,31021000,279.329,tonne,2489.125,TR
CBAM-97831814,27160000,547.503,tonne,948.211,UA
CBAM-38563166,25232900,404.166,tonne,3836.682,MA
CBAM-43128763,72083900,86.359,tonne,932.79,CN
CBAM-48895426,76011000,125.647,tonne,4646.239,IN
CBAM-62172001,28070010,114.226,tonne,335.538,TR
CBAM-74861720,31021000,705.588,tonne,2812.136,UA
CBAM-30774096,27160000,589.558,tonne,4276.74,MA
CBAM-65749047,25232900,757.478,tonne,3710.951,CN
CBAM-44861298,72083900,546.922,tonne,2459.138,IN
CBAM-62700548,76011000,467.334,tonne,4232.072,TR
CBAM-78565290,28070010,666.66,tonne,691.793,UA
CBAM-85983358,31021000,851.633,tonne,70.992,MA
CBAM-54965908,27160000,73.646,tonne,2661.317,CN
CBAM-20024726,25232900,435.84,tonne,1734.497,IN
CBAM-01070828,72083900,93.851,tonne,1678.462,TR
CBAM-80741089,76011000,818.295,tonne,85.648,UA
CBAM-38378031,28070010,497.148,tonne,876.767,MA
CBAM-10773724,31021000,248.983,tonne,2443.133,CN
CBAM-41289220,27160000,161.311,tonne,4169.878,IN
CBAM-57697318,25232900,870.872,tonne,3487.631,TR
CBAM-71872824,72083900,189.711,tonne,3901.247,UA
CBAM-05274246,76011000,538.616,tonne,4817.08,MA
CBAM-60886729,28070010,870.883,tonne,1386.057,CN
CBAM-57838988,31021000,812.768,tonne,3392.471,IN
CBAM-62619706,27160000,127.486,tonne,4960.165,TR
CBAM-45456723,25232900,58.263,tonne,4625.307,UA
CBAM-72765074,72083900,97.893,tonne,1676.404,MA
CBAM-42126805,76011000,585.769,tonne,3028.978,CN
CBAM-19820638,28070010,553.852,tonne,4878.099,IN
CBAM-13690794,31021000,881.1,tonne,982.055,TR
CBAM-99893168,27160000,929.047,tonne,3363.881,UA
CBAM-78874044,25232900,306.407,tonne,2163.658,MA
CBAM-55836054,72083900,621.257,tonne,1665.132,CN
CBAM-50197413,76011000,865.133,tonne,4484.358,IN
CBAM-14658485,28070010,27.203,tonne,1250.317,TR
CBAM-50552396,31021000,815.892,tonne,2724.431,UA
CBAM-34047988,27160000,152.599,tonne,1072.18,MA
CBAM-67205689,25232900,265.007,tonne,3827.567,CN
CBAM-95112053,72083900,427.676,tonne,4979.481,IN
CBAM-37388503,76011000,898.124,tonne,4901.248,TR
CBAM-04270600,28070010,696.862,tonne,1872.835,UA
CBAM-52683588,31021000,975.004,tonne,1560.792,MA
CBAM-57568241,27160000,878.423,tonne,3817.622,CN
CBAM-09897484,25232900,34.592,tonne,788.19,IN
CBAM-76613993,72083900,140.233,tonne,679.128,TR
CBAM-52312271,76011000,158.856,tonne,3405.792,UA
CBAM-08368018,28070010,309.027,tonne,4503.133,MA
CBAM-01741564,31021000,235.84,tonne,2017.588,CN
CBAM-05207126,27160000,628.021,tonne,350.195,IN
CBAM-07479928,25232900,349.518,tonne,1244.135,TR
CBAM-80585467,72083900,158.064,tonne,1001.982,UA
CBAM-51526270,76011000,228.554,tonne,1014.836,MA
CBAM-93611581,28070010,738.316,tonne,767.651,CN
CBAM-57683940,31021000,898.178,tonne,3321.164,IN
CBAM-18249886,27160000,456.981,tonne,1634.493,TR
CBAM-75199385,25232900,796.105,tonne,2260.666,UA
CBAM-54636033,72083900,305.53,tonne,3195.859,MA
CBAM-79982277,76011000,810.41,tonne,2691.819,CN
CBAM-30808668,28070010,571.434,tonne,4136.071,IN
CBAM-16181313,31021000,168.018,tonne,3645.566,TR
CBAM-88876454,27160000,298.606,tonne,1014.659,UA
CBAM-49776329,25232900,284.928,tonne,1500.781,MA
CBAM-75499556,72083900,765.893,tonne,903.639,CN
CBAM-08019724,76011000,650.703,tonne,1302.128,IN
CBAM-64095537,28070010,242.776,tonne,2910.684,TR
CBAM-88603340,31021000,907.527,tonne,1148.12,UA
CBAM-25206531,27160000,159.915,tonne,763.697,MA
CBAM-05638506,25232900,43.074,tonne,3462.376,CN
CBAM-80263428,72083900,411.042,tonne,3964.143,IN
CBAM-69230300,76011000,343.107,tonne,1720.315,TR
CBAM-80260175,28070010,900.911,tonne,139.126,UA
CBAM-57019626,31021000,551.817,tonne,655.201,MA
CBAM-14904689,27160000,421.094,tonne,21.892,CN
CBAM-80127789,25232900,715.889,tonne,3405.802,IN
CBAM-14200157,72083900,509.904,tonne,3837.626,TR
CBAM-19859650,76011000,877.853,tonne,4465.999,UA
CBAM-19971922,28070010,3.904,tonne,1577.921,MA
CBAM-91659836,31021000,345.896,tonne,2495.954,CN
CBAM-89218129,27160000,24.527,tonne,2763.996,IN
CBAM-08281869,25232900,273.815,tonne,2541.777,TR
CBAM-32081193,72083900,481.891,tonne,3349.952,UA
CBAM-95900910,76011000,13.033,tonne,3896.381,MA
CBAM-44340195,28070010,759.693,tonne,2417.978,CN
CBAM-97291692,31021000,484.087,tonne,714.434,IN
CBAM-98709792,27160000,336.738,tonne,3339.376,TR
CBAM-55499819,25232900,595.23,tonne,2297.435,UA
CBAM-78921525,72083900,973.28,tonne,2780.178,MA
CBAM-13178632,76011000,555.243,tonne,3235.81,CN
CBAM-57484219,28070010,963.598,tonne,4197.296,IN
CBAM-25582196,31021000,802.115,tonne,1396.716,TR
CBAM-96951444,27160000,95.515,tonne,2583.143,UA
CBAM-94096156,25232900,703.388,tonne,3723.167,MA
CBAM-82575100,72083900,795.657,tonne,232.722,CN
CBAM-94946486,76011000,337.116,tonne,4935.331,IN
CBAM-49198222,28070010,418.209,tonne,3989.177,TR
CBAM-73604326,31021000,643.338,tonne,2277.062,UA
CBAM-15246928,27160000,46.115,tonne,3484.018,MA
CBAM-49164544,25232900,567.139,tonne,829.257,CN
CBAM-29558438,72083900,314.754,tonne,2187.236,IN
CBAM-36660297,76011000,869.393,tonne,2954.753,TR
CBAM-07075786,28070010,915.763,tonne,561.198,UA
CBAM-00722661,31021000,198.716,tonne,2117.722,MA
CBAM-20827428,27160000,454.407,tonne,542.518,CN
CBAM-69539767,25232900,155.658,tonne,1177.474,IN
CBAM-77537406,72083900,215.476,tonne,2991.291,TR
CBAM-68888406,76011000,851.56,tonne,993.366,UA
CBAM-87628967,28070010,386.633,tonne,4927.576,MA
CBAM-50940880,31021000,653.752,tonne,4938.339,CN
CBAM-91650563,27160000,190.091,tonne,2881.496,IN
CBAM-50950144,25232900,224.545,tonne,803.264,TR
CBAM-46472398,72083900,537.741,tonne,2836.685,UA
CBAM-73631086,76011000,567.329,tonne,2875.301,MA
CBAM-41022290,28070010,663.337,tonne,2066.821,CN
CBAM-46555744,31021000,175.961,tonne,2504.357,IN
CBAM-75006853,27160000,268.431,tonne,4693.8,TR
CBAM-87969071,25232900,142.71,tonne,720.902,UA
CBAM-83301049,72083900,966.956,tonne,2751.613,MA
CBAM-54908820,76011000,975.361,tonne,3367.559,CN
CBAM-94927395,28070010,951.767,tonne,3067.808,IN
CBAM-51039154,31021000,920.56,tonne,1143.673,TR
CBAM-67179593,27160000,255.871,tonne,559.699,UA
CBAM-63113567,25232900,31.041,tonne,3075.936,MA
CBAM-36352103,72083900,214.902,tonne,4348.34,CN
CBAM-93249434,76011000,183.614,tonne,636.972,IN
CBAM-51429157,28070010,503.775,tonne,3467.676,TR
CBAM-26481760,31021000,71.09,tonne,4404.704,UA
CBAM-94250572,27160000,794.296,tonne,3478.004,MA
CBAM-06160328,25232900,448.804,tonne,3822.312,CN
CBAM-87606270,72083900,500.283,tonne,169.426,IN
CBAM-43406075,76011000,253.521,tonne,3592.943,TR
CBAM-50250576,28070010,621.765,tonne,3379.518,UA
CBAM-23555687,31021000,548.253,tonne,3237.167,MA
CBAM-14118812,27160000,546.872,tonne,2189.911,CN
CBAM-49285058,25232900,16.06,tonne,123.737,IN
CBAM-17518634,72083900,282.45,tonne,930.314,TR
CBAM-64943134,76011000,210.654,tonne,1353.625,UA
CBAM-59423602,28070010,574.947,tonne,4108.997,MA
CBAM-55884684,31021000,83.683,tonne,2523.799,CN
CBAM-59055809,27160000,462.976,tonne,2825.834,IN
CBAM-38810390,25232900,100.345,tonne,1409.943,TR
CBAM-67429603,72083900,259.73,tonne,266.964,UA
CBAM-20999446,76011000,269.097,tonne,2373.178,MA
CBAM-28616526,28070010,850.323,tonne,3742.608,CN
CBAM-18453745,31021000,39.591,tonne,924.579,IN
CBAM-21694163,27160000,786.505,tonne,3587.838,TR
CBAM-75669989,25232900,822.753,tonne,2536.108,UA
CBAM-36803708,72083900,724.714,tonne,1369.626,MA
CBAM-04379851,76011000,778.209,tonne,4552.44,CN
CBAM-02527283,28070010,296.235,tonne,3749.209,IN
CBAM-31811920,31021000,774.476,tonne,1079.216,TR
CBAM-41370791,27160000,672.653,tonne,3609.988,UA
CBAM-04511625,25232900,145.017,tonne,3773.903,MA
CBAM-64472834,72083900,842.149,tonne,587.709,CN
CBAM-10370216,76011000,612.883,tonne,4141.503,IN
CBAM-97395604,28070010,810.172,tonne,3000.522,TR
CBAM-27328526,31021000,521.842,tonne,1586.723,UA
CBAM-73007757,27160000,892.753,tonne,220.131,MA
CBAM-40367697,25232900,648.943,tonne,3660.223,CN
CBAM-45716229,72083900,879.649,tonne,2798.51,IN
CBAM-59398705,76011000,289.603,tonne,4280.351,TR
CBAM-63907709,28070010,827.68,tonne,1943.175,UA
CBAM-46425769,31021000,660.284,tonne,3474.288,MA
CBAM-28297048,27160000,339.396,tonne,1379.352,CN
CBAM-17034822,25232900,731.532,tonne,993.926,IN
CBAM-53304258,72083900,368.303,tonne,1344.383,TR
CBAM-23987437,76011000,795.824,tonne,3284.192,UA
CBAM-19666656,28070010,150.69,tonne,854.913,MA
CBAM-19385931,31021000,314.663,tonne,1599.696,CN
CBAM-30000559,27160000,222.827,tonne,4238.633,IN
CBAM-36297577,25232900,549.391,tonne,4370.464,TR
CBAM-40229850,72083900,709.899,tonne,787.24,UA
CBAM-45943790,76011000,475.692,tonne,4817.326,MA
CBAM-95988007,28070010,373.447,tonne,20.479,CN
CBAM-61377188,31021000,852.136,tonne,3234.359,IN
CBAM-88658259,27160000,781.402,tonne,123.319,TR
CBAM-96629629,25232900,373.491,tonne,1464.527,UA
CBAM-36908322,72083900,977.612,tonne,954.635,MA
CBAM-59414608,76011000,770.649,tonne,2920.181,CN
CBAM-42652759,28070010,658.115,tonne,4443.648,IN
CBAM-71523173,31021000,673.081,tonne,3997.185,TR
CBAM-68433363,27160000,401.641,tonne,3385.362,UA
CBAM-39480369,25232900,586.494,tonne,1717.702,MA
CBAM-51989653,72083900,777.648,tonne,3451.199,CN
CBAM-38582336,76011000,769.765,tonne,1402.487,IN
CBAM-06821555,28070010,715.675,tonne,2417.516,TR
CBAM-22494788,31021000,674.291,tonne,26.707,UA
CBAM-49064440,27160000,250.233,tonne,2073.025,MA
CBAM-12498058,25232900,608.519,tonne,1720.786,CN
CBAM-22015375,72083900,730.588,tonne,3023.866,IN
CBAM-08283820,76011000,347.638,tonne,3711.129,TR
CBAM-13324327,28070010,369.843,tonne,1510.779,UA
CBAM-18602984,31021000,476.537,tonne,2658.224,MA
CBAM-17700394,27160000,328.014,tonne,682.085,CN
CBAM-14171591,25232900,58.119,tonne,1422.387,IN
CBAM-79116710,72083900,505.536,tonne,1500.441,TR
CBAM-14705255,76011000,704.198,tonne,2429.682,UA
CBAM-06315894,28070010,346.32,tonne,2551.697,MA
CBAM-96217674,31021000,963.797,tonne,2162.89,CN
CBAM-19662012,27160000,63.169,tonne,2310.018,IN
CBAM-62713667,25232900,287.345,tonne,460.37,TR
CBAM-23948909,72083900,277.84,tonne,866.137,UA
CBAM-81233287,76011000,74.832,tonne,1651.598,MA
CBAM-18456018,28070010,556.22,tonne,389.934,CN
CBAM-73999629,31021000,1.111,tonne,3821.501,IN
CBAM-34319199,27160000,221.598,tonne,3277.53,TR
CBAM-85278048,25232900,241.624,tonne,2236.554,UA
CBAM-26411643,72083900,356.586,tonne,1217.223,MA
CBAM-79407686,76011000,109.294,tonne,2275.886,CN
CBAM-90064003,28070010,968.166,tonne,616.653,IN
CBAM-70499802,31021000,58.568,tonne,2677.892,TR
CBAM-60051515,27160000,211.64,tonne,3591.651,UA
CBAM-92388392,25232900,282.858,tonne,1798.097,MA
CBAM-53584512,72083900,775.054,tonne,45.694,CN
CBAM-56982242,76011000,382.669,tonne,1933.895,IN
CBAM-86098824,28070010,575.304,tonne,4828.663,TR
CBAM-65443448,31021000,248.759,tonne,1446.604,UA
CBAM-02880897,27160000,419.409,tonne,4018.014,MA
CBAM-69990230,25232900,142.513,tonne,2495.564,CN
CBAM-83635504,72083900,285.766,tonne,207.151,IN
CBAM-80051299,76011000,911.539,tonne,1238.181,TR
CBAM-14294093,28070010,95.986,tonne,566.817,UA
CBAM-65009922,31021000,986.621,tonne,2909.004,MA
CBAM-62434513,27160000,703.291,tonne,1521.308,CN
CBAM-78218875,25232900,296.11,tonne,4507.652,IN
CBAM-88509581,72083900,568.238,tonne,4430.131,TR
CBAM-22813129,76011000,552.076,tonne,4919.268,UA
CBAM-48949174,28070010,931.838,tonne,4923.712,MA
CBAM-07788616,31021000,840.772,tonne,376.311,CN
CBAM-22622812,27160000,125.735,tonne,4235.42,IN
CBAM-75558557,25232900,812.046,tonne,2996.631,TR
CBAM-08517542,72083900,544.573,tonne,4474.435,UA
CBAM-14777531,76011000,945.28,tonne,856.926,MA
CBAM-55960552,28070010,787.207,tonne,4292.591,CN
CBAM-99217617,31021000,413.311,tonne,2351.793,IN
CBAM-70089150,27160000,42.522,tonne,909.286,TR
CBAM-20584042,25232900,788.597,tonne,3132.507,UA
CBAM-04745142,72083900,904.229,tonne,337.686,MA
CBAM-84817201,76011000,965.681,tonne,3874.66,CN
CBAM-07251719,28070010,546.562,tonne,691.212,IN
CBAM-94936238,31021000,347.223,tonne,4708.974,TR
CBAM-29823718,27160000,499.993,tonne,1997.906,UA
CBAM-66039652,25232900,610.177,tonne,974.082,MA
CBAM-96479980,72083900,381.519,tonne,1927.37,CN
CBAM-14543400,76011000,242.773,tonne,4145.503,IN
CBAM-26730919,28070010,453.823,tonne,1863.307,TR
CBAM-16754415,31021000,398.657,tonne,3839.02,UA
CBAM-24150357,27160000,678.595,tonne,3797.552,MA
CBAM-49700988,25232900,447.737,tonne,1501.086,CN
CBAM-88559236,72083900,238.657,tonne,2076.721,IN
CBAM-38611737,76011000,495.18,tonne,1631.74,TR
CBAM-03178757,28070010,514.875,tonne,308.233,UA
CBAM-35813899,31021000,323.47,tonne,1819.362,MA
CBAM-44392060,27160000,807.911,tonne,3484.485,CN
CBAM-19474829,25232900,571.172,tonne,1390.946,IN
CBAM-49771162,72083900,893.124,tonne,1192.919,TR
CBAM-00244212,76011000,944.884,tonne,693.68,UA
CBAM-08098602,28070010,836.113,tonne,4505.806,MA
CBAM-91274423,31021000,444.308,tonne,801.632,CN
CBAM-40973217,27160000,417.832,tonne,2158.571,IN
CBAM-77170893,25232900,804.65,tonne,2154.188,TR
CBAM-26137280,72083900,505.884,tonne,2364.485,UA
CBAM-69796395,76011000,477.968,tonne,2980.357,MA
CBAM-92673628,28070010,827.477,tonne,3111.879,CN
CBAM-02799812,31021000,825.975,tonne,3282.578,IN
CBAM-98581579,27160000,642.419,tonne,3080.92,TR
CBAM-16327964,25232900,590.616,tonne,206.47,UA
CBAM-13668544,72083900,769.487,tonne,2497.701,MA
CBAM-04148812,76011000,348.022,tonne,4237.718,CN
CBAM-23423303,28070010,740.017,tonne,4845.092,IN
CBAM-67340371,31021000,28.881,tonne,1670.238,TR
CBAM-83812867,27160000,114.783,tonne,3021.326,UA
CBAM-84262318,25232900,894.896,tonne,2058.922,MA
CBAM-04980536,72083900,858.212,tonne,4228.886,CN
CBAM-69711764,76011000,62.034,tonne,3748.503,IN
CBAM-16480322,28070010,986.558,tonne,2717.255,TR
CBAM-37323677,31021000,672.306,tonne,3273.7,UA
CBAM-38401349,27160000,894.512,tonne,2821.736,MA
CBAM-76101482,25232900,371.533,tonne,2441.303,CN
CBAM-06246249,72083900,396.58,tonne,1516.249,IN
CBAM-43869459,76011000,37.914,tonne,3069.037,TR
CBAM-89905210,28070010,565.724,tonne,2411.125,UA
CBAM-67105257,31021000,994.421,tonne,1862.963,MA
CBAM-26651145,27160000,735.407,tonne,2792.978,CN
CBAM-65327704,25232900,461.763,tonne,657.115,IN
CBAM-15871929,72083900,144.64,tonne,3073.819,TR
CBAM-99988625,76011000,731.869,tonne,623.099,UA
CBAM-38716984,28070010,872.932,tonne,447.435,MA
CBAM-55440734,31021000,486.656,tonne,4992.235,CN
CBAM-91460040,27160000,972.318,tonne,1202.811,IN
CBAM-43254460,25232900,455.653,tonne,4644.137,TR
CBAM-29267171,72083900,683.316,tonne,4197.151,UA
CBAM-56693473,76011000,147.299,tonne,4979.137,MA
CBAM-58919340,28070010,571.701,tonne,2550.796,CN
CBAM-35898534,31021000,52.489,tonne,4946.482,IN
CBAM-26615157,27160000,505.365,tonne,1097.005,TR
CBAM-45676220,25232900,897.854,tonne,1423.057,UA
CBAM-03216899,72083900,662.145,tonne,4969.343,MA
CBAM-37973634,76011000,687.317,tonne,3516.449,CN
CBAM-94394025,28070010,150.345,tonne,3993.384,IN
CBAM-63725591,31021000,808.377,tonne,1886.448,TR
CBAM-26503138,27160000,74.314,tonne,525.928,UA
CBAM-02645493,25232900,82.268,tonne,1692.55,MA
CBAM-60977284,72083900,755.249,tonne,337.203,CN
CBAM-75390668,76011000,109.858,tonne,2082.702,IN
CBAM-95605380,28070010,290.456,tonne,2854.425,TR
CBAM-29281725,31021000,386.144,tonne,3150.091,UA
CBAM-11194317,27160000,381.126,tonne,3827.068,MA
CBAM-81537066,25232900,491.544,tonne,1803.02,CN
CBAM-90993401,72083900,392.307,tonne,4498.761,IN
CBAM-89551991,76011000,888.067,tonne,1127.582,TR
CBAM-91810903,28070010,455.376,tonne,1666.556,UA
CBAM-43530497,31021000,828.844,tonne,720.964,MA
CBAM-11091834,27160000,13.218,tonne,2743.254,CN
CBAM-40812869,25232900,991.041,tonne,1589.54,IN
CBAM-11847038,72083900,259.363,tonne,2015.479,TR
CBAM-39579204,76011000,703.577,tonne,4873.25,UA
CBAM-74191052,28070010,322.592,tonne,4052.982,MA
CBAM-54507056,31021000,460.219,tonne,743.537,CN
CBAM-38086088,27160000,404.267,tonne,4409.63,IN
CBAM-41049063,25232900,119.468,tonne,3722.852,TR
CBAM-27943242,72083900,912.056,tonne,1548.529,UA
CBAM-16895561,76011000,702.284,tonne,4081.969,MA
CBAM-96473276,28070010,66.264,tonne,1431.951,CN
CBAM-01788984,31021000,182.454,tonne,2382.719,IN
CBAM-73042883,27160000,721.545,tonne,2441.717,TR
CBAM-27527701,25232900,300.711,tonne,4565.004,UA
CBAM-42165750,72083900,753.651,tonne,4780.565,MA
CBAM-43721165,76011000,962.845,tonne,2691.486,CN
CBAM-19558926,28070010,439.847,tonne,1692.898,IN
CBAM-53761220,31021000,688.039,tonne,3894.886,TR
CBAM-08336675,27160000,367.391,tonne,1861.936,UA
CBAM-37064109,25232900,18.797,tonne,14.961,MA
CBAM-79679766,72083900,546.196,tonne,951.556,CN
CBAM-66123546,76011000,517.122,tonne,3654.89,IN
CBAM-52071899,28070010,100.862,tonne,3351.716,TR
CBAM-68998569,31021000,551.755,tonne,4802.629,UA
CBAM-39044277,27160000,444.282,tonne,3331.918,MA
CBAM-95648233,25232900,723.546,tonne,274.716,CN
CBAM-78337924,72083900,870.24,tonne,3757.349,IN
CBAM-29765729,76011000,904.637,tonne,334.023,TR
CBAM-40546169,28070010,859.467,tonne,1782.149,UA
CBAM-51009423,31021000,356.292,tonne,1209.971,MA
CBAM-52104381,27160000,558.499,tonne,1794.514,CN
CBAM-81530184,25232900,960.669,tonne,4108.215,IN
CBAM-62296228,72083900,496.64,tonne,2303.543,TR
CBAM-06866725,76011000,160.342,tonne,834.502,UA
CBAM-00538612,28070010,851.64,tonne,3111.03,MA
CBAM-07755508,31021000,163.022,tonne,2035.01,CN
CBAM-30641080,27160000,523.641,tonne,458.479,IN
CBAM-83889439,25232900,827.014,tonne,1117.598,TR
CBAM-18250084,72083900,50.857,tonne,4577.73,UA
CBAM-58921127,76011000,620.427,tonne,1357.141,MA
CBAM-36877515,28070010,266.395,tonne,4583.52,CN
CBAM-50537068,31021000,999.522,tonne,5004.772,IN
CBAM-88104505,27160000,427.613,tonne,2149.791,TR
CBAM-39928893,25232900,775.085,tonne,4324.182,UA
CBAM-26004506,72083900,855.716,tonne,4523.671,MA
CBAM-96826799,76011000,44.771,tonne,2946.359,CN
CBAM-44193994,28070010,215.534,tonne,4137.429,IN
CBAM-40170330,31021000,213.642,tonne,2168.443,TR
CBAM-86352512,27160000,762.743,tonne,4508.417,UA
CBAM-71659901,25232900,803.063,tonne,2123.598,MA
CBAM-30096032,72083900,38.097,tonne,3693.732,CN
CBAM-77716282,76011000,656.028,tonne,1324.953,IN
CBAM-16610462,28070010,940.797,tonne,2252.38,TR
CBAM-55936330,31021000,601.104,tonne,807.421,UA
CBAM-03082525,27160000,180.167,tonne,1557.859,MA
CBAM-85210159,25232900,324.237,tonne,4029.758,CN
CBAM-65397687,72083900,614.584,tonne,3156.914,IN
CBAM-14579204,76011000,259.89,tonne,1802.527,TR
CBAM-65736166,28070010,82.219,tonne,3556.221,UA
CBAM-25345761,31021000,112.069,tonne,4305.374,MA
CBAM-47744279,27160000,785.625,tonne,4636.163,CN
CBAM-23281902,25232900,108.496,tonne,1359.692,IN
CBAM-67033812,72083900,992.006,tonne,4151.635,TR
CBAM-92498599,76011000,99.138,tonne,4904.446,UA
CBAM-36293872,28070010,555.739,tonne,1258.34,MA
CBAM-59291798,31021000,136.067,tonne,3354.719,CN
CBAM-82461804,27160000,599.398,tonne,2402.92,IN
CBAM-28405371,25232900,376.114,tonne,4003.116,TR
CBAM-95343554,72083900,827.342,tonne,4076.376,UA
CBAM-25965168,76011000,654.121,tonne,2520.257,MA
CBAM-37692509,28070010,652.643,tonne,4592.84,CN
CBAM-68174378,31021000,542.332,tonne,2606.036,IN
CBAM-52162599,27160000,597.625,tonne,1691.068,TR
CBAM-07334473,25232900,441.696,tonne,3640.358,UA
CBAM-37864635,72083900,792.891,tonne,2890.891,MA
CBAM-02942691,76011000,464.098,tonne,489.988,CN
CBAM-54739017,28070010,815.18,tonne,2414.502,IN
CBAM-36318476,31021000,421.809,tonne,4151.226,TR
CBAM-75218638,27160000,231.628,tonne,3934.079,UA
CBAM-53158048,25232900,769.804,tonne,2122.889,MA
CBAM-00694037,72083900,736.769,tonne,4189.165,CN
CBAM-92933226,76011000,55.1,tonne,124.692,IN
CBAM-98052409,28070010,461.715,tonne,2979.121,TR
CBAM-31167499,31021000,839.199,tonne,1411.53,UA
CBAM-47629804,27160000,95.68,tonne,1623.023,MA
CBAM-87623405,25232900,143.93,tonne,2112.87,CN
CBAM-08380187,72083900,712.839,tonne,1184.369,IN
CBAM-19719962,76011000,448.303,tonne,932.637,TR
CBAM-73742110,28070010,749.978,tonne,3695.647,UA
CBAM-79531743,31021000,210.014,tonne,1081.742,MA
CBAM-26568185,27160000,330.626,tonne,1913.466,CN
CBAM-83745079,25232900,641.442,tonne,3614.81,IN
CBAM-23565402,72083900,851.436,tonne,3726.5,TR
CBAM-21268872,76011000,879.582,tonne,3030.341,UA
CBAM-11711230,28070010,624.468,tonne,1148.321,MA
CBAM-30989611,31021000,14.063,tonne,4485.375,CN
CBAM-56265570,27160000,135.326,tonne,2812.046,IN
CBAM-28039411,25232900,295.814,tonne,3121.706,TR
CBAM-05847523,72083900,354.779,tonne,798.054,UA
CBAM-74543562,76011000,111.116,tonne,2631.12,MA
CBAM-57326801,28070010,694.927,tonne,459.146,CN
CBAM-30329939,31021000,220.628,tonne,2861.555,IN
CBAM-96432272,27160000,965.198,tonne,507.151,TR
CBAM-57177840,25232900,696.097,tonne,3619.26,UA
CBAM-28358462,72083900,778.433,tonne,1426.902,MA
CBAM-58593517,76011000,865.967,tonne,1060.138,CN
CBAM-12355979,28070010,828.172,tonne,3420.396,IN
CBAM-68925471,31021000,383.584,tonne,3141.205,TR
CBAM-62900399,27160000,660.542,tonne,4475.487,UA
CBAM-05567697,25232900,232.867,tonne,1426.877,MA
CBAM-03478150,72083900,344.679,tonne,669.293,CN
CBAM-23927553,76011000,79.052,tonne,1074.808,IN
CBAM-93291671,28070010,496.427,tonne,2989.092,TR
CBAM-45022588,31021000,985.919,tonne,160.615,UA
CBAM-66030215,27160000,294.563,tonne,2743.076,MA
CBAM-23554156,25232900,604.247,tonne,766.249,CN
CBAM-68483140,72083900,111.404,tonne,2827.354,IN
CBAM-93352278,76011000,196.975,tonne,4575.634,TR
CBAM-68226390,28070010,300.769,tonne,313.678,UA
CBAM-48719266,31021000,965.838,tonne,2852.614,MA
CBAM-98261613,27160000,293.393,tonne,911.489,CN
CBAM-52402758,25232900,875.508,tonne,3783.676,IN
CBAM-04519767,72083900,525.198,tonne,124.452,TR
CBAM-20160907,76011000,94.211,tonne,1013.655,UA
CBAM-08207684,28070010,462.804,tonne,4003.349,MA
CBAM-77574998,31021000,127.99,tonne,986.164,CN
CBAM-67313905,27160000,676.043,tonne,1101.348,IN
CBAM-71680993,25232900,444.482,tonne,3022.147,TR
CBAM-85505334,72083900,838.041,tonne,3121.611,UA
CBAM-04185716,76011000,428.285,tonne,456.01,MA
CBAM-64923124,28070010,680.893,tonne,4474.274,CN
CBAM-58332806,31021000,143.627,tonne,2595.986,IN
CBAM-58125879,27160000,663.277,tonne,331.857,TR
CBAM-47763765,25232900,942.053,tonne,4860.908,UA
CBAM-73173058,72083900,623.74,tonne,4655.225,MA
CBAM-59025169,76011000,253.827,tonne,4626.521,CN
CBAM-80433266,28070010,882.308,tonne,1268.681,IN
CBAM-46865461,31021000,361.051,tonne,1163.101,TR
CBAM-74943568,27160000,14.255,tonne,1786.667,UA
CBAM-59273518,25232900,938.459,tonne,3957.437,MA
CBAM-66221706,72083900,661.737,tonne,3992.068,CN
CBAM-68139244,76011000,321.973,tonne,3098.81,IN
CBAM-11340709,28070010,988.64,tonne,1026.243,TR
CBAM-48260524,31021000,641.373,tonne,1964.657,UA
CBAM-98726805,27160000,62.845,tonne,1317.689,MA
CBAM-73852103,25232900,186.535,tonne,3939.395,CN
CBAM-84641228,72083900,467.777,tonne,4425.273,IN
CBAM-63956842,76011000,777.718,tonne,4463.292,TR
CBAM-90364538,28070010,266.907,tonne,2062.344,UA
CBAM-91798131,31021000,858.424,tonne,938.758,MA
CBAM-35303570,27160000,143.484,tonne,3391.195,CN
CBAM-72664300,25232900,181.027,tonne,30.249,IN
CBAM-04425763,72083900,41.417,tonne,3637.124,TR
CBAM-37180942,76011000,981.628,tonne,2315.121,UA
CBAM-77822244,28070010,215.855,tonne,921.175,MA
CBAM-93844949,31021000,928.286,tonne,79.599,CN
CBAM-91920364,27160000,817.344,tonne,3183.108,IN
CBAM-62767790,25232900,278.682,tonne,450.41,TR
CBAM-78130031,72083900,821.168,tonne,1941.22,UA
CBAM-69435849,76011000,881.743,tonne,2018.484,MA
CBAM-36607776,28070010,533.86,tonne,2440.049,CN
CBAM-40030453,31021000,772.087,tonne,751.334,IN
CBAM-15646691,27160000,723.348,tonne,1553.058,TR
CBAM-68007348,25232900,53.479,tonne,1843.774,UA
CBAM-36131931,72083900,721.714,tonne,2858.548,MA
CBAM-85099764,76011000,562.323,tonne,3000.178,CN
CBAM-98990671,28070010,663.726,tonne,399.276,IN
CBAM-38982902,31021000,368.165,tonne,3200.608,TR
CBAM-09435373,27160000,642.783,tonne,2363.793,UA
CBAM-65051351,25232900,233.087,tonne,4065.285,MA
CBAM-56286274,72083900,920.058,tonne,827.252,CN
CBAM-14242670,76011000,413.871,tonne,2821.541,IN
CBAM-98409052,28070010,483.492,tonne,3446.855,TR
CBAM-66778545,31021000,71.057,tonne,2434.506,UA
CBAM-29699321,27160000,607.576,tonne,2034.88,MA
CBAM-20599438,25232900,756.538,tonne,213.684,CN
CBAM-86801022,72083900,506.374,tonne,2412.146,IN
CBAM-05446217,76011000,250.45,tonne,4284.741,TR
CBAM-27529500,28070010,195.436,tonne,1695.238,UA
CBAM-66287413,31021000,365.35,tonne,4167.263,MA
CBAM-29824368,27160000,317.759,tonne,4976.966,CN
CBAM-95384799,25232900,424.269,tonne,4662.303,IN
CBAM-10639416,72083900,859.932,tonne,3380.484,TR
CBAM-71758054,76011000,859.147,tonne,2261.486,UA
CBAM-50480092,28070010,926.287,tonne,3644.779,MA
CBAM-35370169,31021000,56.825,tonne,1495.007,CN
CBAM-44116570,27160000,242.386,tonne,1520.573,IN
CBAM-51433015,25232900,474.507,tonne,3677.035,TR
CBAM-25451942,72083900,285.61,tonne,1436.934,UA
CBAM-36131648,76011000,599.431,tonne,59.618,MA
CBAM-40966724,28070010,632.278,tonne,2041.638,CN
CBAM-07901267,31021000,995.78,tonne,1272.533,IN
CBAM-34318464,27160000,183.861,tonne,3063.095,TR
CBAM-34539060,25232900,667.405,tonne,3148.073,UA
CBAM-18529845,72083900,179.596,tonne,182.173,MA
CBAM-31751339,76011000,960.674,tonne,2064.513,CN
CBAM-92411725,28070010,515.144,tonne,3692.124,IN
CBAM-66571910,31021000,37.335,tonne,1535.025,TR
CBAM-23738846,27160000,836.006,tonne,2371.15,UA
CBAM-85000091,25232900,766.55,tonne,3357.585,MA
CBAM-03493283,72083900,640.559,tonne,1239.894,CN
CBAM-35266161,76011000,187.088,tonne,327.238,IN
CBAM-33507324,28070010,752.183,tonne,4891.172,TR
CBAM-08433324,31021000,127.087,tonne,2341.684,UA
CBAM-97648317,27160000,810.502,tonne,2285.587,MA
CBAM-29581431,25232900,544.226,tonne,2511.363,CN
CBAM-94214082,72083900,57.376,tonne,998.946,IN
CBAM-41727571,76011000,613.36,tonne,3027.974,TR
CBAM-44453562,28070010,169.644,tonne,4210.088,UA
CBAM-10093989,31021000,297.506,tonne,1581.544,MA
CBAM-10416727,27160000,978.598,tonne,3018.743,CN
CBAM-72057098,25232900,883.474,tonne,55.17,IN
CBAM-77109954,72083900,122.25,tonne,2655.538,TR
CBAM-13381330,76011000,260.925,tonne,2702.107,UA
CBAM-86211633,28070010,832.056,tonne,644.664,MA
CBAM-32097808,31021000,630.132,tonne,426.266,CN
CBAM-44684260,27160000,89.938,tonne,1854.125,IN
CBAM-75649910,25232900,873.295,tonne,361.93,TR
CBAM-71770526,72083900,277.183,tonne,2641.8,UA
CBAM-46091343,76011000,530.687,tonne,1059.358,MA
CBAM-34508122,28070010,806.872,tonne,4169.943,CN
CBAM-57814113,31021000,364.842,tonne,2568.445,IN
CBAM-01204972,27160000,750.129,tonne,1853.901,TR
CBAM-93550534,25232900,498.568,tonne,2159.502,UA
CBAM-77761261,72083900,816.256,tonne,2585.286,MA
CBAM-67497243,76011000,336.436,tonne,1900.65,CN
CBAM-30140467,28070010,129.228,tonne,1658.643,IN
CBAM-50912737,31021000,393.406,tonne,1492.201,TR
CBAM-40769505,27160000,466.554,tonne,4371.601,UA
CBAM-21647692,25232900,171.727,tonne,645.758,MA
CBAM-32355056,72083900,751.645,tonne,1077.399,CN
CBAM-01229628,76011000,999.621,tonne,2608.565,IN
CBAM-96777038,28070010,247.414,tonne,1930.607,TR
CBAM-92449060,31021000,206.941,tonne,897.436,UA
CBAM-00946196,27160000,954.823,tonne,3022.167,MA
CBAM-96178473,25232900,346.096,tonne,436.48,CN
CBAM-66656991,72083900,214.366,tonne,3778.364,IN
CBAM-27293726,76011000,351.437,tonne,3768.252,TR
CBAM-04287849,28070010,569.474,tonne,3194.73,UA
CBAM-19393391,31021000,107.917,tonne,3074.748,MA
CBAM-90141430,27160000,156.137,tonne,230.604,CN
CBAM-58182068,25232900,965.797,tonne,1960.014,IN
CBAM-47509900,72083900,494.256,tonne,3133.297,TR
CBAM-49006469,76011000,928.135,tonne,1116.959,UA
CBAM-58405981,28070010,519.804,tonne,2963.674,MA
CBAM-91027840,31021000,616.914,tonne,4745.292,CN
CBAM-64172898,27160000,489.629,tonne,4756.642,IN
CBAM-78478804,25232900,939.315,tonne,4551.767,TR
CBAM-02162613,72083900,9.605,tonne,5000.029,UA
CBAM-61104477,76011000,8.582,tonne,1905.295,MA
CBAM-94642333,28070010,527.558,tonne,3779.926,CN
CBAM-13606495,31021000,462.953,tonne,4184.577,IN
CBAM-12394401,27160000,418.933,tonne,1744.453,TR
CBAM-57996730,25232900,161.242,tonne,1172.71,UA
CBAM-33476350,72083900,201.49,tonne,1394.392,MA
CBAM-19789993,76011000,256.098,tonne,4674.135,CN
CBAM-73887844,28070010,778.607,tonne,1406.057,IN
CBAM-88667313,31021000,643.205,tonne,3703.481,TR
CBAM-41206916,27160000,258.675,tonne,3481.564,UA
CBAM-79311158,25232900,75.678,tonne,1762.048,MA
CBAM-13914570,72083900,906.857,tonne,1324.614,CN
CBAM-75570901,76011000,496.426,tonne,4790.362,IN
CBAM-80684941,28070010,819.533,tonne,1562.877,TR
CBAM-75122905,31021000,685.464,tonne,73.242,UA
CBAM-81456459,27160000,369.403,tonne,3955.34,MA
CBAM-67902994,25232900,364.235,tonne,3266.165,CN
CBAM-58587596,72083900,384.007,tonne,2426.442,IN
CBAM-29980135,76011000,922.262,tonne,4069.423,TR
CBAM-46937874,28070010,805.962,tonne,2057.75,UA
CBAM-94434719,31021000,972.504,tonne,944.783,MA
CBAM-96258054,27160000,435.849,tonne,3453.9,CN
CBAM-33085884,25232900,271.643,tonne,795.476,IN
CBAM-44263304,72083900,89.684,tonne,4406.693,TR
CBAM-88042850,76011000,139.853,tonne,115.935,UA
CBAM-02568943,28070010,583.16,tonne,4129.394,MA
CBAM-33106841,31021000,645.928,tonne,784.688,CN
CBAM-57594284,27160000,463.856,tonne,1213.722,IN
CBAM-91382526,25232900,393.571,tonne,1323.321,TR
CBAM-71367895,72083900,34.213,tonne,449.932,UA
CBAM-63576382,76011000,123.186,tonne,1616.847,MA
CBAM-94432598,28070010,246.108,tonne,3032.179,CN
CBAM-39602797,31021000,827.525,tonne,1426.752,IN
CBAM-86497767,27160000,48.682,tonne,4605.821,TR
CBAM-07433173,25232900,321.58,tonne,384.335,UA
CBAM-38698123,72083900,145.682,tonne,4496.246,MA
CBAM-98974669,76011000,304.142,tonne,4867.505,CN
CBAM-16873972,28070010,348.684,tonne,2299.347,IN
CBAM-48455465,31021000,750.409,tonne,569.992,TR
CBAM-93408404,27160000,464.922,tonne,3980.867,UA
CBAM-70434338,25232900,558.853,tonne,490.655,MA
CBAM-98045109,72083900,147.957,tonne,2436.545,CN
CBAM-65802702,76011000,7.123,tonne,3620.872,IN
CBAM-94803618,28070010,928.624,tonne,21.4,TR
CBAM-24814374,31021000,878.873,tonne,429.327,UA
CBAM-41434115,27160000,430.103,tonne,3617.09,MA
CBAM-13285549,25232900,318.393,tonne,3555.117,CN
CBAM-82433583,72083900,430.125,tonne,3253.059,IN
CBAM-13560427,76011000,921.303,tonne,3441.432,TR
CBAM-16901967,28070010,139.513,tonne,633.289,UA
CBAM-17956576,31021000,744.519,tonne,125.538,MA
CBAM-63529001,27160000,614.1,tonne,2006.891,CN
CBAM-62159961,25232900,976.667,tonne,1310.157,IN
CBAM-23271352,72083900,785.491,tonne,2153.386,TR
CBAM-02480624,76011000,996.19,tonne,230.793,UA
CBAM-98545726,28070010,535.301,tonne,2020.215,MA
CBAM-18163178,31021000,476.785,tonne,3971.706,CN
CBAM-00261193,27160000,326.548,tonne,4115.121,IN
CBAM-40666937,25232900,588.545,tonne,3567.596,TR
CBAM-65404172,72083900,921.475,tonne,5000.063,UA
CBAM-60721801,76011000,592.766,tonne,461.33,MA
CBAM-04202921,28070010,546.001,tonne,3574.988,CN
CBAM-35427316,31021000,316.459,tonne,2868.271,IN
CBAM-93304824,27160000,300.143,tonne,2952.131,TR
CBAM-55699119,25232900,522.835,tonne,4823.998,UA
CBAM-90676095,72083900,421.763,tonne,898.862,MA
CBAM-41194233,76011000,172.901,tonne,2875.605,CN
CBAM-94741172,28070010,985.576,tonne,187.096,IN
CBAM-03983924,31021000,967.191,tonne,3678.276,TR
CBAM-96893910,27160000,434.833,tonne,3691.916,UA
CBAM-59924868,25232900,192.932,tonne,4052.054,MA
CBAM-03811563,72083900,257.344,tonne,3979.968,CN
CBAM-92596509,76011000,244.593,tonne,1003.94,IN
CBAM-31580330,28070010,263.305,tonne,1780.518,TR
CBAM-90751367,31021000,141.762,tonne,1660.086,UA
CBAM-22642578,27160000,87.213,tonne,2828.811,MA
CBAM-35332100,25232900,941.714,tonne,601.209,CN
CBAM-96671329,72083900,702.072,tonne,1009.176,IN
CBAM-15624861,76011000,803.456,tonne,2241.086,TR
CBAM-59383486,28070010,82.163,tonne,3324.711,UA
CBAM-12535749,31021000,255.99,tonne,2232.119,MA
CBAM-31970381,27160000,127.59,tonne,2239.207,CN
CBAM-52603619,25232900,534.597,tonne,3036.639,IN
CBAM-35863432,72083900,377.034,tonne,4723.598,TR
CBAM-56264556,76011000,813.005,tonne,3485.694,UA
CBAM-43037671,28070010,53.548,tonne,4243.421,MA
CBAM-67829341,31021000,836.984,tonne,2356.237,CN
CBAM-64770048,27160000,110.342,tonne,4063.829,IN
CBAM-96410567,25232900,394.036,tonne,2053.849,TR
CBAM-46396230,72083900,96.279,tonne,3497.138,UA
CBAM-63596645,76011000,70.859,tonne,4195.677,MA
CBAM-99884651,28070010,815.122,tonne,137.479,CN
CBAM-40590214,31021000,996.1,tonne,1190.659,IN
CBAM-40090256,27160000,570.254,tonne,184.715,TR
CBAM-48729798,25232900,278.112,tonne,3186.184,UA
CBAM-28923844,72083900,997.786,tonne,4558.755,MA
CBAM-38652044,76011000,540.961,tonne,1449.146,CN
CBAM-67653450,28070010,796.919,tonne,3188.13,IN
CBAM-41909193,31021000,263.693,tonne,2638.476,TR
CBAM-16731584,27160000,649.059,tonne,4374.219,UA
CBAM-17526603,25232900,616.572,tonne,270.748,MA
CBAM-33952740,72083900,664.237,tonne,2894.014,CN
CBAM-18245597,76011000,700.684,tonne,1287.295,IN
CBAM-68232678,28070010,156.585,tonne,205.889,TR
CBAM-74097807,31021000,580.702,tonne,238.181,UA
CBAM-69933642,27160000,920.101,tonne,366.387,MA
CBAM-73435573,25232900,142.523,tonne,3917.133,CN
CBAM-47378541,72083900,899.472,tonne,4207.915,IN
CBAM-13418531,76011000,588.434,tonne,1643.076,TR
CBAM-29923209,28070010,843.539,tonne,3434.959,UA
CBAM-95934869,31021000,890.112,tonne,3397.664,MA
CBAM-20302717,27160000,547.675,tonne,2881.498,CN
CBAM-65120626,25232900,864.811,tonne,2673.753,IN
CBAM-62233960,72083900,601.552,tonne,2011.431,TR
CBAM-62841792,76011000,465.005,tonne,3747.55,UA
CBAM-65550615,28070010,833.257,tonne,2359.152,MA
CBAM-74548704,31021000,230.747,tonne,1742.766,CN
CBAM-01072696,27160000,916.279,tonne,1930.124,IN
CBAM-95404641,25232900,987.637,tonne,2625.169,TR
CBAM-68403882,72083900,6.283,tonne,3937.869,UA
CBAM-47117993,76011000,215.606,tonne,4283.451,MA
CBAM-29378530,28070010,428.372,tonne,4864.27,CN
CBAM-61573288,31021000,104.359,tonne,4543.42,IN
CBAM-51510931,27160000,662.774,tonne,2117.908,TR
CBAM-90363515,25232900,970.04,tonne,4160.17,UA
CBAM-57876221,72083900,771.709,tonne,2424.386,MA
CBAM-10281033,76011000,227.418,tonne,1933.479,CN
CBAM-86369048,28070010,756.117,tonne,3283.709,IN
CBAM-12427646,31021000,491.93,tonne,402.154,TR
CBAM-47284205,27160000,883.775,tonne,1480.71,UA
CBAM-17301055,25232900,447.127,tonne,1268.05,MA
CBAM-59651640,72083900,691.711,tonne,1830.047,CN
CBAM-72437727,76011000,641.233,tonne,20.944,IN
CBAM-57607069,28070010,913.88,tonne,1689.562,TR
CBAM-39817056,31021000,822.199,tonne,2495.384,UA
CBAM-63943533,27160000,418.439,tonne,2651.658,MA
CBAM-08261641,25232900,244.145,tonne,2294.209,CN
CBAM-64723770,72083900,941.844,tonne,635.192,IN
CBAM-28176487,76011000,97.435,tonne,54.349,TR
CBAM-02211071,28070010,650.343,tonne,2144.301,UA
CBAM-95969090,31021000,292.213,tonne,2135.786,MA
CBAM-57268038,27160000,37.353,tonne,3310.733,CN
CBAM-78199200,25232900,345.655,tonne,2060.703,IN
CBAM-06767797,72083900,236.334,tonne,3513.927,TR
CBAM-51108433,76011000,49.206,tonne,3911.042,UA
CBAM-13503603,28070010,353.094,tonne,3329.375,MA
CBAM-85632318,31021000,326.664,tonne,3920.925,CN
CBAM-24942928,27160000,440.483,tonne,3074.184,IN
CBAM-25994474,25232900,729.048,tonne,2791.429,TR
CBAM-13731640,72083900,823.387,tonne,1898.804,UA
CBAM-78215645,76011000,626.831,tonne,1209.421,MA
CBAM-68253932,28070010,916.209,tonne,3628.651,CN
CBAM-17695529,31021000,573.202,tonne,3188.869,IN
CBAM-99411855,27160000,730.595,tonne,4674.061,TR
CBAM-05017514,25232900,705.842,tonne,873.914,UA
CBAM-11289718,72083900,360.556,tonne,3093.095,MA
CBAM-21356526,76011000,287.272,tonne,2550.029,CN
CBAM-23830028,28070010,805.773,tonne,2355.224,IN
CBAM-09739382,31021000,441.241,tonne,4959.074,TR
CBAM-27483263,27160000,257.356,tonne,518.028,UA
CBAM-50079086,25232900,55.846,tonne,93.256,MA
CBAM-48472038,72083900,303.368,tonne,338.993,CN
CBAM-62966309,76011000,516.418,tonne,131.011,IN
CBAM-83158782,28070010,963.501,tonne,2608.292,TR
CBAM-24893297,31021000,280.061,tonne,3850.765,UA
CBAM-39485766,27160000,598.594,tonne,2409.295,MA
CBAM-65041075,25232900,933.346,tonne,2330.546,CN
CBAM-25481134,72083900,811.212,tonne,3052.623,IN
CBAM-47440919,76011000,237.317,tonne,445.668,TR
CBAM-91662463,28070010,452.737,tonne,2530.94,UA
CBAM-73543367,31021000,84.301,tonne,2718.671,MA
CBAM-05825171,27160000,92.71,tonne,403.567,CN
CBAM-75195063,25232900,355.21,tonne,2858.038,IN
CBAM-16671744,72083900,58.017,tonne,253.522,TR
CBAM-98701795,76011000,601.022,tonne,1724.18,UA
CBAM-14755839,28070010,580.545,tonne,1322.879,MA
CBAM-05910311,31021000,955.262,tonne,4556.361,CN
CBAM-28990846,27160000,764.761,tonne,2811.465,IN
CBAM-64708857,25232900,605.083,tonne,936.525,TR
CBAM-98115697,72083900,275.071,tonne,3419.729,UA
CBAM-91082581,76011000,214.638,tonne,286.65,MA
CBAM-27097917,28070010,22.292,tonne,1379.762,CN
CBAM-90838912,31021000,330.908,tonne,925.993,IN
CBAM-47879161,27160000,391.257,tonne,556.888,TR
CBAM-40002489,25232900,453.952,tonne,2343.943,UA
CBAM-88222620,72083900,430.518,tonne,3860.943,MA
CBAM-63935227,76011000,617.871,tonne,3400.613,CN
CBAM-32418729,28070010,179.915,tonne,4900.078,IN
CBAM-95841794,31021000,617.438,tonne,1931.29,TR
CBAM-98024819,27160000,525.476,tonne,1322.14,UA
CBAM-66863855,25232900,92.152,tonne,465.454,MA
CBAM-01897499,72083900,790.812,tonne,3528.082,CN
CBAM-86075684,76011000,902.676,tonne,1007.973,IN
CBAM-89876428,28070010,58.766,tonne,1239.672,TR
CBAM-87995496,31021000,498.049,tonne,1204.489,UA
CBAM-45505807,27160000,23.259,tonne,782.819,MA
CBAM-40824146,25232900,865.504,tonne,572.494,CN
CBAM-66840165,72083900,873.427,tonne,4686.175,IN
CBAM-49453129,76011000,823.592,tonne,3159.12,TR
CBAM-36849294,28070010,644.304,tonne,1308.244,UA
CBAM-13609935,31021000,285.341,tonne,4637.804,MA
CBAM-63655254,27160000,339.631,tonne,3379.414,CN
CBAM-24741784,25232900,490.964,tonne,4492.971,IN
CBAM-03350184,72083900,657.289,tonne,4099.086,TR
CBAM-14139089,76011000,31.234,tonne,3061.715,UA
CBAM-74744681,28070010,908.575,tonne,2763.679,MA
CBAM-11207284,31021000,763.268,tonne,4554.85,CN
CBAM-77901043,27160000,691.776,tonne,2068.891,IN
CBAM-53408280,25232900,270.762,tonne,1464.057,TR
CBAM-16775969,72083900,614.792,tonne,252.871,UA
CBAM-17268267,76011000,465.145,tonne,2214.93,MA
CBAM-99349648,28070010,328.207,tonne,4695.935,CN
CBAM-52218983,31021000,972.073,tonne,1117.968,IN
CBAM-00684030,27160000,18.728,tonne,1104.357,TR
CBAM-24275004,25232900,233.397,tonne,3197.442,UA
CBAM-94732170,72083900,131.585,tonne,2246.927,MA
CBAM-95975860,76011000,353.257,tonne,2539.003,CN
CBAM-98529907,28070010,749.398,tonne,1463.223,IN
CBAM-51967567,31021000,746.427,tonne,1083.109,TR
CBAM-71694213,27160000,930.722,tonne,4601.431,UA
CBAM-91771263,25232900,672.737,tonne,3116.159,MA
CBAM-97983361,72083900,531.852,tonne,4887.442,CN
CBAM-20880032,76011000,831.356,tonne,3546.899,IN
CBAM-48748138,28070010,174.299,tonne,498.592,TR
CBAM-57774948,31021000,22.826,tonne,815.769,UA
CBAM-48605739,27160000,490.348,tonne,3620.939,MA
CBAM-78866368,25232900,632.071,tonne,1640.047,CN
CBAM-86095166,72083900,768.787,tonne,411.104,IN
CBAM-64179963,76011000,241.199,tonne,740.158,TR
CBAM-46134761,28070010,51.388,tonne,2573.427,UA
CBAM-86895174,31021000,261.595,tonne,4789.295,MA
CBAM-68800108,27160000,81.257,tonne,3157.822,CN
CBAM-40292040,25232900,184.653,tonne,1651.752,IN
CBAM-39720081,72083900,13.417,tonne,2291.865,TR
CBAM-10761823,76011000,639.589,tonne,4679.066,UA
CBAM-46099890,28070010,350.386,tonne,4540.841,MA
CBAM-14599409,31021000,341.935,tonne,634.391,CN
CBAM-62366472,27160000,897.572,tonne,4020.354,IN
CBAM-78033125,25232900,351.016,tonne,2784.882,TR
CBAM-78630846,72083900,284.63,tonne,663.885,UA
CBAM-42047554,76011000,165.541,tonne,626.693,MA
CBAM-02462539,28070010,222.831,tonne,1955.968,CN
CBAM-43046424,31021000,767.688,tonne,4351.632,IN
CBAM-71682446,27160000,34.916,tonne,541.402,TR
CBAM-68543603,25232900,963.437,tonne,2609.785,UA
CBAM-11844126,72083900,818.304,tonne,126.186,MA
CBAM-46014158,76011000,259.774,tonne,3544.328,CN
CBAM-09919429,28070010,247.695,tonne,519.179,IN
CBAM-57293756,31021000,161.167,tonne,99.7,TR
CBAM-66780849,27160000,765.786,tonne,782.65,UA
CBAM-98105797,25232900,962.929,tonne,3790.768,MA
CBAM-73594147,72083900,582.948,tonne,3940.011,CN
CBAM-98566570,76011000,617.301,tonne,1793.99,IN
CBAM-50897018,28070010,202.909,tonne,2213.174,TR
CBAM-85371583,31021000,750.112,tonne,3240.669,UA
CBAM-43672419,27160000,529.849,tonne,2403.686,MA
CBAM-03092935,25232900,107.031,tonne,898.057,CN
CBAM-28303157,72083900,157.733,tonne,4187.232,IN
CBAM-05248939,76011000,182.231,tonne,4134.911,TR
CBAM-83535091,28070010,914.996,tonne,4875.032,UA
CBAM-00614383,31021000,52.05,tonne,3185.097,MA
CBAM-80710574,27160000,915.048,tonne,395.189,CN
CBAM-85910626,25232900,142.245,tonne,1060.325,IN
CBAM-61608695,72083900,304.791,tonne,3920.337,TR
CBAM-90994313,76011000,317.457,tonne,3810.081,UA
CBAM-48184271,28070010,875.524,tonne,1414.65,MA
CBAM-09921054,31021000,943.657,tonne,3010.381,CN
CBAM-97371858,27160000,501.851,tonne,2570.276,IN
CBAM-71357531,25232900,881.117,tonne,2299.915,TR
CBAM-03179167,72083900,685.918,tonne,3422.068,UA
CBAM-90424352,76011000,83.653,tonne,3064.507,MA
CBAM-63208521,28070010,716.075,tonne,1909.656,CN
CBAM-89761217,31021000,299.369,tonne,1656.132,IN
CBAM-78185490,27160000,455.29,tonne,1504.256,TR
CBAM-88877481,25232900,452.984,tonne,4337.973,UA
CBAM-29830252,72083900,13.198,tonne,4794.982,MA
CBAM-60148470,76011000,295.092,tonne,2654.13,CN
CBAM-33247102,28070010,728.262,tonne,2766.973,IN
CBAM-28124196,31021000,63.952,tonne,4682.852,TR
CBAM-95139946,27160000,698.791,tonne,1604.558,UA
CBAM-15767691,25232900,271.127,tonne,4690.3,MA
CBAM-62822443,72083900,755.801,tonne,1714.052,CN
CBAM-99908667,76011000,669.898,tonne,2799.693,IN
CBAM-61519064,28070010,393.512,tonne,1399.44,TR
CBAM-42537102,31021000,152.553,tonne,2318.065,UA
CBAM-79181932,27160000,136.917,tonne,1099.458,MA
CBAM-27520321,25232900,416,tonne,1425.506,CN
CBAM-05523553,72083900,936.69,tonne,1066.919,IN
CBAM-37905290,76011000,413.63,tonne,3617.48,TR
CBAM-76540132,28070010,701.164,tonne,1653.855,UA
CBAM-14416599,31021000,855.19,tonne,126.891,MA
CBAM-90662699,27160000,309.282,tonne,3377.217,CN
CBAM-53336818,25232900,186.423,tonne,2613.145,IN
CBAM-09648704,72083900,420.728,tonne,4721.664,TR
CBAM-60233050,76011000,459.419,tonne,4625.069,UA
CBAM-83409119,28070010,275.145,tonne,2675.761,MA
CBAM-98943647,31021000,915.943,tonne,2150.946,CN
CBAM-02922618,27160000,727.907,tonne,3715.528,IN
CBAM-51088124,25232900,546.046,tonne,4165.542,TR
CBAM-63043360,72083900,97.708,tonne,3594.39,UA
CBAM-35890360,76011000,824.6,tonne,4576.861,MA
CBAM-84919077,28070010,339.03,tonne,4301.547,CN
CBAM-54506545,31021000,31.291,tonne,2215.969,IN
CBAM-95936715,27160000,223.373,tonne,2443.207,TR
CBAM-35357310,25232900,917.831,tonne,2162.563,UA
CBAM-43749672,72083900,314.971,tonne,4583.566,MA
CBAM-46390959,76011000,364.133,tonne,4167.988,CN
CBAM-34098348,28070010,451.936,tonne,1091.555,IN
CBAM-65036881,31021000,953.551,tonne,802.471,TR
CBAM-71487519,27160000,759.824,tonne,4373.196,UA
CBAM-87197907,25232900,78.845,tonne,2334.477,MA
CBAM-17992503,72083900,221.715,tonne,4262.242,CN
CBAM-71543779,76011000,3.198,tonne,2845.358,IN
CBAM-33851309,28070010,138.496,tonne,2748.046,TR
CBAM-23659842,31021000,817.435,tonne,4989.127,UA
CBAM-75791026,27160000,486.982,tonne,762.312,MA
CBAM-39148504,25232900,566.998,tonne,4059.615,CN
CBAM-16677739,72083900,654.715,tonne,313.167,IN
CBAM-87069628,76011000,427.766,tonne,1826.713,TR
CBAM-66562463,28070010,516.09,tonne,1548.795,UA
CBAM-99220545,31021000,395.996,tonne,545.698,MA
CBAM-97804865,27160000,565.629,tonne,1074.547,CN
CBAM-38547579,25232900,566.558,tonne,646.64,IN
CBAM-68471646,72083900,945.167,tonne,4725.2,TR
CBAM-67621659,76011000,261.596,tonne,3044.211,UA
CBAM-17001648,28070010,21.922,tonne,736.251,MA
CBAM-11161882,31021000,986.884,tonne,3111.714,CN
CBAM-84060336,27160000,371.533,tonne,1781.505,IN
CBAM-41175552,25232900,710.134,tonne,4994.996,TR
CBAM-71000100,72083900,398.762,tonne,2712.709,UA
CBAM-44443603,76011000,407.816,tonne,3252.322,MA
CBAM-58809999,28070010,128.355,tonne,3179.397,CN
CBAM-18617734,31021000,489.994,tonne,903.038,IN
CBAM-91192198,27160000,510.525,tonne,4258.998,TR
CBAM-27473524,25232900,929.774,tonne,2632.037,UA
CBAM-47746528,72083900,122.726,tonne,2506.816,MA
CBAM-99202591,76011000,450.567,tonne,2360.572,CN
CBAM-35276763,28070010,607.906,tonne,424.403,IN
CBAM-22902139,31021000,25.055,tonne,1120.678,TR
CBAM-04401348,27160000,335.894,tonne,1018.133,UA
CBAM-91479980,25232900,832.942,tonne,688.284,MA
CBAM-66692902,72083900,899.503,tonne,2854.402,CN
CBAM-66125128,76011000,77.725,tonne,1799.519,IN
CBAM-98679278,28070010,552.777,tonne,2376.977,TR
CBAM-42465038,31021000,401.362,tonne,1001.058,UA
CBAM-52105380,27160000,205.253,tonne,2336.472,MA
CBAM-34291754,25232900,745.705,tonne,3272.587,CN
CBAM-93882665,72083900,502.045,tonne,4108.059,IN
CBAM-19092929,76011000,37.021,tonne,755.866,TR
CBAM-39378808,28070010,940.241,tonne,57.703,UA
CBAM-67359731,31021000,113.999,tonne,1981.011,MA
CBAM-82886155,27160000,787.431,tonne,4732.472,CN
CBAM-40201213,25232900,516.804,tonne,2024.166,IN
CBAM-86392248,72083900,93.712,tonne,1746.693,TR
CBAM-95240684,76011000,894.172,tonne,2844.973,UA
CBAM-61094213,28070010,770.016,tonne,3878.122,MA
CBAM-18127337,31021000,952.042,tonne,3393.119,CN
CBAM-13730524,27160000,556.919,tonne,3872.411,IN
CBAM-48471572,25232900,595.056,tonne,2847.689,TR
CBAM-28820222,72083900,437.923,tonne,1400.792,UA
CBAM-70224082,76011000,465.437,tonne,4777.766,MA
CBAM-50973216,28070010,323.286,tonne,1551.845,CN
CBAM-83757288,31021000,34.263,tonne,1011.367,IN
CBAM-79901554,27160000,203.69,tonne,995.339,TR
CBAM-77380290,25232900,137.77,tonne,120.407,UA
CBAM-43449968,72083900,59.431,tonne,4725.717,MA
CBAM-58282710,76011000,55.289,tonne,4024.579,CN
CBAM-71325211,28070010,564.181,tonne,1589.277,IN
CBAM-45073489,31021000,736.057,tonne,803.215,TR
CBAM-92388913,27160000,481.597,tonne,4704.959,UA
CBAM-13019905,25232900,300.037,tonne,2335.577,MA
CBAM-04175321,72083900,369.978,tonne,3354.138,CN
CBAM-37265381,76011000,615.235,tonne,2232.449,IN
CBAM-13580156,28070010,559.157,tonne,3699.87,TR
CBAM-52844245,31021000,904.747,tonne,186.234,UA
CBAM-73725353,27160000,140.07,tonne,3080.834,MA
CBAM-07420177,25232900,963.84,tonne,1982.023,CN
CBAM-89414936,72083900,772.094,tonne,813.858,IN
CBAM-39982932,76011000,471.43,tonne,995.856,TR
CBAM-25564355,28070010,786.509,tonne,4576.896,UA
CBAM-80324536,31021000,4.321,tonne,2535.159,MA
CBAM-08930457,27160000,631.485,tonne,3808.233,CN
CBAM-10599618,25232900,32.124,tonne,2343.311,IN
CBAM-66686095,72083900,693.585,tonne,383.433,TR
CBAM-98423076,76011000,895.988,tonne,1938.298,UA
CBAM-89619792,28070010,935.747,tonne,949.147,MA
CBAM-01311128,31021000,554.89,tonne,2592.418,CN
CBAM-32333741,27160000,808.161,tonne,4291.452,IN
CBAM-34517201,25232900,348.709,tonne,2623.921,TR
CBAM-99341646,72083900,955.981,tonne,4085.823,UA
CBAM-68495320,76011000,358.597,tonne,4627.851,MA
CBAM-88935201,28070010,844.298,tonne,2801.108,CN
CBAM-58532471,31021000,976.567,tonne,1116.558,IN
CBAM-74529946,27160000,220.852,tonne,267.994,TR
CBAM-18458398,25232900,7.598,tonne,2273.494,UA
CBAM-19840246,72083900,624.536,tonne,1847.608,MA
CBAM-44628204,76011000,508.706,tonne,2177.39,CN
CBAM-97184212,28070010,17.901,tonne,133.093,IN
CBAM-42759077,31021000,183.467,tonne,3004.334,TR
CBAM-38506415,27160000,51.479,tonne,4784.618,UA
CBAM-91496460,25232900,878.964,tonne,3338.315,MA
CBAM-19008906,72083900,474.509,tonne,1932.275,CN
CBAM-72346965,76011000,329.284,tonne,4349.889,IN
CBAM-29107988,28070010,162.159,tonne,140.851,TR
CBAM-29784481,31021000,643.792,tonne,2493.468,UA
CBAM-72240913,27160000,659.217,tonne,3191.737,MA
CBAM-74986781,25232900,244.596,tonne,3984.361,CN
CBAM-20322208,72083900,291.353,tonne,298.361,IN
CBAM-92511327,76011000,659.941,tonne,689.093,TR
CBAM-69457453,28070010,542.269,tonne,3972.967,UA
CBAM-04869836,31021000,456.758,tonne,3551.757,MA
CBAM-61912590,27160000,598.506,tonne,4867.555,CN
CBAM-94370039,25232900,986.662,tonne,2379.848,IN
CBAM-52692026,72083900,616.631,tonne,3396.905,TR
CBAM-53684707,76011000,168.546,tonne,811.877,UA
CBAM-41991203,28070010,445.391,tonne,1884.607,MA
CBAM-91366020,31021000,96.774,tonne,52.921,CN
CBAM-93148234,27160000,704.274,tonne,690.039,IN
CBAM-49439141,25232900,67.931,tonne,4553.814,TR
CBAM-60437686,72083900,79.48,tonne,3949.631,UA
CBAM-99008593,76011000,404.398,tonne,3600.813,MA
CBAM-45906478,28070010,167.178,tonne,4228.844,CN
CBAM-69806096,31021000,302.568,tonne,1846.592,IN
CBAM-64525371,27160000,248.787,tonne,2062.679,TR
CBAM-03273094,25232900,980.103,tonne,482.697,UA
CBAM-23234452,72083900,386.405,tonne,4463.293,MA
CBAM-07746763,76011000,498.706,tonne,3541.09,CN
CBAM-63478776,28070010,478.009,tonne,1457.122,IN
CBAM-46488157,31021000,975.653,tonne,4790.178,TR
CBAM-14053770,27160000,426.681,tonne,4670.212,UA
CBAM-93104415,25232900,713.493,tonne,2506.786,MA
CBAM-53777139,72083900,661.335,tonne,4162.651,CN
CBAM-85483635,76011000,274.678,tonne,753.445,IN
CBAM-47482097,28070010,402.978,tonne,4112.492,TR
CBAM-70500994,31021000,18.391,tonne,3762.629,UA
CBAM-24439160,27160000,549.736,tonne,4020.237,MA
CBAM-49987447,25232900,336.497,tonne,720.091,CN
CBAM-39844687,72083900,456.818,tonne,2433.099,IN
CBAM-66994586,76011000,693.537,tonne,4365.961,TR
CBAM-75309810,28070010,201.368,tonne,1368.893,UA
CBAM-80744244,31021000,743.406,tonne,3798.369,MA
CBAM-83893082,27160000,298.836,tonne,215.291,CN
CBAM-37060324,25232900,291.515,tonne,3282.611,IN
CBAM-26975867,72083900,402.041,tonne,4902.035,TR
CBAM-19434483,76011000,561.327,tonne,1475.401,UA
CBAM-64506150,28070010,896.492,tonne,2129.541,MA
CBAM-06507250,31021000,232.489,tonne,314.697,CN
CBAM-82198414,27160000,974.466,tonne,1954.587,IN
CBAM-33676601,25232900,685.023,tonne,123.657,TR
CBAM-30028916,72083900,435.619,tonne,2538.28,UA
CBAM-55810267,76011000,614.931,tonne,2872.576,MA
CBAM-43859723,28070010,95.245,tonne,4622.155,CN
CBAM-88615698,31021000,868.111,tonne,78.288,IN
CBAM-96678342,27160000,757.991,tonne,1922.254,TR
CBAM-67640283,25232900,328.28,tonne,4232.775,UA
CBAM-98525128,72083900,196.066,tonne,4731.773,MA
CBAM-50672935,76011000,562.989,tonne,4629.5,CN
CBAM-80396031,28070010,278.666,tonne,4815.54,IN
CBAM-13034981,31021000,151.202,tonne,800.629,TR
CBAM-47609347,27160000,60.511,tonne,3880.955,UA
CBAM-90986067,25232900,237.498,tonne,3957.804,MA
CBAM-84038260,72083900,619.816,tonne,2938.174,CN
CBAM-80036320,76011000,798.691,tonne,2733.019,IN
CBAM-78747347,28070010,622.812,tonne,1526.556,TR
CBAM-97990462,31021000,886.687,tonne,3480.323,UA
CBAM-55143956,27160000,291.614,tonne,3142.389,MA
CBAM-41885590,25232900,333.557,tonne,1320.127,CN
CBAM-95505750,72083900,933.133,tonne,4478.463,IN
CBAM-17040224,76011000,533.58,tonne,858.74,TR
CBAM-83756520,28070010,114.555,tonne,2135.03,UA
CBAM-77043526,31021000,527.685,tonne,1709.059,MA
CBAM-63400954,27160000,59.295,tonne,2188.148,CN
CBAM-60881329,25232900,843.185,tonne,159.225,IN
CBAM-91146232,72083900,386.089,tonne,4930.074,TR
CBAM-09412662,76011000,292.69,tonne,3326.046,UA
CBAM-38535931,28070010,222.007,tonne,4698.297,MA
CBAM-23939997,31021000,610.452,tonne,1057.755,CN
CBAM-27592780,27160000,355.474,tonne,1309.506,IN
CBAM-09826775,25232900,311.587,tonne,4801.826,TR
CBAM-13738343,72083900,744.125,tonne,4043.275,UA
CBAM-73550994,76011000,715.682,tonne,4547.267,MA
CBAM-66813387,28070010,132.972,tonne,3023.539,CN
CBAM-97374130,31021000,718.281,tonne,597.115,IN
CBAM-05456695,27160000,12.46,tonne,2715.144,TR
CBAM-66825953,25232900,352.928,tonne,3308.347,UA
CBAM-16781668,72083900,11.989,tonne,4589.77,MA
CBAM-17907889,76011000,252.761,tonne,3618.06,CN
CBAM-23135023,28070010,16.557,tonne,1207.516,IN
CBAM-87425089,31021000,379.874,tonne,1286.611,TR
CBAM-91050755,27160000,534.914,tonne,1834.41,UA
CBAM-09742353,25232900,362.488,tonne,2917.482,MA
CBAM-03067485,72083900,40.716,tonne,684.881,CN
CBAM-73635824,76011000,687.492,tonne,559.474,IN
CBAM-97230228,28070010,611.137,tonne,2638.701,TR
CBAM-55335165,31021000,660.644,tonne,211.672,UA
CBAM-37613487,27160000,366.54,tonne,2576.623,MA
CBAM-65542596,25232900,437.172,tonne,379.243,CN
CBAM-19563167,72083900,531.886,tonne,4309.217,IN
CBAM-20378407,76011000,373.458,tonne,4629.064,TR
CBAM-16872440,28070010,314.586,tonne,408.864,UA
CBAM-46990733,31021000,398.744,tonne,321.686,MA
CBAM-32064794,27160000,289.843,tonne,1988.377,CN
CBAM-13445599,25232900,123.536,tonne,33.657,IN
CBAM-68587371,72083900,196.316,tonne,2453.77,TR
CBAM-18520215,76011000,8.194,tonne,3856.884,UA
CBAM-38625361,28070010,343.399,tonne,2653.753,MA
CBAM-03449988,31021000,293.162,tonne,2248.562,CN
CBAM-68691207,27160000,821.954,tonne,62.702,IN
CBAM-43063944,25232900,786.244,tonne,1985.674,TR
CBAM-54987361,72083900,814.866,tonne,473.143,UA
CBAM-15836869,76011000,560.498,tonne,2082.747,MA
CBAM-82279522,28070010,38.863,tonne,2418.872,CN
CBAM-67214462,31021000,304.934,tonne,1168.056,IN
CBAM-77087933,27160000,943.84,tonne,4997.266,TR
CBAM-52074351,25232900,16.396,tonne,1114.246,UA
CBAM-21625864,72083900,824.536,tonne,4954.506,MA
CBAM-04222488,76011000,312.459,tonne,491.089,CN
CBAM-00303199,28070010,694,tonne,2650.073,IN
CBAM-42208880,31021000,636.008,tonne,671.951,TR
CBAM-62040410,27160000,28.294,tonne,3056.509,UA
CBAM-77573038,25232900,508.484,tonne,1669.69,MA
CBAM-85308475,72083900,86.482,tonne,1858.818,CN
CBAM-57074169,76011000,584.097,tonne,2086.026,IN
CBAM-65306305,28070010,577.954,tonne,4599.033,TR
CBAM-45305199,31021000,749.989,tonne,3177.877,UA
CBAM-28828641,27160000,957.451,tonne,4159.439,MA
CBAM-04673047,25232900,826.588,tonne,3596.12,CN
CBAM-31324522,72083900,102.794,tonne,3035.874,IN
CBAM-09201578,76011000,5.789,tonne,3425.483,TR
CBAM-42121020,28070010,101.087,tonne,3828.374,UA
CBAM-60878619,31021000,805.711,tonne,3711.511,MA
CBAM-32915178,27160000,995.072,tonne,4599.382,CN
CBAM-73774776,25232900,849.364,tonne,160.233,IN
CBAM-18682695,72083900,595.897,tonne,1630.228,TR
CBAM-12008348,76011000,45.428,tonne,1526.72,UA
CBAM-45542890,28070010,49.391,tonne,3871.374,MA
CBAM-50000844,31021000,480.829,tonne,2026.127,CN
CBAM-00598752,27160000,865.265,tonne,2295.62,IN
CBAM-25703635,25232900,632.383,tonne,4410.552,TR
CBAM-06904763,72083900,562.508,tonne,149.055,UA
CBAM-25948365,76011000,627.926,tonne,3974.596,MA
CBAM-68727306,28070010,503.035,tonne,4059.228,CN
CBAM-07844116,31021000,247.681,tonne,4066.985,IN
CBAM-86550511,27160000,776.503,tonne,2100.859,TR
CBAM-11957969,25232900,840.656,tonne,2122.159,UA
CBAM-06279132,72083900,49.091,tonne,3352.426,MA
CBAM-80301103,76011000,894.541,tonne,4588.341,CN
CBAM-63220702,28070010,144.721,tonne,3281.674,IN
CBAM-56820607,31021000,422.787,tonne,117.44,TR
CBAM-12900149,27160000,164.442,tonne,4749.474,UA
CBAM-01193270,25232900,621.437,tonne,2220.999,MA
CBAM-01765746,72083900,214.371,tonne,4557.078,CN
CBAM-56498807,76011000,589.988,tonne,1709.677,IN
CBAM-35442823,28070010,314.466,tonne,2043.97,TR
CBAM-96237137,31021000,491.871,tonne,4276.745,UA
CBAM-70256473,27160000,188.983,tonne,890.055,MA
CBAM-37586641,25232900,448.592,tonne,371.397,CN
CBAM-98220001,72083900,284.241,tonne,2663.801,IN
CBAM-77093116,76011000,401.174,tonne,2568.835,TR
CBAM-02120512,28070010,726.302,tonne,1721.849,UA
CBAM-12946722,31021000,543.683,tonne,3820.835,MA
CBAM-83123879,27160000,908.002,tonne,2291.328,CN
CBAM-32139634,25232900,72.198,tonne,3183.15,IN
CBAM-52078108,72083900,532.982,tonne,4664.644,TR
CBAM-56782071,76011000,775.354,tonne,4148.596,UA
CBAM-44030755,28070010,641.598,tonne,4210.044,MA
CBAM-81251195,31021000,986.92,tonne,3096.215,CN
CBAM-23645427,27160000,695.505,tonne,2765.86,IN
CBAM-46133733,25232900,929.508,tonne,1937.664,TR
CBAM-98251792,72083900,701.755,tonne,2881.065,UA
CBAM-69852466,76011000,759.119,tonne,3036.966,MA
CBAM-14047518,28070010,932.31,tonne,1416.461,CN
CBAM-85512697,31021000,363.289,tonne,4132.628,IN
CBAM-63394512,27160000,484.741,tonne,726.638,TR
CBAM-55416985,25232900,453.887,tonne,4689.314,UA
CBAM-08781040,72083900,817.932,tonne,1244.25,MA
CBAM-05349926,76011000,553.041,tonne,1333.463,CN
CBAM-25418136,28070010,937.453,tonne,1331.658,IN
CBAM-62231984,31021000,939.665,tonne,181.336,TR
CBAM-55019769,27160000,739.9,tonne,1756.461,UA
CBAM-25279620,25232900,575.286,tonne,1800.203,MA
CBAM-20075584,72083900,343.88,tonne,2078.293,CN
CBAM-10875239,76011000,512.495,tonne,597.368,IN
CBAM-98995344,28070010,57.003,tonne,1053.245,TR
CBAM-77106870,31021000,87.007,tonne,2370.295,UA
CBAM-90473541,27160000,207.147,tonne,3928.247,MA
CBAM-51816443,25232900,331.629,tonne,3870.775,CN
CBAM-69085485,72083900,782.989,tonne,2228.902,IN
CBAM-75813703,76011000,847.545,tonne,1601.169,TR
CBAM-47343260,28070010,968.368,tonne,4746.005,UA
CBAM-61333474,31021000,13.791,tonne,4734.65,MA
CBAM-58771158,27160000,818.375,tonne,4003.065,CN
CBAM-11242381,25232900,700.919,tonne,937.947,IN
CBAM-20893465,72083900,174.827,tonne,2043.899,TR
CBAM-90323135,76011000,109.237,tonne,3214.716,UA
CBAM-93620177,28070010,21.073,tonne,4169.559,MA
CBAM-79700708,31021000,177.158,tonne,1941.594,CN
CBAM-55644217,27160000,594.378,tonne,202.369,IN
CBAM-96299400,25232900,282.489,tonne,2378.341,TR
CBAM-39219057,72083900,574.304,tonne,1826.727,UA
CBAM-88878237,76011000,901.755,tonne,4021.256,MA
CBAM-90104856,28070010,129.058,tonne,210.294,CN
CBAM-29860755,31021000,394.267,tonne,3027.504,IN
CBAM-52691937,27160000,422.014,tonne,1929.397,TR
CBAM-39974604,25232900,294.629,tonne,4097.52,UA
CBAM-12842641,72083900,411.854,tonne,2601.442,MA
CBAM-30827793,76011000,673.1,tonne,1240.954,CN
CBAM-00435984,28070010,80.473,tonne,1250.365,IN
CBAM-43516383,31021000,358.353,tonne,2203.71,TR
CBAM-22077937,27160000,92.694,tonne,4410.057,UA
CBAM-69845868,25232900,361.663,tonne,228.733,MA
CBAM-14078501,72083900,535.695,tonne,3458.578,CN
CBAM-02612597,76011000,184.364,tonne,4710.535,IN
CBAM-76202022,28070010,346.129,tonne,772.722,TR
CBAM-85877507,31021000,943.699,tonne,1571.758,UA
CBAM-09050087,27160000,972.736,tonne,2757.795,MA
CBAM-12850736,25232900,367.414,tonne,4065.413,CN
CBAM-29041884,72083900,947.863,tonne,3436.774,IN
CBAM-21108646,76011000,819.53,tonne,2399.506,TR
CBAM-40035962,28070010,513.306,tonne,1096.531,UA
CBAM-83425242,31021000,267.72,tonne,2823.55,MA
CBAM-22838113,27160000,334.933,tonne,1817.711,CN
CBAM-47407920,25232900,223.672,tonne,1297.311,IN
CBAM-24655676,72083900,777.217,tonne,2484.337,TR
CBAM-80212397,76011000,991.968,tonne,3763.857,UA
CBAM-85143838,28070010,685.197,tonne,4111.5,MA
CBAM-76362630,31021000,270.442,tonne,1349.271,CN
CBAM-31458244,27160000,834.66,tonne,4274.985,IN
CBAM-53690362,25232900,634.979,tonne,4416.045,TR
CBAM-12313695,72083900,827.362,tonne,1333.574,UA
CBAM-96073415,76011000,687.957,tonne,4452.359,MA
CBAM-73988691,28070010,405.644,tonne,1582.108,CN
CBAM-68255632,31021000,433.302,tonne,163.019,IN
CBAM-18449677,27160000,234.783,tonne,2064.747,TR
CBAM-09107662,25232900,442.338,tonne,2496.79,UA
CBAM-12433584,72083900,394.249,tonne,1931.172,MA
CBAM-63342262,76011000,184.849,tonne,949.478,CN
CBAM-99628776,28070010,729.933,tonne,3599.125,IN
CBAM-79042408,31021000,425.464,tonne,4692.073,TR
CBAM-13793045,27160000,761.09,tonne,2447.722,UA
CBAM-88232840,25232900,489.997,tonne,2968.038,MA
CBAM-59147635,72083900,450.818,tonne,65.057,CN
CBAM-22127685,76011000,580.451,tonne,1020.464,IN
CBAM-33629549,28070010,85.232,tonne,1029.771,TR
CBAM-50654900,31021000,60.863,tonne,2142.837,UA
CBAM-81700324,27160000,418.449,tonne,1035.079,MA
CBAM-09083779,25232900,45.684,tonne,887.645,CN
CBAM-98857740,72083900,801.097,tonne,2753.908,IN
CBAM-56175055,76011000,114.616,tonne,406.381,TR
CBAM-24984802,28070010,317.038,tonne,2411.965,UA
CBAM-31615749,31021000,113.91,tonne,3972.041,MA
CBAM-25392463,27160000,831.083,tonne,2073.541,CN
CBAM-63644845,25232900,801.939,tonne,2284.46,IN
CBAM-23540739,72083900,248.044,tonne,1244.897,TR
CBAM-24893331,76011000,140.443,tonne,643.58,UA
CBAM-90841699,28070010,460.544,tonne,3410.58,MA
CBAM-08515163,31021000,639.326,tonne,4299.02,CN
CBAM-65378973,27160000,656.426,tonne,4630.73,IN
CBAM-56576720,25232900,104.308,tonne,4163.878,TR
CBAM-38773840,72083900,468.405,tonne,3917.933,UA
CBAM-76767150,76011000,716.474,tonne,3969.1,MA
CBAM-22049201,28070010,758.085,tonne,4040.038,CN
CBAM-59357778,31021000,920.412,tonne,3660.809,IN
CBAM-71752667,27160000,242.458,tonne,1821.544,TR
CBAM-58104027,25232900,756.572,tonne,334.28,UA
CBAM-27104182,72083900,928.97,tonne,2520.172,MA
CBAM-29275305,76011000,153.764,tonne,2114.445,CN
CBAM-31792498,28070010,482.728,tonne,1701.638,IN
CBAM-46561711,31021000,292.723,tonne,3432.456,TR
CBAM-62570249,27160000,216.669,tonne,3118.175,UA
CBAM-13986725,25232900,185.269,tonne,408.852,MA
CBAM-36451546,72083900,816.104,tonne,2941.756,CN
CBAM-92187610,76011000,199.851,tonne,2885.658,IN
CBAM-26075786,28070010,562.832,tonne,3668.958,TR
CBAM-25477370,31021000,6.449,tonne,1307.181,UA
CBAM-59776300,27160000,843.625,tonne,439.608,MA
CBAM-42263947,25232900,730.469,tonne,4652.045,CN
CBAM-60777445,72083900,724.958,tonne,316.494,IN
CBAM-39583637,76011000,646.027,tonne,2751.311,TR
CBAM-50849958,28070010,521.758,tonne,4194.174,UA
CBAM-26875688,31021000,238.189,tonne,4622.908,MA
CBAM-88103828,27160000,278.616,tonne,1727.247,CN
CBAM-41298191,25232900,704.593,tonne,755.867,IN
CBAM-51530514,72083900,832.408,tonne,591.935,TR
CBAM-83514023,76011000,38.492,tonne,1610.343,UA
CBAM-50453302,28070010,81.631,tonne,773.265,MA
CBAM-71030073,31021000,214.734,tonne,3337.835,CN
CBAM-93357323,27160000,897.089,tonne,1743.956,IN
CBAM-55516108,25232900,73.83,tonne,4273.317,TR
CBAM-52699090,72083900,628.855,tonne,1875.127,UA
CBAM-89363620,76011000,393.057,tonne,3293.232,MA
CBAM-76656517,28070010,880.324,tonne,1358.622,CN
CBAM-17961277,31021000,769.552,tonne,362.886,IN
CBAM-74450536,27160000,800.387,tonne,848.959,TR
CBAM-67464812,25232900,910.25,tonne,3220.531,UA
CBAM-06395781,72083900,744.853,tonne,2721.463,MA
CBAM-71717415,76011000,111.923,tonne,4487.162,CN
CBAM-55129684,28070010,230.742,tonne,4002.183,IN
CBAM-99198295,31021000,223.888,tonne,1105.493,TR
CBAM-01041448,27160000,588.231,tonne,4401.736,UA
CBAM-44138235,25232900,929.873,tonne,2148.661,MA
CBAM-24983114,72083900,692.497,tonne,4401.747,CN
CBAM-89726369,76011000,117.571,tonne,2410.79,IN
CBAM-52042781,28070010,517.785,tonne,1223.649,TR
CBAM-63960850,31021000,689.25,tonne,4892.333,UA
CBAM-73918906,27160000,339.189,tonne,2372.025,MA
CBAM-15355031,25232900,51.991,tonne,3688.476,CN
CBAM-78519483,72083900,225.886,tonne,1379.435,IN
CBAM-64526520,76011000,924.758,tonne,1503.222,TR
CBAM-85419368,28070010,194.563,tonne,1417.204,UA
CBAM-07364349,31021000,585.976,tonne,867.693,MA
CBAM-38810005,27160000,954.783,tonne,4950.861,CN
CBAM-37083905,25232900,989.612,tonne,4491.94,IN
CBAM-96314230,72083900,837.691,tonne,3008.079,TR
CBAM-53318842,76011000,579.281,tonne,4333.095,UA
CBAM-20765981,28070010,983.472,tonne,2156.086,MA
CBAM-45478108,31021000,905.946,tonne,1064.126,CN
CBAM-00331471,27160000,264.602,tonne,5009.537,IN
CBAM-98166780,25232900,903.354,tonne,3699.425,TR
CBAM-94636376,72083900,258.555,tonne,3926.102,UA
CBAM-27298546,76011000,219.918,tonne,1684.771,MA
CBAM-90643013,28070010,669.479,tonne,3553.462,CN
CBAM-60934366,31021000,553.589,tonne,3329.95,IN
CBAM-85038609,27160000,81.286,tonne,2598.44,TR
CBAM-90105928,25232900,197.022,tonne,2374.336,UA
CBAM-39168271,72083900,965.947,tonne,1392.236,MA
CBAM-90227094,76011000,762.736,tonne,1109.042,CN
CBAM-16557205,28070010,154.129,tonne,281.755,IN
CBAM-93409662,31021000,528.555,tonne,4353.56,TR
CBAM-39465406,27160000,86.087,tonne,4321.114,UA
CBAM-84716781,25232900,120.469,tonne,1829.985,MA
CBAM-40751326,72083900,155.428,tonne,600.623,CN
CBAM-78283298,76011000,438.668,tonne,671.334,IN
CBAM-04859570,28070010,624.048,tonne,2229.675,TR
CBAM-57865884,31021000,718.368,tonne,3342.834,UA
CBAM-78578137,27160000,336.046,tonne,3176.97,MA
CBAM-76633757,25232900,359.05,tonne,4211.115,CN
CBAM-28432745,72083900,358.002,tonne,1160.095,IN
CBAM-94192960,76011000,990.902,tonne,4547.953,TR
CBAM-99831519,28070010,248.853,tonne,1100.364,UA
CBAM-19312782,31021000,182.521,tonne,796.095,MA
CBAM-26668055,27160000,670.661,tonne,1348.864,CN
CBAM-98791063,25232900,841.764,tonne,2852.087,IN
CBAM-33681544,72083900,276.108,tonne,592.261,TR
CBAM-43102861,76011000,428.152,tonne,4546.444,UA
CBAM-11510111,28070010,344.259,tonne,4651.296,MA
CBAM-67021605,31021000,600.825,tonne,718.734,CN
CBAM-96897583,27160000,870.557,tonne,4369.322,IN
CBAM-57721055,25232900,952.152,tonne,2300.394,TR
CBAM-82709370,72083900,938.366,tonne,3134.49,UA
CBAM-26178577,76011000,544.304,tonne,1693.472,MA
CBAM-82047944,28070010,749.95,tonne,4264.266,CN
CBAM-48221126,31021000,990.667,tonne,96.383,IN
CBAM-11919962,27160000,743.66,tonne,2422.41,TR
CBAM-51842922,25232900,805.987,tonne,3436.83,UA
CBAM-96508418,72083900,731.371,tonne,1130.464,MA
CBAM-17726372,76011000,503.891,tonne,3787.56,CN
CBAM-22048071,28070010,313.696,tonne,788.472,IN
CBAM-16208722,31021000,240.156,tonne,4981.477,TR
CBAM-14326499,27160000,718.857,tonne,4532.265,UA
CBAM-75665349,25232900,849.601,tonne,2059.628,MA
CBAM-80079791,72083900,348.427,tonne,4547.043,CN
CBAM-78343625,76011000,243.019,tonne,1470.915,IN
CBAM-16464808,28070010,366.338,tonne,4106.433,TR
CBAM-20001060,31021000,265.439,tonne,4869.877,UA
CBAM-98436403,27160000,897.949,tonne,3430.449,MA
CBAM-21522736,25232900,383.419,tonne,184.107,CN
CBAM-73140024,72083900,333.276,tonne,820.164,IN
CBAM-15632208,76011000,264.232,tonne,1931.901,TR
CBAM-99875290,28070010,362.522,tonne,4743.376,UA
CBAM-07932998,31021000,614.104,tonne,4805.985,MA
CBAM-43656375,27160000,498.664,tonne,1466.671,CN
CBAM-99462566,25232900,552.478,tonne,2481.974,IN
CBAM-92356888,72083900,632.382,tonne,2062.083,TR
CBAM-30241959,76011000,7.895,tonne,19.768,UA
CBAM-54482468,28070010,529.256,tonne,2794.835,MA
CBAM-72645344,31021000,555.538,tonne,1566.333,CN
CBAM-66059609,27160000,111.029,tonne,1213.852,IN
CBAM-40540332,25232900,812.625,tonne,4890.512,TR
CBAM-57890581,72083900,409.985,tonne,594.88,UA
CBAM-55723091,76011000,484.774,tonne,4268.837,MA
CBAM-88872787,28070010,185.912,tonne,466.363,CN
CBAM-64344940,31021000,326.026,tonne,2657.862,IN
CBAM-05794739,27160000,280.142,tonne,3743.197,TR
CBAM-39407792,25232900,327.736,tonne,2068.686,UA
CBAM-03349002,72083900,39.736,tonne,2788.056,MA
CBAM-16950834,76011000,829.362,tonne,1136.494,CN
CBAM-33961207,28070010,538.055,tonne,143.297,IN
CBAM-77371455,31021000,321.656,tonne,1406.005,TR
CBAM-17473953,27160000,371.216,tonne,1315.214,UA
CBAM-47469971,25232900,109.445,tonne,1177.468,MA
CBAM-73010798,72083900,389.625,tonne,186.545,CN
CBAM-31120113,76011000,598.124,tonne,3719.961,IN
CBAM-59716327,28070010,584.684,tonne,3429.16,TR
CBAM-61242291,31021000,924.898,tonne,278.416,UA
CBAM-70471244,27160000,925.765,tonne,3770.268,MA
CBAM-22030988,25232900,160.446,tonne,3840.641,CN
CBAM-30219316,72083900,93.006,tonne,723.771,IN
CBAM-41397595,76011000,691.297,tonne,1845.702,TR
CBAM-67389002,28070010,454.837,tonne,1712.312,UA
CBAM-58416428,31021000,667.398,tonne,1422.235,MA
CBAM-97189333,27160000,364.985,tonne,2624.563,CN
CBAM-83085157,25232900,339.823,tonne,1199.582,IN
CBAM-55083598,72083900,909.704,tonne,1666.457,TR
CBAM-41297719,76011000,432.583,tonne,2109.627,UA
CBAM-98158187,28070010,554.174,tonne,2197.79,MA
CBAM-66550561,31021000,733.622,tonne,4104.092,CN
CBAM-78898803,27160000,680.268,tonne,1597.63,IN
CBAM-65165965,25232900,227.999,tonne,702.513,TR
CBAM-84521108,72083900,496.574,tonne,4865.793,UA
CBAM-55818543,76011000,9.784,tonne,4967.712,MA
CBAM-22727780,28070010,110.939,tonne,1811.31,CN
CBAM-82839040,31021000,152.195,tonne,3364.486,IN
CBAM-49899392,27160000,261.628,tonne,1071.229,TR
CBAM-42394804,25232900,28.809,tonne,992.93,UA
CBAM-44955089,72083900,180.921,tonne,22.828,MA
CBAM-55445397,76011000,254.973,tonne,1102.001,CN
CBAM-87333079,28070010,541.201,tonne,4590.782,IN
CBAM-37524295,31021000,494.012,tonne,927.957,TR
CBAM-79591062,27160000,28.923,tonne,123.81,UA
CBAM-87041538,25232900,903.92,tonne,611.735,MA
CBAM-56260786,72083900,781.518,tonne,1954.815,CN
CBAM-25785905,76011000,474.496,tonne,428.03,IN
CBAM-65365214,28070010,277.296,tonne,4807.808,TR
CBAM-34460690,31021000,181.479,tonne,2539.508,UA
CBAM-25905648,27160000,342.011,tonne,1539.701,MA
CBAM-57041702,25232900,759.415,tonne,596.229,CN
CBAM-00750016,72083900,46.267,tonne,1487.043,IN
CBAM-36293815,76011000,620.13,tonne,924.155,TR
CBAM-56930325,28070010,566.148,tonne,216.632,UA
CBAM-67458348,31021000,949.929,tonne,156.264,MA
CBAM-30292566,27160000,109.542,tonne,3977.667,CN
CBAM-04776359,25232900,198.415,tonne,401.762,IN
CBAM-83238829,72083900,672.119,tonne,2490.883,TR
CBAM-11368330,76011000,945.748,tonne,339.325,UA
CBAM-52558998,28070010,488.693,tonne,3008.926,MA
CBAM-30228470,31021000,572.135,tonne,4095.2,CN
CBAM-96198693,27160000,49.242,tonne,3968.153,IN
CBAM-74488458,25232900,991.65,tonne,1719.174,TR
CBAM-95544090,72083900,884.958,tonne,2766.637,UA
CBAM-16660605,76011000,757.595,tonne,143.377,MA
CBAM-65239357,28070010,191.329,tonne,1369.564,CN
CBAM-37828078,31021000,43.494,tonne,4439.395,IN
CBAM-93941367,27160000,418.492,tonne,2666.196,TR
CBAM-42101254,25232900,917.58,tonne,3846.808,UA
CBAM-93554868,72083900,811.106,tonne,3305.526,MA
CBAM-67746802,76011000,98.625,tonne,1591.487,CN
CBAM-53037311,28070010,590.472,tonne,844.701,IN
CBAM-36777243,31021000,566.308,tonne,3327.943,TR
CBAM-79704042,27160000,977.279,tonne,3695.136,UA
CBAM-31327826,25232900,335.676,tonne,4842.493,MA
CBAM-84020401,72083900,434.597,tonne,2536.033,CN
CBAM-12604704,76011000,78.92,tonne,3774.399,IN
CBAM-11170698,28070010,868.664,tonne,746.614,TR
CBAM-43678008,31021000,773.49,tonne,211.5,UA
CBAM-38435467,27160000,95.954,tonne,557.059,MA
CBAM-31612925,25232900,627.168,tonne,2863.241,CN
CBAM-30542247,72083900,971.358,tonne,870.637,IN
CBAM-28817775,76011000,551.492,tonne,2178.367,TR
CBAM-50275012,28070010,702.844,tonne,1542.28,UA
CBAM-18612249,31021000,734.822,tonne,1952.711,MA
CBAM-55187480,27160000,229.132,tonne,4457.083,CN
CBAM-24237125,25232900,742.017,tonne,4320.641,IN
CBAM-89036472,72083900,927.482,tonne,1464.583,TR
CBAM-52035960,76011000,942.891,tonne,3335.387,UA
CBAM-44090296,28070010,620.616,tonne,3577.687,MA
CBAM-52852778,31021000,340.25,tonne,4601.392,CN
CBAM-46134315,27160000,202.65,tonne,3817.117,IN
CBAM-83457164,25232900,235.019,tonne,1500.21,TR
CBAM-80801977,72083900,309.461,tonne,4783.545,UA
CBAM-22678517,76011000,727.806,tonne,3949.493,MA
CBAM-98158583,28070010,714.525,tonne,4400.031,CN
CBAM-91270737,31021000,606.137,tonne,3804.112,IN
CBAM-84191057,27160000,3.877,tonne,2500.667,TR
CBAM-92591561,25232900,259.042,tonne,2471.903,UA
CBAM-85265488,72083900,134.876,tonne,3275.014,MA
CBAM-28658162,76011000,278.636,tonne,2766.301,CN
CBAM-44139318,28070010,179.671,tonne,2640.678,IN
CBAM-52710620,31021000,261.561,tonne,3771.26,TR
CBAM-35339079,27160000,16.248,tonne,4100.491,UA
CBAM-28904437,25232900,222.088,tonne,3256.041,MA
CBAM-16198949,72083900,455.403,tonne,3145.066,CN
CBAM-69556390,76011000,199.936,tonne,3121.645,IN
CBAM-57676906,28070010,783.28,tonne,1181.506,TR
CBAM-08743103,31021000,59.485,tonne,3266.178,UA
CBAM-16608792,27160000,478.919,tonne,707.72,MA
CBAM-56790556,25232900,45.125,tonne,3782.956,CN
CBAM-97201202,72083900,139.171,tonne,2960.003,IN
CBAM-63745252,76011000,896.072,tonne,77.239,TR
CBAM-62905258,28070010,201.844,tonne,1899.344,UA
CBAM-45194657,31021000,685.814,tonne,2393.862,MA
CBAM-06518280,27160000,439.258,tonne,3051.832,CN
CBAM-20975164,25232900,571.539,tonne,1175.519,IN
CBAM-57522513,72083900,489.917,tonne,1927.97,TR
CBAM-42101576,76011000,372.706,tonne,370.507,UA
CBAM-68807189,28070010,298.716,tonne,2599.828,MA
CBAM-38576887,31021000,688.89,tonne,4541.501,CN
CBAM-92345286,27160000,837.625,tonne,2790.199,IN
CBAM-74304741,25232900,166.58,tonne,2004.655,TR
CBAM-98098767,72083900,970.633,tonne,101.564,UA
CBAM-95349124,76011000,911.851,tonne,861.655,MA
CBAM-44266389,28070010,530.401,tonne,2703.033,CN
CBAM-85796442,31021000,959.868,tonne,3938.92,IN
CBAM-40839189,27160000,258.796,tonne,99.093,TR
CBAM-03124545,25232900,992.054,tonne,3007.371,UA
CBAM-21427470,72083900,228.588,tonne,4530.47,MA
CBAM-10393232,76011000,813.846,tonne,2400.687,CN
CBAM-37477435,28070010,994.511,tonne,4048.185,IN
CBAM-90124177,31021000,970.624,tonne,1452.033,TR
CBAM-54325110,27160000,671.036,tonne,3640.592,UA
CBAM-09616168,25232900,846.282,tonne,453.884,MA
CBAM-87651852,72083900,193.265,tonne,1821.251,CN
CBAM-12212678,76011000,562.503,tonne,879.859,IN
CBAM-61161334,28070010,643.286,tonne,2613.76,TR
CBAM-09154165,31021000,613.162,tonne,1006.082,UA
CBAM-48910617,27160000,968.364,tonne,3267.978,MA
CBAM-69442987,25232900,465.944,tonne,2210.284,CN
CBAM-05660908,72083900,96.477,tonne,2571.509,IN
CBAM-05676743,76011000,650.629,tonne,1672.071,TR
CBAM-67960380,28070010,593.707,tonne,1108.427,UA
CBAM-91114927,31021000,249.111,tonne,2603.374,MA
CBAM-21153204,27160000,644.678,tonne,3699.638,CN
CBAM-92953361,25232900,857.818,tonne,4288.075,IN
CBAM-68181500,72083900,60.305,tonne,3634.013,TR
CBAM-31555347,76011000,340.5,tonne,965.077,UA
CBAM-00691218,28070010,483.009,tonne,1407.365,MA
CBAM-42145454,31021000,226.033,tonne,4048.513,CN
CBAM-58784699,27160000,728.523,tonne,1211.168,IN
CBAM-23585631,25232900,862.154,tonne,2377.354,TR
CBAM-26947357,72083900,916.372,tonne,4321.362,UA
CBAM-75903515,76011000,952.573,tonne,3862.381,MA
CBAM-59750607,28070010,669.811,tonne,3403.074,CN
CBAM-87159929,31021000,707.355,tonne,1341.764,IN
CBAM-27227050,27160000,727.386,tonne,1026.767,TR
CBAM-52223529,25232900,310.696,tonne,2315.761,UA
CBAM-90341490,72083900,94.2,tonne,268.398,MA
CBAM-29804298,76011000,129.643,tonne,2915.809,CN
CBAM-71911153,28070010,235.213,tonne,4807.641,IN
CBAM-52462575,31021000,903.608,tonne,4163.028,TR
CBAM-71913443,27160000,647.279,tonne,2654.399,UA
CBAM-18375182,25232900,436.899,tonne,2952.17,MA
CBAM-98605552,72083900,317.996,tonne,4826.996,CN
CBAM-96865066,76011000,831.413,tonne,1679.642,IN
CBAM-93472189,28070010,215.855,tonne,212.809,TR
CBAM-92701637,31021000,453.981,tonne,563.06,UA
CBAM-78313647,27160000,487.441,tonne,4537.332,MA
CBAM-52207877,25232900,471.194,tonne,3114.591,CN
CBAM-64708974,72083900,273.011,tonne,595.251,IN
CBAM-53649721,76011000,274.314,tonne,4766.633,TR
CBAM-27157976,28070010,894.259,tonne,4082.866,UA
CBAM-35764712,31021000,568.611,tonne,1264.409,MA
CBAM-33183129,27160000,969.158,tonne,3346.905,CN
CBAM-35990650,25232900,341.745,tonne,1671.266,IN
CBAM-92924404,72083900,612.588,tonne,3460.218,TR
CBAM-82379631,76011000,621.504,tonne,857.504,UA
CBAM-05481061,28070010,462.057,tonne,2586.927,MA
CBAM-48294671,31021000,567.83,tonne,1658.915,CN
CBAM-00332387,27160000,752.425,tonne,1072.304,IN
CBAM-15821236,25232900,903.887,tonne,3747.214,TR
CBAM-61746206,72083900,719.252,tonne,583.528,UA
CBAM-60403239,76011000,378.405,tonne,759.458,MA
CBAM-16135547,28070010,757.583,tonne,3932.751,CN
CBAM-79240876,31021000,414.484,tonne,804.357,IN
CBAM-67359988,27160000,733.118,tonne,3674.894,TR
CBAM-39632389,25232900,831.173,tonne,1155.318,UA
CBAM-05433200,72083900,429.889,tonne,3634.554,MA
CBAM-58757270,76011000,872.349,tonne,1472.511,CN
CBAM-12175264,28070010,191.352,tonne,3102.141,IN
CBAM-00523333,31021000,589.62,tonne,4713.747,TR
CBAM-72849999,27160000,234.769,tonne,3211.373,UA
CBAM-38093976,25232900,653.706,tonne,4425.539,MA
CBAM-19563300,72083900,735.165,tonne,709.984,CN
CBAM-16294456,76011000,4.06,tonne,1398.744,IN
CBAM-69431210,28070010,560.4,tonne,736.342,TR
CBAM-54877953,31021000,138.672,tonne,3861.44,UA
CBAM-44505035,27160000,773.476,tonne,3081.104,MA
CBAM-41101901,25232900,257.143,tonne,3916.578,CN
CBAM-89769264,72083900,626.535,tonne,4635.714,IN
CBAM-80983213,76011000,348.463,tonne,1785.668,TR
CBAM-14198429,28070010,834.918,tonne,3474.958,UA
CBAM-08081163,31021000,458.792,tonne,4733.095,MA
CBAM-98163963,27160000,312.015,tonne,3768.281,CN
CBAM-97114976,25232900,805.783,tonne,3770.49,IN
CBAM-91798196,72083900,345.939,tonne,892.741,TR
CBAM-74904978,76011000,385.963,tonne,4696.241,UA
CBAM-59542804,28070010,936.089,tonne,3154.559,MA
CBAM-56974642,31021000,55.772,tonne,2583.836,CN
CBAM-46393509,27160000,414.49,tonne,1306.936,IN
CBAM-98957887,25232900,871.177,tonne,2421.752,TR
CBAM-51454802,72083900,503.72,tonne,2941.577,UA
CBAM-97816587,76011000,65.926,tonne,1712.479,MA
CBAM-18104228,28070010,893.192,tonne,1354.953,CN
CBAM-86836514,31021000,514.95,tonne,1578.611,IN
CBAM-59115712,27160000,132.222,tonne,3263.69,TR
CBAM-49596181,25232900,260.836,tonne,2067.396,UA
CBAM-69961334,72083900,933.14,tonne,3843.693,MA
CBAM-64922841,76011000,806.55,tonne,4435.04,CN
CBAM-02641041,28070010,10.637,tonne,1465.686,IN
CBAM-88069310,31021000,625.415,tonne,1981.502,TR
CBAM-94531814,27160000,418.976,tonne,3991.056,UA
CBAM-97800912,25232900,768.124,tonne,3855.734,MA
CBAM-86653096,72083900,950.719,tonne,4357.736,CN
CBAM-90655816,76011000,929.925,tonne,4063.531,IN
CBAM-04966551,28070010,943.064,tonne,82.318,TR
CBAM-56507517,31021000,745.361,tonne,599.865,UA
CBAM-45240904,27160000,560.696,tonne,3035.755,MA
CBAM-50616884,25232900,33.348,tonne,1966.997,CN
CBAM-38458217,72083900,908.272,tonne,2262.07,IN
CBAM-51134282,76011000,626.586,tonne,4591.648,TR
CBAM-17278639,28070010,244.828,tonne,3518.685,UA
CBAM-37546866,31021000,308.32,tonne,1666.874,MA
CBAM-38896599,27160000,999.482,tonne,4874.849,CN
CBAM-14755016,25232900,266.14,tonne,2242.168,IN
CBAM-96436519,72083900,935.618,tonne,3259.919,TR
CBAM-77795406,76011000,501.191,tonne,4156.98,UA
CBAM-30950102,28070010,794.918,tonne,3034.357,MA
CBAM-28235358,31021000,102.217,tonne,4334.328,CN
CBAM-41835782,27160000,221.987,tonne,1363.844,IN
CBAM-12058507,25232900,19.31,tonne,4024.448,TR
CBAM-22328242,72083900,698.567,tonne,2029.843,UA
CBAM-77195742,76011000,93.109,tonne,1982.216,MA
CBAM-82506660,28070010,705.229,tonne,523.688,CN
CBAM-26420954,31021000,231.385,tonne,3207.65,IN
CBAM-50261695,27160000,139.028,tonne,4657.317,TR
CBAM-98601774,25232900,315.285,tonne,3301.931,UA
CBAM-88506499,72083900,62.644,tonne,1212.317,MA
CBAM-39161664,76011000,72.86,tonne,960.041,CN
CBAM-96221002,28070010,297.744,tonne,1935.577,IN
CBAM-64640979,31021000,939.519,tonne,2582.041,TR
CBAM-30481534,27160000,307.702,tonne,1054.434,UA
CBAM-80195629,25232900,669.117,tonne,749.019,MA
CBAM-66121598,72083900,516.117,tonne,462.527,CN
CBAM-25982333,76011000,12.948,tonne,3919.546,IN
CBAM-35454301,28070010,598.169,tonne,3171.213,TR
CBAM-81013661,31021000,557.763,tonne,2741.731,UA
CBAM-60418740,27160000,324.713,tonne,4726.361,MA
CBAM-37501868,25232900,763.362,tonne,2370.753,CN
CBAM-39426827,72083900,503.665,tonne,4421.594,IN
CBAM-36916908,76011000,387.546,tonne,3457.413,TR
CBAM-69145563,28070010,324.678,tonne,2191.181,UA
CBAM-68325716,31021000,683.084,tonne,1747.18,MA
CBAM-35628916,27160000,519.359,tonne,443.143,CN
CBAM-79755790,25232900,359.31,tonne,3707.466,IN
CBAM-09047191,72083900,882.279,tonne,2504.776,TR
CBAM-26635501,76011000,325.876,tonne,2156.051,UA
CBAM-71299221,28070010,266.576,tonne,373.521,MA
CBAM-55201965,31021000,615.87,tonne,2858.687,CN
CBAM-45441799,27160000,245.584,tonne,4834.21,IN
CBAM-16573437,25232900,588.846,tonne,4550.18,TR
CBAM-74114841,72083900,43.049,tonne,2588.708,UA
CBAM-91763557,76011000,870.69,tonne,3047.918,MA
CBAM-06387356,28070010,222.114,tonne,1365.288,CN
CBAM-12995591,31021000,530.511,tonne,4789.471,IN
CBAM-72180161,27160000,141.477,tonne,1099.835,TR
CBAM-43338896,25232900,82.791,tonne,2250.556,UA
CBAM-70333155,72083900,207.991,tonne,2468.169,MA
CBAM-39536399,76011000,459.802,tonne,2853.095,CN
CBAM-10261646,28070010,599.294,tonne,2678.692,IN
CBAM-80582432,31021000,603.553,tonne,3335.693,TR
CBAM-90388109,27160000,324.657,tonne,1006.02,UA
CBAM-30323643,25232900,745.311,tonne,3250.523,MA
CBAM-58919920,72083900,609.525,tonne,238.689,CN
CBAM-09741058,76011000,224.242,tonne,3844.33,IN
CBAM-56801527,28070010,305.852,tonne,859.072,TR
CBAM-34654536,31021000,401.466,tonne,3595.723,UA
CBAM-58377639,27160000,536.969,tonne,2263.052,MA
CBAM-05992322,25232900,274.303,tonne,2866.313,CN
CBAM-21956917,72083900,736.427,tonne,4653.93,IN
CBAM-01157669,76011000,701.304,tonne,3717.364,TR
CBAM-55621256,28070010,490.08,tonne,1684.927,UA
CBAM-19742658,31021000,704.229,tonne,2427.163,MA
CBAM-49396172,27160000,930.752,tonne,1313.355,CN
CBAM-63398909,25232900,908.468,tonne,3265.17,IN
CBAM-71427251,72083900,412.943,tonne,4398.954,TR
CBAM-05863643,76011000,486.954,tonne,2299.718,UA
CBAM-06090733,28070010,63.54,tonne,2452.71,MA
CBAM-30033708,31021000,695.142,tonne,4637.751,CN
CBAM-20618456,27160000,501.249,tonne,1609.777,IN
CBAM-77034340,25232900,268.849,tonne,4000.79,TR
CBAM-32151832,72083900,921.754,tonne,4667.576,UA
CBAM-31077195,76011000,375.845,tonne,1162.663,MA
CBAM-48397227,28070010,869.108,tonne,362.896,CN
CBAM-35442047,31021000,712.315,tonne,4125.036,IN
CBAM-63173986,27160000,8.563,tonne,1957.295,TR
CBAM-70045619,25232900,221.572,tonne,2002.468,UA
CBAM-44011198,72083900,713.259,tonne,2097.225,MA
CBAM-33038649,76011000,606.828,tonne,4013.745,CN
CBAM-61550593,28070010,333.503,tonne,1254.51,IN
CBAM-31968607,31021000,445.359,tonne,2744.117,TR
CBAM-06547552,27160000,501.114,tonne,3319.225,UA
CBAM-67151300,25232900,773.831,tonne,131.547,MA
CBAM-82915949,72083900,825.832,tonne,4882.13,CN
CBAM-68962655,76011000,405.941,tonne,2442.004,IN
CBAM-98928812,28070010,731.596,tonne,1209.25,TR
CBAM-39541670,31021000,301.58,tonne,2693.398,UA
CBAM-88467420,27160000,590.836,tonne,3865.207,MA
CBAM-89644643,25232900,237.108,tonne,2512.346,CN
CBAM-84634080,72083900,735.758,tonne,3724.377,IN
CBAM-15638872,76011000,939.29,tonne,476.312,TR
CBAM-82771920,28070010,555.446,tonne,2825.802,UA
CBAM-45315108,31021000,162.268,tonne,733.99,MA
CBAM-19580228,27160000,383.475,tonne,1463.958,CN
CBAM-27924312,25232900,377.572,tonne,2362.535,IN
CBAM-99653707,72083900,366.951,tonne,2252.849,TR
CBAM-91599767,76011000,234.439,tonne,4725.523,UA
CBAM-11463797,28070010,929.099,tonne,293.59,MA
CBAM-38059924,31021000,957.535,tonne,4798.684,CN
CBAM-95196886,27160000,512.713,tonne,4831.503,IN
CBAM-35381057,25232900,443.631,tonne,4661.402,TR
CBAM-22449542,72083900,437.214,tonne,981.869,UA
CBAM-41774609,76011000,250.769,tonne,2326.506,MA
CBAM-46988797,28070010,623.423,tonne,1706.797,CN
CBAM-22756997,31021000,627.368,tonne,1892.93,IN
CBAM-79271015,27160000,276.418,tonne,1231.219,TR
CBAM-39181940,25232900,507.371,tonne,1442.504,UA
CBAM-33048148,72083900,83.426,tonne,4001.788,MA
CBAM-63612270,76011000,732.211,tonne,1568.445,CN
CBAM-66986173,28070010,665.573,tonne,4656.356,IN
CBAM-56091959,31021000,504.043,tonne,4421.722,TR
CBAM-59867807,27160000,105.631,tonne,2975.977,UA
CBAM-72217390,25232900,732.58,tonne,1354.499,MA
CBAM-65806545,72083900,348.427,tonne,285.93,CN
CBAM-09490448,76011000,914.3,tonne,140.471,IN
CBAM-06829514,28070010,712.131,tonne,1487.111,TR
CBAM-30465595,31021000,816.992,tonne,4415.392,UA
CBAM-47563269,27160000,463.338,tonne,3065.255,MA
CBAM-30378005,25232900,581.402,tonne,4833.042,CN
CBAM-46919592,72083900,148.399,tonne,3444.586,IN
CBAM-68531792,76011000,331.644,tonne,4385.703,TR
CBAM-77688452,28070010,333.889,tonne,4862.038,UA
CBAM-12504058,31021000,11.276,tonne,1707.191,MA
CBAM-48672872,27160000,51.774,tonne,3359.229,CN
CBAM-59589457,25232900,666.918,tonne,1248.48,IN
CBAM-77227590,72083900,654.294,tonne,2429.211,TR
CBAM-42862844,76011000,382.157,tonne,2567.457,UA
CBAM-96471989,28070010,30.237,tonne,2320.972,MA
CBAM-62344443,31021000,185.223,tonne,2951.123,CN
CBAM-89917454,27160000,635.87,tonne,494.711,IN
CBAM-78520466,25232900,731.9,tonne,3276.268,TR
CBAM-13911860,72083900,304.553,tonne,3467.609,UA
CBAM-14307957,76011000,973.961,tonne,1259.441,MA
CBAM-08524140,28070010,832.605,tonne,3609.498,CN
CBAM-18389344,31021000,507.533,tonne,4200.227,IN
CBAM-47990389,27160000,577.522,tonne,3409.105,TR
CBAM-43089248,25232900,527.954,tonne,1562.697,UA
CBAM-25184127,72083900,324.066,tonne,1430.68,MA
CBAM-40288793,76011000,821.797,tonne,4966.339,CN
CBAM-29736090,28070010,937.936,tonne,2728.095,IN
CBAM-50362914,31021000,671.126,tonne,738.073,TR
CBAM-79390671,27160000,990.658,tonne,59.362,UA
CBAM-91467869,25232900,133.217,tonne,4562.057,MA
CBAM-83390769,72083900,399.778,tonne,2323.592,CN
CBAM-33500990,76011000,320.353,tonne,239.543,IN
CBAM-58883085,28070010,449.608,tonne,2275.075,TR
CBAM-70430083,31021000,946.699,tonne,1402.722,UA
CBAM-36904233,27160000,82.506,tonne,1643.349,MA
CBAM-58601376,25232900,204.789,tonne,1900.546,CN
CBAM-79060648,72083900,375.586,tonne,3419.09,IN
CBAM-17612385,76011000,527.934,tonne,3744.748,TR
CBAM-73405598,28070010,96.319,tonne,3499.126,UA
CBAM-99378190,31021000,374.905,tonne,4745.916,MA
CBAM-38167395,27160000,545.36,tonne,2950.31,CN
CBAM-66121486,25232900,653.589,tonne,1036.507,IN
CBAM-51749989,72083900,664.044,tonne,2377.739,TR
CBAM-76105841,76011000,821.469,tonne,4843.588,UA
CBAM-72073468,28070010,23.991,tonne,2457.912,MA
CBAM-16298555,31021000,983.131,tonne,4234.885,CN
CBAM-68794920,27160000,919.165,tonne,166.644,IN
CBAM-97678866,25232900,97.45,tonne,3428.892,TR
CBAM-22931006,72083900,354.573,tonne,4956.319,UA
CBAM-05093294,76011000,333.267,tonne,4309.115,MA
CBAM-99660100,28070010,935.481,tonne,370.173,CN
CBAM-19080671,31021000,663.316,tonne,348.421,IN
CBAM-59329596,27160000,773.062,tonne,4355.454,TR
CBAM-88028436,25232900,13.584,tonne,1743.991,UA
CBAM-92597016,72083900,401.829,tonne,4191.147,MA
CBAM-87204967,76011000,247.471,tonne,1516.233,CN
CBAM-24977571,28070010,891.028,tonne,1224.409,IN
CBAM-53879356,31021000,938.924,tonne,622.413,TR
CBAM-79554599,27160000,654.116,tonne,374.618,UA
CBAM-06578905,25232900,309.358,tonne,2622.457,MA
CBAM-42235738,72083900,360.703,tonne,421.265,CN
CBAM-67461208,76011000,389.937,tonne,4445.584,IN
CBAM-05097587,28070010,264.243,tonne,4365.439,TR
CBAM-24743367,31021000,250.594,tonne,2808.176,UA
CBAM-91571287,27160000,182.165,tonne,697.789,MA
CBAM-24518003,25232900,104.351,tonne,1272.266,CN
CBAM-09896964,72083900,803.322,tonne,4801.314,IN
CBAM-21817026,76011000,57.585,tonne,2094.336,TR
CBAM-21735500,28070010,947.282,tonne,1983.445,UA
CBAM-11227199,31021000,151.904,tonne,3516.656,MA
CBAM-65481952,27160000,739.188,tonne,5005.522,CN
CBAM-03592685,25232900,653.882,tonne,1803.421,IN
CBAM-36667624,72083900,268.244,tonne,3390.445,TR
CBAM-41881469,76011000,208.006,tonne,1588.531,UA
CBAM-81132410,28070010,183.296,tonne,1490.176,MA
CBAM-87609518,31021000,354.905,tonne,3756.88,CN
CBAM-63342340,27160000,387.109,tonne,159.004,IN
CBAM-25066226,25232900,396.099,tonne,4482.801,TR
CBAM-98360893,72083900,495.326,tonne,4224.727,UA
CBAM-34107754,76011000,939.852,tonne,827.561,MA
CBAM-24639768,28070010,35.63,tonne,3441.915,CN
CBAM-21356760,31021000,998.799,tonne,4151.62,IN
CBAM-47609184,27160000,583.266,tonne,4945.862,TR
CBAM-67350516,25232900,540.79,tonne,4939.352,UA
CBAM-90517751,72083900,422.82,tonne,1177.35,MA
CBAM-41852261,76011000,547.747,tonne,4268.917,CN
CBAM-22363288,28070010,838.202,tonne,2013.285,IN
CBAM-88300934,31021000,970.871,tonne,816.456,TR
CBAM-56695705,27160000,518.385,tonne,4461.933,UA
CBAM-33841124,25232900,974.325,tonne,3245.239,MA
CBAM-31389565,72083900,498.762,tonne,1952.995,CN
CBAM-82959605,76011000,81.164,tonne,3830.4,IN
CBAM-16085773,28070010,310.175,tonne,3993.441,TR
CBAM-00358718,31021000,810.294,tonne,747.156,UA
CBAM-13230707,27160000,166.575,tonne,2774.084,MA
CBAM-34883910,25232900,128.61,tonne,1447.285,CN
CBAM-48125586,72083900,757.348,tonne,4157.172,IN
CBAM-86278324,76011000,635.615,tonne,1634.13,TR
CBAM-71896514,28070010,388.718,tonne,3030.454,UA
CBAM-99336881,31021000,60.74,tonne,3458.474,MA
CBAM-22894069,27160000,311.803,tonne,618.601,CN
CBAM-30590415,25232900,615.876,tonne,3263.023,IN
CBAM-38661316,72083900,633.729,tonne,1208.219,TR
CBAM-25385584,76011000,385.831,tonne,759.163,UA
CBAM-56631643,28070010,391.558,tonne,124.475,MA
CBAM-34650478,31021000,675.989,tonne,3646.68,CN
CBAM-83942196,27160000,556.209,tonne,735.523,IN
CBAM-17199928,25232900,942.241,tonne,3115.57,TR
CBAM-78226835,72083900,450.437,tonne,4056.135,UA
CBAM-48008302,76011000,562.346,tonne,2520.379,MA
CBAM-85426658,28070010,353.198,tonne,2726.511,CN
CBAM-60546104,31021000,20.357,tonne,217.023,IN
CBAM-25497968,27160000,295.933,tonne,3693.906,TR
CBAM-16661160,25232900,233.391,tonne,33.821,UA
CBAM-30088813,72083900,715.257,tonne,3688.435,MA
CBAM-49612052,76011000,547.119,tonne,2205.492,CN
CBAM-15202276,28070010,896.019,tonne,3413.756,IN
CBAM-35496140,31021000,566.822,tonne,732.609,TR
CBAM-82094056,27160000,390.336,tonne,2823.305,UA
CBAM-65261469,25232900,7.871,tonne,2430.725,MA
CBAM-19666844,72083900,680.028,tonne,3907.804,CN
CBAM-13873078,76011000,13.958,tonne,4649.96,IN
CBAM-52783945,28070010,704.221,tonne,815.285,TR
CBAM-53250438,31021000,974.697,tonne,537.237,UA
CBAM-42875512,27160000,65.379,tonne,3483.495,MA
CBAM-78438870,25232900,771.495,tonne,1084.013,CN
CBAM-73252957,72083900,373.594,tonne,3434.573,IN
CBAM-21011989,76011000,45.795,tonne,1836.884,TR
CBAM-98122613,28070010,294.038,tonne,2063.423,UA
CBAM-78697763,31021000,134.4,tonne,4660.026,MA
CBAM-90468770,27160000,525.428,tonne,2336.019,CN
CBAM-42756295,25232900,967.079,tonne,3669.897,IN
CBAM-28447206,72083900,871.603,tonne,2659.759,TR
CBAM-46894514,76011000,286.416,tonne,1342.736,UA
CBAM-52754135,28070010,210.356,tonne,141.979,MA
CBAM-51259559,31021000,398.413,tonne,2089.981,CN
CBAM-38142833,27160000,225.411,tonne,2234.778,IN
CBAM-05206292,25232900,7.419,tonne,4997.04,TR
CBAM-58632413,72083900,591.14,tonne,1731.659,UA
CBAM-35017582,76011000,76.307,tonne,530.357,MA
CBAM-76357456,28070010,317.319,tonne,4909.373,CN
CBAM-84457561,31021000,234.008,tonne,242.914,IN
CBAM-77157885,27160000,906.631,tonne,2569.895,TR
CBAM-53069323,25232900,66.643,tonne,3781.036,UA
CBAM-89131621,72083900,850.699,tonne,4898.252,MA
CBAM-47964996,76011000,111.324,tonne,4155.911,CN
CBAM-72991342,28070010,525.431,tonne,1448.036,IN
CBAM-32652944,31021000,183.047,tonne,2270.345,TR
CBAM-30300561,27160000,301.093,tonne,1384.851,UA
CBAM-91737798,25232900,698.786,tonne,293.162,MA
CBAM-73102387,72083900,147.409,tonne,736.817,CN
CBAM-17238113,76011000,662.403,tonne,3360.052,IN
CBAM-65545591,28070010,151.741,tonne,96.114,TR
CBAM-80471293,31021000,216.95,tonne,2225.019,UA
CBAM-13643658,27160000,855.463,tonne,1249.658,MA
CBAM-64550032,25232900,173.005,tonne,1170.069,CN
CBAM-00404248,72083900,724.571,tonne,2572.373,IN
CBAM-32550378,76011000,715.42,tonne,4924.313,TR
CBAM-38941535,28070010,847.638,tonne,124.456,UA
CBAM-43828057,31021000,519.377,tonne,2966.895,MA
CBAM-14871750,27160000,155.978,tonne,1367.868,CN
CBAM-16997142,25232900,498.111,tonne,3112.863,IN
CBAM-48009286,72083900,971.55,tonne,4066.898,TR
CBAM-48274409,76011000,120.79,tonne,2759.285,UA
CBAM-20014290,28070010,745.487,tonne,2232.697,MA
CBAM-81299497,31021000,935.984,tonne,4614.551,CN
CBAM-37271764,27160000,988.091,tonne,1203.504,IN
CBAM-44137460,25232900,324.413,tonne,593.597,TR
CBAM-16071383,72083900,238.708,tonne,980.574,UA
CBAM-05511287,76011000,689.67,tonne,4991.658,MA
CBAM-77336259,28070010,933.833,tonne,1936.231,CN
CBAM-26879332,31021000,573.384,tonne,4786.497,IN
CBAM-32923948,27160000,433.813,tonne,2712.129,TR
CBAM-90671337,25232900,354.289,tonne,1183.311,UA
CBAM-54447494,72083900,825.089,tonne,953.666,MA
CBAM-67435460,76011000,884.88,tonne,3182.915,CN
CBAM-02856944,28070010,187.364,tonne,4266.957,IN
CBAM-62997627,31021000,791.007,tonne,817.107,TR
CBAM-14405019,27160000,527.125,tonne,1107.332,UA
CBAM-70643237,25232900,380.596,tonne,342.061,MA
CBAM-06055198,72083900,725.309,tonne,1598.431,CN
CBAM-26071880,76011000,38.301,tonne,1536.319,IN
CBAM-95027226,28070010,314.408,tonne,1009.628,TR
CBAM-78394314,31021000,738.512,tonne,4810.092,UA
CBAM-80221109,27160000,606.619,tonne,4368.702,MA
CBAM-73195738,25232900,906.889,tonne,3254.347,CN
CBAM-06926841,72083900,333.854,tonne,831.762,IN
CBAM-64398241,76011000,649.526,tonne,4260.924,TR
CBAM-09919058,28070010,941.31,tonne,797.471,UA
CBAM-49217409,31021000,940.453,tonne,895.766,MA
CBAM-58235944,27160000,586.438,tonne,2437.823,CN
CBAM-65812580,25232900,363.956,tonne,4289.191,IN
CBAM-59414179,72083900,224.499,tonne,2851.77,TR
CBAM-67532062,76011000,713.636,tonne,3424.027,UA
CBAM-32828869,28070010,557.188,tonne,1741.553,MA
CBAM-16215603,31021000,8.584,tonne,3935.018,CN
CBAM-52365260,27160000,301.006,tonne,3400.498,IN
CBAM-17111530,25232900,765.008,tonne,4503.643,TR
CBAM-07559578,72083900,113.322,tonne,402.635,UA
CBAM-28684335,76011000,207.716,tonne,2037.925,MA
CBAM-67520823,28070010,130.172,tonne,4789.223,CN
CBAM-02045703,31021000,648.916,tonne,193.336,IN
CBAM-15210139,27160000,153.451,tonne,1153.716,TR
CBAM-09950662,25232900,157.1,tonne,1874.759,UA
CBAM-06153591,72083900,783.829,tonne,4997.918,MA
CBAM-27385530,76011000,360.364,tonne,1698.511,CN
CBAM-70851133,28070010,736.252,tonne,2558.045,IN
CBAM-30513089,31021000,255.961,tonne,2657.532,TR
CBAM-23825230,27160000,53.061,tonne,4771.96,UA
CBAM-94192291,25232900,822.417,tonne,4237.574,MA
CBAM-20413375,72083900,64.009,tonne,2382.903,CN
CBAM-47986766,76011000,189.01,tonne,2053.052,IN
CBAM-12737869,28070010,2.236,tonne,3684.765,TR
CBAM-86891736,31021000,927.18,tonne,1121.526,UA
CBAM-84117552,27160000,973.215,tonne,1129.197,MA
CBAM-44615853,25232900,369.751,tonne,2788.479,CN
CBAM-10434957,72083900,283.881,tonne,1844.217,IN
CBAM-26807213,76011000,338.58,tonne,3417.785,TR
CBAM-36458940,28070010,503.261,tonne,3267.966,UA
CBAM-21601234,31021000,564.274,tonne,1897.201,MA
CBAM-02030628,27160000,108.417,tonne,4096.41,CN
CBAM-95361509,25232900,50.34,tonne,3241.198,IN
CBAM-84695015,72083900,839.182,tonne,1239.88,TR
CBAM-96138667,76011000,640.831,tonne,2761.892,UA
CBAM-86824188,28070010,494.736,tonne,4021.302,MA
CBAM-61789321,31021000,756.621,tonne,1114.873,CN
CBAM-52342349,27160000,321.829,tonne,4313.596,IN
CBAM-24991814,25232900,88.735,tonne,734.661,TR
CBAM-90302751,72083900,76.474,tonne,2809.402,UA
CBAM-85968838,76011000,204.147,tonne,670.099,MA
CBAM-73240630,28070010,231.433,tonne,1542.051,CN
CBAM-93996868,31021000,313.101,tonne,2387.557,IN
CBAM-13396064,27160000,719.742,tonne,2776.822,TR
CBAM-70700104,25232900,239.64,tonne,2687.643,UA
CBAM-94175655,72083900,808.678,tonne,2153.371,MA
CBAM-16890960,76011000,917.218,tonne,2390.266,CN
CBAM-27251655,28070010,364.035,tonne,272.597,IN
CBAM-28841483,31021000,594.958,tonne,2373.225,TR
CBAM-75053649,27160000,315.469,tonne,957.281,UA
CBAM-04533274,25232900,246.046,tonne,3305.023,MA
CBAM-19302341,72083900,300.333,tonne,1538.357,CN
CBAM-69449392,76011000,741.42,tonne,1493.489,IN
CBAM-48399874,28070010,734.446,tonne,2545.016,TR
CBAM-52170534,31021000,993.668,tonne,2485.183,UA
CBAM-40255166,27160000,324.451,tonne,216.638,MA
CBAM-02267504,25232900,881.933,tonne,1119.632,CN
CBAM-08076679,72083900,179.962,tonne,2951.422,IN
CBAM-78631991,76011000,176.495,tonne,2248.519,TR
CBAM-96181759,28070010,904.549,tonne,89.037,UA
CBAM-52728248,31021000,635.537,tonne,2151.57,MA
CBAM-42593702,27160000,878.14,tonne,1774.727,CN
CBAM-12747761,25232900,966.623,tonne,1450.774,IN
CBAM-81110264,72083900,467.988,tonne,4521.93,TR
CBAM-56523885,76011000,716.243,tonne,3744.151,UA
CBAM-73335719,28070010,353.51,tonne,2586.514,MA
CBAM-40969731,31021000,945.352,tonne,1101.366,CN
CBAM-78653984,27160000,333.179,tonne,3660.528,IN
CBAM-48085232,25232900,976.008,tonne,2140.714,TR
CBAM-52294763,72083900,573.439,tonne,497.485,UA
CBAM-51593021,76011000,943.994,tonne,2294.638,MA
CBAM-44116551,28070010,754.956,tonne,3435.102,CN
CBAM-11340717,31021000,371.639,tonne,277.407,IN
CBAM-24649470,27160000,805.047,tonne,947.014,TR
CBAM-08694003,25232900,808.283,tonne,4507.087,UA
CBAM-64509482,72083900,869.61,tonne,424.286,MA
CBAM-23797705,76011000,573.034,tonne,789.004,CN
CBAM-05266768,28070010,60.925,tonne,1545.037,IN
CBAM-57849982,31021000,103.308,tonne,1458.928,TR
CBAM-30553885,27160000,522.413,tonne,2084.396,UA
CBAM-63680408,25232900,610.191,tonne,3874.635,MA
CBAM-11929853,72083900,13.271,tonne,61.765,CN
CBAM-21854543,76011000,507.834,tonne,2356.094,IN
CBAM-58429229,28070010,662.976,tonne,3010.227,TR
CBAM-00629430,31021000,218.01,tonne,3081.098,UA
CBAM-63408246,27160000,435.906,tonne,3896.464,MA
CBAM-60825147,25232900,626.172,tonne,184.484,CN
CBAM-71236729,72083900,821.593,tonne,539.779,IN
CBAM-39321643,76011000,659.305,tonne,4601.042,TR
CBAM-88125019,28070010,876.864,tonne,3299.462,UA
CBAM-18638053,31021000,210.732,tonne,2181.937,MA
CBAM-57141922,27160000,512.298,tonne,2248.144,CN
CBAM-29092153,25232900,271.945,tonne,4968.845,IN
CBAM-15551888,72083900,694.008,tonne,4605.385,TR
CBAM-59306614,76011000,146.204,tonne,3292.391,UA
CBAM-70734673,28070010,581.766,tonne,1652.267,MA
CBAM-42207594,31021000,970.394,tonne,4002.9,CN
CBAM-82423234,27160000,144.066,tonne,4590.337,IN
CBAM-56873004,25232900,323.714,tonne,337.003,TR
CBAM-90008739,72083900,563.97,tonne,4858.81,UA
CBAM-13236321,76011000,335.186,tonne,3278.56,MA
CBAM-94667020,28070010,274.342,tonne,1695.722,CN
CBAM-15936162,31021000,364.868,tonne,236.636,IN
CBAM-53280826,27160000,704.243,tonne,2318.47,TR
CBAM-90169300,25232900,905.297,tonne,2592.573,UA
CBAM-73311308,72083900,362.952,tonne,2637.026,MA
CBAM-25816496,76011000,352.067,tonne,724.794,CN
CBAM-20864089,28070010,144.9,tonne,174.088,IN
CBAM-85982993,31021000,571.283,tonne,3350.062,TR
CBAM-42386258,27160000,471.963,tonne,512.315,UA
CBAM-08571178,25232900,246.561,tonne,1077.576,MA
CBAM-00960173,72083900,132.175,tonne,41.047,CN
CBAM-22578295,76011000,805.586,tonne,1007.396,IN
CBAM-53324459,28070010,571.994,tonne,4057.282,TR
CBAM-22751757,31021000,858.324,tonne,4203.733,UA
CBAM-88971810,27160000,859.026,tonne,48.955,MA
CBAM-98656998,25232900,837.513,tonne,2657.907,CN
CBAM-73460177,72083900,838.99,tonne,2620.566,IN
CBAM-27189590,76011000,555.233,tonne,392.705,TR
CBAM-49306890,28070010,663.506,tonne,1142.029,UA
CBAM-98256291,31021000,233.177,tonne,1765.427,MA
CBAM-86950026,27160000,17.069,tonne,4594.564,CN
CBAM-12873190,25232900,550.829,tonne,2778.241,IN
CBAM-52321811,72083900,690.235,tonne,23.792,TR
CBAM-64030402,76011000,372.45,tonne,604.376,UA
CBAM-79435228,28070010,531.759,tonne,757.181,MA
CBAM-00362330,31021000,540.648,tonne,4694.568,CN
CBAM-78686235,27160000,586.692,tonne,3779.696,IN
CBAM-49349564,25232900,482.299,tonne,609.93,TR
CBAM-92084132,72083900,899.051,tonne,3622.574,UA
CBAM-65206556,76011000,976.42,tonne,1966.817,MA
CBAM-17404463,28070010,826.289,tonne,2446.798,CN
CBAM-56998774,31021000,557.787,tonne,1611.36,IN
CBAM-58255133,27160000,468.738,tonne,244.021,TR
CBAM-71197101,25232900,487.412,tonne,2349.193,UA
CBAM-22143875,72083900,787.79,tonne,277.157,MA
CBAM-63425455,76011000,896.39,tonne,1068.1,CN
CBAM-56926362,28070010,119.003,tonne,4613.981,IN
CBAM-62855749,31021000,980.521,tonne,2938.293,TR
CBAM-41835019,27160000,481.953,tonne,4039.84,UA
CBAM-32409392,25232900,71.463,tonne,659.768,MA
CBAM-66035347,72083900,62.37,tonne,2292.138,CN
CBAM-24664251,76011000,257.968,tonne,1744.838,IN
CBAM-61576851,28070010,241.924,tonne,3806.797,TR
CBAM-80358747,31021000,843.573,tonne,2810.937,UA
CBAM-66514615,27160000,960.519,tonne,1304.13,MA
CBAM-78264830,25232900,716.824,tonne,3062.587,CN
CBAM-52440166,72083900,704.987,tonne,819.545,IN
CBAM-64169444,76011000,630.767,tonne,621.898,TR
CBAM-96438772,28070010,403.053,tonne,325.652,UA
CBAM-30757235,31021000,982.225,tonne,2632.981,MA
CBAM-96358236,27160000,534.12,tonne,2329.956,CN
CBAM-75893195,25232900,891.031,tonne,878.083,IN
CBAM-45329393,72083900,275.95,tonne,3995.822,TR
CBAM-70395613,76011000,612.397,tonne,476.812,UA
CBAM-12565428,28070010,660.128,tonne,147.601,MA
CBAM-34015607,31021000,111.089,tonne,2183.846,CN
CBAM-20859206,27160000,875.553,tonne,4292.353,IN
CBAM-02448301,25232900,995.739,tonne,44.672,TR
CBAM-09789476,72083900,917.187,tonne,4397.55,UA
CBAM-04829123,76011000,529.56,tonne,2904.294,MA
CBAM-55925697,28070010,35.647,tonne,4761.496,CN
CBAM-16046358,31021000,752.103,tonne,2170.445,IN
CBAM-11142792,27160000,398.388,tonne,1469.712,TR
CBAM-20297161,25232900,743.008,tonne,2137.909,UA
CBAM-01795361,72083900,149.012,tonne,1646.994,MA
CBAM-70172570,76011000,920.936,tonne,82.807,CN
CBAM-28644900,28070010,247.67,tonne,4743.814,IN
CBAM-29871941,31021000,249.199,tonne,2444.663,TR
CBAM-66272750,27160000,57.859,tonne,2653.487,UA
CBAM-29741885,25232900,115.576,tonne,4826.421,MA
CBAM-91941078,72083900,187.955,tonne,2116.823,CN
CBAM-34468204,76011000,213.384,tonne,4746.877,IN
CBAM-42493448,28070010,467.751,tonne,637.128,TR
CBAM-38405604,31021000,280.847,tonne,1427.078,UA
CBAM-56897633,27160000,700.147,tonne,1265.585,MA
CBAM-41667355,25232900,80.632,tonne,4639.8,CN
CBAM-21369160,72083900,159.482,tonne,1932.571,IN
CBAM-52783093,76011000,275.06,tonne,1324.118,TR
CBAM-77553788,28070010,408.016,tonne,4868.174,UA
CBAM-07811140,31021000,422.346,tonne,4920.76,MA
CBAM-22785288,27160000,377.37,tonne,4725.902,CN
CBAM-04316589,25232900,18.756,tonne,4700.877,IN
CBAM-36603194,72083900,259.581,tonne,1664.324,TR
CBAM-36392847,76011000,238.106,tonne,4158.365,UA
CBAM-30275977,28070010,759.179,tonne,2490.479,MA
CBAM-83587380,31021000,761.911,tonne,2976.245,CN
CBAM-11145286,27160000,790.794,tonne,303.049,IN
CBAM-88972653,25232900,885.343,tonne,4214.106,TR
CBAM-37391618,72083900,760.647,tonne,4006.596,UA
CBAM-92586681,76011000,165.033,tonne,3353.216,MA
CBAM-78338622,28070010,692.505,tonne,1168.561,CN
CBAM-70390718,31021000,697.985,tonne,303.935,IN
CBAM-87624201,27160000,47.697,tonne,791.916,TR
CBAM-97707797,25232900,649.517,tonne,3770.886,UA
CBAM-57080788,72083900,263.569,tonne,3798.383,MA
CBAM-37467486,76011000,42.686,tonne,792.701,CN
CBAM-86799717,28070010,451.763,tonne,3630.646,IN
CBAM-43930352,31021000,861.323,tonne,1315.018,TR
CBAM-41337320,27160000,452.161,tonne,1848.082,UA
CBAM-82678404,25232900,589.767,tonne,4375.601,MA
CBAM-05529209,72083900,249.787,tonne,4958.768,CN
CBAM-42707970,76011000,45.942,tonne,1184.944,IN
CBAM-19296316,28070010,461.263,tonne,4097.061,TR
CBAM-23480357,31021000,949.657,tonne,246.456,UA
CBAM-19910506,27160000,287.141,tonne,524.89,MA
CBAM-32250993,25232900,941.747,tonne,2727.33,CN
CBAM-73437000,72083900,281.232,tonne,162.147,IN
CBAM-52483940,76011000,877.317,tonne,4716.363,TR
CBAM-96001890,28070010,372.55,tonne,53.947,UA
CBAM-56464261,31021000,357.759,tonne,3496.471,MA
CBAM-98851898,27160000,304.335,tonne,4893.088,CN
CBAM-16680306,25232900,557.815,tonne,766.67,IN
CBAM-73879642,72083900,225.675,tonne,4213.496,TR
CBAM-44759466,76011000,66.162,tonne,4414.618,UA
CBAM-87409557,28070010,674.698,tonne,3754.407,MA
CBAM-41286780,31021000,602.755,tonne,4827.159,CN
CBAM-48147745,27160000,435.271,tonne,1980.336,IN
CBAM-33701047,25232900,361.666,tonne,4827.669,TR
CBAM-86929981,72083900,347.131,tonne,4462.208,UA
CBAM-94949782,76011000,205.785,tonne,2551.118,MA
CBAM-49471452,28070010,501.481,tonne,2572.107,CN
CBAM-50813060,31021000,934.723,tonne,1653.841,IN
CBAM-72537745,27160000,408.141,tonne,2352.054,TR
CBAM-89300496,25232900,146.477,tonne,893.483,UA
CBAM-29151425,72083900,845.608,tonne,373.754,MA
CBAM-16961210,76011000,314.748,tonne,2608.692,CN
CBAM-35921063,28070010,397.485,tonne,3724.276,IN
CBAM-37582524,31021000,452.005,tonne,2062.887,TR
CBAM-92418524,27160000,318.87,tonne,2063.062,UA
CBAM-21833808,25232900,849.358,tonne,3822.594,MA
CBAM-32143058,72083900,763.689,tonne,2150.186,CN
CBAM-25334947,76011000,644.106,tonne,56.447,IN
CBAM-29222008,28070010,381.31,tonne,2127.438,TR
CBAM-70298525,31021000,722.61,tonne,4357.962,UA
CBAM-07899601,27160000,450.826,tonne,4545.22,MA
CBAM-27515017,25232900,460.254,tonne,3216.26,CN
CBAM-21821171,72083900,257.143,tonne,3349.071,IN
CBAM-01270758,76011000,920.282,tonne,1940.612,TR
CBAM-78646893,28070010,703.409,tonne,4939.437,UA
CBAM-24949834,31021000,646.606,tonne,3154.247,MA
CBAM-72199750,27160000,313.214,tonne,1515.318,CN
CBAM-99002536,25232900,605.126,tonne,3332.287,IN
CBAM-10798724,72083900,410.767,tonne,2080.236,TR
CBAM-67480695,76011000,626.609,tonne,2448.76,UA
CBAM-42957853,28070010,849.205,tonne,3302.035,MA
CBAM-66807765,31021000,481.365,tonne,3290.357,CN
CBAM-16797650,27160000,452.154,tonne,312.454,IN
CBAM-56346391,25232900,973.293,tonne,2458.193,TR
CBAM-95222451,72083900,690.272,tonne,18.244,UA
CBAM-46171647,76011000,457.771,tonne,3665.271,MA
CBAM-79137843,28070010,884.791,tonne,1839.952,CN
CBAM-25694895,31021000,452.569,tonne,622.585,IN
CBAM-05396642,27160000,632.782,tonne,1492.145,TR
CBAM-92559379,25232900,23.12,tonne,1104.194,UA
CBAM-06935980,72083900,196.248,tonne,895.996,MA
CBAM-83328343,76011000,533.669,tonne,1461.511,CN
CBAM-22701066,28070010,934.229,tonne,3733.069,IN
CBAM-23487049,31021000,901.461,tonne,3398.355,TR
CBAM-88895474,27160000,66.757,tonne,3924.509,UA
CBAM-78507717,25232900,396.426,tonne,1489.933,MA
CBAM-03762417,72083900,952.288,tonne,2708.574,CN
CBAM-60546979,76011000,29.967,tonne,426.72,IN
CBAM-24962525,28070010,638.296,tonne,4170.114,TR
CBAM-41617580,31021000,740.834,tonne,1441.49,UA
CBAM-65884008,27160000,316.9,tonne,60.615,MA
CBAM-45208034,25232900,495.798,tonne,3520.815,CN
CBAM-36169081,72083900,343.541,tonne,2923.686,IN
CBAM-15993168,76011000,72.771,tonne,4770.494,TR
CBAM-67239116,28070010,932.901,tonne,2711.456,UA
CBAM-43799606,31021000,761.355,tonne,2500.324,MA
CBAM-98053982,27160000,193.778,tonne,1521.821,CN
CBAM-87374995,25232900,327.605,tonne,12.976,IN
CBAM-49580164,72083900,878.866,tonne,3400.426,TR
CBAM-66280614,76011000,581.469,tonne,2526.942,UA
CBAM-31207499,28070010,278.81,tonne,1149.362,MA
CBAM-96397077,31021000,905.834,tonne,3394.075,CN
CBAM-62157708,27160000,620.592,tonne,429.295,IN
CBAM-80671729,25232900,361.549,tonne,3581.345,TR
CBAM-29606269,72083900,896.469,tonne,3348.858,UA
CBAM-62758414,76011000,572.496,tonne,515.252,MA
CBAM-67780993,28070010,731.114,tonne,230.48,CN
CBAM-75850421,31021000,922.555,tonne,1883.244,IN
CBAM-44957703,27160000,472.219,tonne,4777.049,TR
CBAM-37513484,25232900,36.406,tonne,4593.853,UA
CBAM-86921455,72083900,828.475,tonne,1471.737,MA
CBAM-60794850,76011000,185.443,tonne,3666.508,CN
CBAM-82750415,28070010,210.212,tonne,2363.563,IN
CBAM-32596674,31021000,554.819,tonne,2017.115,TR
CBAM-87589815,27160000,976.301,tonne,2719.154,UA
CBAM-49951514,25232900,226.607,tonne,1050.412,MA
CBAM-61044280,72083900,741.869,tonne,2258.326,CN
CBAM-21427148,76011000,602.489,tonne,4966.821,IN
CBAM-74959130,28070010,536.969,tonne,1199.706,TR
CBAM-58391281,31021000,501.316,tonne,1563.561,UA
CBAM-07898529,27160000,472.253,tonne,2512.284,MA
CBAM-59072117,25232900,705.361,tonne,758.708,CN
CBAM-69102252,72083900,392.696,tonne,4449.817,IN
CBAM-40696384,76011000,210.422,tonne,2102.879,TR
CBAM-16451768,28070010,372.56,tonne,1089.336,UA
CBAM-12493457,31021000,397.361,tonne,4041.494,MA
CBAM-46493888,27160000,385.57,tonne,2461.823,CN
CBAM-40666070,25232900,74.338,tonne,3317.098,IN
CBAM-61910318,72083900,489.013,tonne,2279.887,TR
CBAM-20400464,76011000,113.37,tonne,1655.517,UA
CBAM-43428905,28070010,350.898,tonne,3913.067,MA
CBAM-02025536,31021000,639.798,tonne,1497.21,CN
CBAM-62078048,27160000,149.794,tonne,1087.514,IN
CBAM-49275994,25232900,237.36,tonne,4822.106,TR
CBAM-62506963,72083900,924.689,tonne,3116.421,UA
CBAM-95361433,76011000,197.294,tonne,2858.266,MA
CBAM-65529935,28070010,658.104,tonne,3929.346,CN
CBAM-92240516,31021000,131.816,tonne,548.361,IN
CBAM-29946783,27160000,993.971,tonne,3178.081,TR
CBAM-06265561,25232900,63.635,tonne,552.937,UA
CBAM-67963971,72083900,37.94,tonne,3123.71,MA
CBAM-80237100,76011000,913.094,tonne,278.033,CN
CBAM-05002766,28070010,383.562,tonne,4434.071,IN
CBAM-04166269,31021000,692.278,tonne,1441.693,TR
CBAM-74535123,27160000,818.392,tonne,1712.941,UA
CBAM-49163750,25232900,192.161,tonne,1466.101,MA
CBAM-25035321,72083900,676.991,tonne,779.688,CN
CBAM-99049148,76011000,520.624,tonne,2507.756,IN
CBAM-21401515,28070010,434.73,tonne,4682.525,TR
CBAM-74588035,31021000,774.625,tonne,1136.525,UA
CBAM-41641356,27160000,864.471,tonne,1787.448,MA
CBAM-15973922,25232900,667.961,tonne,3541.152,CN
CBAM-24685986,72083900,683.232,tonne,2326.414,IN
CBAM-34243139,76011000,215.624,tonne,4929.566,TR
CBAM-67125697,28070010,635.14,tonne,1692.52,UA
CBAM-12567335,31021000,163.872,tonne,2356.945,MA
CBAM-80417224,27160000,929.431,tonne,1270.55,CN
CBAM-02102234,25232900,164.607,tonne,3097.026,IN
CBAM-06960837,72083900,535.015,tonne,2759.901,TR
CBAM-91488223,76011000,223.472,tonne,4382.551,UA
CBAM-26047250,28070010,1.233,tonne,2774.021,MA
CBAM-34183242,31021000,511.664,tonne,4994.457,CN
CBAM-17123790,27160000,190.098,tonne,224.324,IN
CBAM-09890593,25232900,198.629,tonne,2798.191,TR
CBAM-50935971,72083900,596.13,tonne,2772.189,UA
CBAM-07201044,76011000,433.341,tonne,3591.494,MA
CBAM-70454624,28070010,80.22,tonne,4545.692,CN
CBAM-38707742,31021000,488.724,tonne,947.83,IN
CBAM-10443638,27160000,225.74,tonne,4083.8,TR
CBAM-37343612,25232900,702.742,tonne,138.593,UA
CBAM-51071923,72083900,862.269,tonne,1395.537,MA
CBAM-42651246,76011000,643.673,tonne,2022.023,CN
CBAM-64426909,28070010,690.174,tonne,366.5,IN
CBAM-04051452,31021000,971.411,tonne,3069.459,TR
CBAM-04534924,27160000,677.803,tonne,387.969,UA
CBAM-98316921,25232900,566.719,tonne,62.862,MA
CBAM-69491642,72083900,866.692,tonne,4836.318,CN
CBAM-85883565,76011000,109.058,tonne,1784.899,IN
CBAM-75474975,28070010,135.626,tonne,2803.418,TR
CBAM-93820317,31021000,290.245,tonne,1738.201,UA
CBAM-18551942,27160000,610.98,tonne,1380.791,MA
CBAM-91027724,25232900,739.122,tonne,4578.563,CN
CBAM-22151693,72083900,584.435,tonne,4036.407,IN
CBAM-95587666,76011000,902.557,tonne,764.103,TR
CBAM-22063715,28070010,786.357,tonne,1953.257,UA
CBAM-37034412,31021000,494.943,tonne,1198.059,MA
CBAM-19857279,27160000,199.436,tonne,1960.781,CN
CBAM-30983705,25232900,305.85,tonne,2173.208,IN
CBAM-08898112,72083900,748.499,tonne,2907.382,TR
CBAM-32607602,76011000,509.402,tonne,4278.275,UA
CBAM-11299505,28070010,241.873,tonne,3893.629,MA
CBAM-89016736,31021000,139.685,tonne,582.186,CN
CBAM-12770993,27160000,856.352,tonne,4427.002,IN
CBAM-22501781,25232900,810.44,tonne,2281.915,TR
CBAM-21892001,72083900,790.013,tonne,1776.537,UA
CBAM-09107414,76011000,947.506,tonne,898.209,MA
CBAM-19776324,28070010,384.175,tonne,2055.493,CN
CBAM-28800649,31021000,983.503,tonne,92.945,IN
CBAM-88792557,27160000,325.608,tonne,4596.487,TR
CBAM-70424266,25232900,290.883,tonne,637.425,UA
CBAM-98234614,72083900,908.151,tonne,4719.466,MA
CBAM-85046709,76011000,998.333,tonne,1533.877,CN
CBAM-58391904,28070010,561.962,tonne,2075.849,IN
CBAM-87787946,31021000,149.483,tonne,375.811,TR
CBAM-11253678,27160000,636.966,tonne,3240.55,UA
CBAM-49573434,25232900,122.729,tonne,4804.878,MA
CBAM-95142187,72083900,100.759,tonne,1756.294,CN
CBAM-12860777,76011000,315.381,tonne,4013.325,IN
CBAM-63465351,28070010,766.992,tonne,1693.678,TR
CBAM-38506959,31021000,104.246,tonne,2353.298,UA
CBAM-88276585,27160000,188.691,tonne,646.212,MA
CBAM-41718062,25232900,843.592,tonne,4634.189,CN
CBAM-47110882,72083900,948.026,tonne,2916.957,IN
CBAM-08313967,76011000,181.628,tonne,1559.042,TR
CBAM-81170521,28070010,262.316,tonne,2841.401,UA
CBAM-29263936,31021000,231.169,tonne,3690.187,MA
CBAM-80637785,27160000,215.945,tonne,45.195,CN
CBAM-73165098,25232900,40.557,tonne,2459.678,IN
CBAM-80348316,72083900,514.348,tonne,856.973,TR
CBAM-74384295,76011000,570.526,tonne,2591.105,UA
CBAM-89732795,28070010,243.087,tonne,3271.958,MA
CBAM-19744167,31021000,788.466,tonne,3301.598,CN
CBAM-59489915,27160000,217.623,tonne,551.859,IN
CBAM-50196113,25232900,732.21,tonne,3329.142,TR
CBAM-88228549,72083900,67.951,tonne,47.117,UA
CBAM-96209320,76011000,297.002,tonne,4400.133,MA
CBAM-30124232,28070010,631.352,tonne,1647.37,CN
CBAM-71635611,31021000,798.521,tonne,4201.97,IN
CBAM-24917194,27160000,90.667,tonne,261.82,TR
CBAM-26975592,25232900,102.699,tonne,2759.601,UA
CBAM-61085882,72083900,918.57,tonne,3184.863,MA
CBAM-62908436,76011000,79.04,tonne,1539.575,CN
CBAM-96426222,28070010,114.966,tonne,2136.798,IN
CBAM-48240058,31021000,957.832,tonne,1550.084,TR
CBAM-18627602,27160000,70.855,tonne,3039.062,UA
CBAM-01441928,25232900,716.126,tonne,3794.955,MA
CBAM-16289716,72083900,791.999,tonne,4534.34,CN
CBAM-01557509,76011000,465.9,tonne,2506.168,IN
CBAM-38015812,28070010,479.758,tonne,3846.038,TR
CBAM-77077588,31021000,464.189,tonne,2312.816,UA
CBAM-15678422,27160000,76.885,tonne,4489.285,MA
CBAM-16900845,25232900,586.897,tonne,893.15,CN
CBAM-54390238,72083900,454.141,tonne,1449.432,IN
CBAM-42651508,76011000,248.151,tonne,1531.49,TR
CBAM-69317964,28070010,500.684,tonne,302.382,UA
CBAM-21677567,31021000,602.362,tonne,1927.905,MA
CBAM-50528640,27160000,661.308,tonne,546.102,CN
CBAM-46163226,25232900,893.623,tonne,4962.143,IN
CBAM-54127515,72083900,993.27,tonne,3267.086,TR
CBAM-78675478,76011000,759.036,tonne,1870.087,UA
CBAM-12341291,28070010,293.153,tonne,2192.971,MA
CBAM-51101161,31021000,920.87,tonne,818.3,CN
CBAM-10219734,27160000,627.709,tonne,2471.924,IN
CBAM-97765405,25232900,993.989,tonne,4934.478,TR
CBAM-87415816,72083900,748.343,tonne,4619.454,UA
CBAM-80031265,76011000,224.139,tonne,935.386,MA
CBAM-88544056,28070010,50.704,tonne,342.71,CN
CBAM-52925312,31021000,192.169,tonne,3716.504,IN
CBAM-68225454,27160000,197.91,tonne,4368.18,TR
CBAM-26659847,25232900,760.552,tonne,567.127,UA
CBAM-67035681,72083900,937.81,tonne,4488.252,MA
CBAM-18598520,76011000,182.404,tonne,1922.256,CN
CBAM-82424787,28070010,948.684,tonne,800.959,IN
CBAM-51962684,31021000,353.805,tonne,1994.573,TR
CBAM-99854927,27160000,659.458,tonne,60.06,UA
CBAM-22650808,25232900,678.076,tonne,3418.633,MA
CBAM-59432280,72083900,742.902,tonne,3150.611,CN
CBAM-50544487,76011000,360.937,tonne,3314.598,IN
CBAM-31220837,28070010,978.913,tonne,1628.939,TR
CBAM-81446719,31021000,576.125,tonne,2435.674,UA
CBAM-16659566,27160000,158.635,tonne,4589.169,MA
CBAM-56781767,25232900,590.897,tonne,1062.179,CN
CBAM-58828859,72083900,932.022,tonne,3977.801,IN
CBAM-97119186,76011000,956.462,tonne,242.989,TR
CBAM-32701969,28070010,638.902,tonne,1835.937,UA
CBAM-36408871,31021000,812.374,tonne,889.525,MA
CBAM-63404428,27160000,723.83,tonne,2238.071,CN
CBAM-02009304,25232900,681.7,tonne,1337.5,IN
CBAM-76883695,72083900,700.454,tonne,3625.56,TR
CBAM-18488000,76011000,909.81,tonne,4504.805,UA
CBAM-22361561,28070010,429.295,tonne,3516.629,MA
CBAM-74181532,31021000,99.231,tonne,2216.896,CN
CBAM-94777503,27160000,814.973,tonne,4812.332,IN
CBAM-41327376,25232900,220.157,tonne,155.215,TR
CBAM-76198656,72083900,110.302,tonne,642.209,UA
CBAM-09296805,76011000,619.478,tonne,2977.095,MA
CBAM-00002106,28070010,641.843,tonne,1318.168,CN
CBAM-96354656,31021000,465.192,tonne,1294.229,IN
CBAM-62083823,27160000,649.662,tonne,698.715,TR
CBAM-22060700,25232900,567.394,tonne,4452.913,UA
CBAM-86455895,72083900,863.204,tonne,1311.045,MA
CBAM-76469294,76011000,359.443,tonne,4089.847,CN
CBAM-78064326,28070010,111.177,tonne,171.243,IN
CBAM-18574086,31021000,698.143,tonne,4164.932,TR
CBAM-50393239,27160000,124.587,tonne,3906.028,UA
CBAM-30475149,25232900,838.696,tonne,3040.598,MA
CBAM-94637734,72083900,838.833,tonne,310.899,CN
CBAM-30342048,76011000,522.343,tonne,4816.52,IN
CBAM-32411997,28070010,243.374,tonne,4785.715,TR
CBAM-62564112,31021000,157.473,tonne,1450.492,UA
CBAM-35417506,27160000,616.873,tonne,3913.538,MA
CBAM-87469451,25232900,69.374,tonne,355.434,CN
CBAM-58577212,72083900,473.457,tonne,4491.287,IN
CBAM-99682215,76011000,196.259,tonne,723.022,TR
CBAM-49920761,28070010,953.069,tonne,941.645,UA
CBAM-24973689,31021000,406.732,tonne,1966.868,MA
CBAM-44084967,27160000,784.927,tonne,297.056,CN
CBAM-66637983,25232900,948.418,tonne,1509.314,IN
CBAM-73465140,72083900,613.402,tonne,938.974,TR
CBAM-18252173,76011000,942.425,tonne,4904.739,UA
CBAM-09775774,28070010,513.217,tonne,462.471,MA
CBAM-44761712,31021000,722.924,tonne,1788.136,CN
CBAM-25972812,27160000,507.35,tonne,4553.769,IN
CBAM-13000101,25232900,5.309,tonne,2742.037,TR
CBAM-97633290,72083900,162.106,tonne,1734.918,UA
CBAM-56945947,76011000,281.241,tonne,2803.451,MA
CBAM-26507097,28070010,1.253,tonne,926.457,CN
CBAM-80609638,31021000,177.088,tonne,2448.369,IN
CBAM-43125958,27160000,993.17,tonne,4686.223,TR
CBAM-03633040,25232900,164.15,tonne,703.686,UA
CBAM-14283180,72083900,447.9,tonne,2680.829,MA
CBAM-77500093,76011000,36.21,tonne,596.64,CN
CBAM-35226391,28070010,900.66,tonne,1570.219,IN
CBAM-93780371,31021000,666.652,tonne,3213.365,TR
CBAM-65295425,27160000,648.06,tonne,1118.091,UA
CBAM-06123347,25232900,818.391,tonne,2764.603,MA
CBAM-48787844,72083900,880.912,tonne,2729.642,CN
CBAM-95875206,76011000,320.805,tonne,2419.838,IN
CBAM-41064472,28070010,971.489,tonne,2323.224,TR
CBAM-81280926,31021000,191.94,tonne,4380.648,UA
CBAM-51512299,27160000,790.332,tonne,606.31,MA
CBAM-18143661,25232900,37.354,tonne,958.204,CN
CBAM-69964385,72083900,985.892,tonne,1378.857,IN
CBAM-08471796,76011000,566.492,tonne,282.709,TR
CBAM-87489899,28070010,410.795,tonne,1631.763,UA
CBAM-50597859,31021000,221.587,tonne,1459.445,MA
CBAM-45672273,27160000,533.257,tonne,1895.703,CN
CBAM-12199118,25232900,516.395,tonne,4609.927,IN
CBAM-81469937,72083900,340.891,tonne,3791.125,TR
CBAM-76042871,76011000,854.152,tonne,4291.662,UA
CBAM-52732757,28070010,878.717,tonne,4934.818,MA
CBAM-03827951,31021000,767.279,tonne,154.002,CN
CBAM-73476498,27160000,947.978,tonne,2386.979,IN
CBAM-00522970,25232900,205.668,tonne,4758.094,TR
CBAM-95997215,72083900,924.139,tonne,3900.504,UA
CBAM-64421140,76011000,11.226,tonne,2956.315,MA
CBAM-14053543,28070010,67.934,tonne,1398.256,CN
CBAM-75637905,31021000,668.157,tonne,573.034,IN
CBAM-82371987,27160000,802.514,tonne,632.242,TR
CBAM-11561502,25232900,165.079,tonne,1875.415,UA
CBAM-13348374,72083900,9.806,tonne,3381.865,MA
CBAM-94918414,76011000,586.872,tonne,2878.224,CN
CBAM-67552227,28070010,345.253,tonne,4805.251,IN
CBAM-93805479,31021000,317.798,tonne,2511.693,TR
CBAM-65884831,27160000,510.523,tonne,1542.949,UA
CBAM-76276839,25232900,499.865,tonne,1263.138,MA
CBAM-48681273,72083900,376.186,tonne,4825.006,CN
CBAM-06484726,76011000,700.253,tonne,2023.257,IN
CBAM-99694509,28070010,813.482,tonne,2925.45,TR
CBAM-83991851,31021000,183.777,tonne,2062.331,UA
CBAM-36234879,27160000,752.046,tonne,3741.513,MA
CBAM-82282376,25232900,352.534,tonne,2048.083,CN
CBAM-37090082,72083900,409.842,tonne,3571.479,IN
CBAM-00053394,76011000,411.793,tonne,501.698,TR
CBAM-15563435,28070010,256.927,tonne,3786.067,UA
CBAM-90253221,31021000,297.751,tonne,1810.611,MA
CBAM-76226611,27160000,409.451,tonne,295.482,CN
CBAM-70177300,25232900,98.327,tonne,2139.387,IN
CBAM-52524950,72083900,631.75,tonne,856.155,TR
CBAM-84948776,76011000,301.419,tonne,2804.813,UA
CBAM-33881353,28070010,340.941,tonne,4930.058,MA
CBAM-00028628,31021000,34.204,tonne,2494.164,CN
CBAM-99214147,27160000,264.166,tonne,2133.341,IN
CBAM-66144546,25232900,6.435,tonne,549.72,TR
CBAM-06336663,72083900,924.713,tonne,2563.508,UA
CBAM-85902286,76011000,558.276,tonne,4822.537,MA
CBAM-82177318,28070010,733.681,tonne,2804.158,CN
CBAM-63586072,31021000,168.021,tonne,4876.472,IN
CBAM-08562537,27160000,657.027,tonne,533.765,TR
CBAM-58838238,25232900,307.578,tonne,4141.398,UA
CBAM-51691929,72083900,602.251,tonne,2153.875,MA
CBAM-03519703,76011000,260.25,tonne,3999.086,CN
CBAM-70824251,28070010,114.017,tonne,3586.657,IN
CBAM-23735407,31021000,822.116,tonne,470.873,TR
CBAM-09532981,27160000,74.521,tonne,1734.09,UA
CBAM-69737055,25232900,310.956,tonne,2227.707,MA
CBAM-23236969,72083900,360.972,tonne,3176.369,CN
CBAM-34062876,76011000,389.256,tonne,2756.801,IN
CBAM-93531373,28070010,229.973,tonne,3668.658,TR
CBAM-05265797,31021000,701.471,tonne,1013.56,UA
CBAM-01695243,27160000,304.783,tonne,280.738,MA
CBAM-79368467,25232900,518.761,tonne,3944.132,CN
CBAM-20616864,72083900,185.609,tonne,1675.333,IN
CBAM-47239060,76011000,52.677,tonne,1862.193,TR
CBAM-83381506,28070010,59.616,tonne,1178.551,UA
CBAM-01063424,31021000,40.314,tonne,2836.428,MA
CBAM-31651902,27160000,694.22,tonne,1317.824,CN
CBAM-25835888,25232900,82.049,tonne,4756.122,IN
CBAM-90800391,72083900,59.299,tonne,991.286,TR
CBAM-67686444,76011000,764.622,tonne,3275.008,UA
CBAM-84662485,28070010,4.398,tonne,1558.122,MA
CBAM-61884349,31021000,767.441,tonne,2503.268,CN
CBAM-79476164,27160000,328.314,tonne,3694.266,IN
CBAM-50801539,25232900,385.853,tonne,622.096,TR
CBAM-89684008,72083900,875.439,tonne,1095.52,UA
CBAM-61140241,76011000,971.802,tonne,4829.415,MA
CBAM-75290058,28070010,408.696,tonne,1360.939,CN
CBAM-53157848,31021000,892.337,tonne,4401.81,IN
CBAM-84299254,27160000,792.75,tonne,2615.592,TR
CBAM-96285444,25232900,957.841,tonne,3936.297,UA
CBAM-18878570,72083900,658.021,tonne,4229.081,MA
CBAM-97469529,76011000,793.161,tonne,2888.19,CN
CBAM-99951841,28070010,409.473,tonne,2132.216,IN
CBAM-40150237,31021000,159.638,tonne,4504.819,TR
CBAM-91706019,27160000,744.76,tonne,1000.826,UA
CBAM-83552443,25232900,674.467,tonne,2105.469,MA
CBAM-99590212,72083900,591.655,tonne,2751.781,CN
CBAM-54314837,76011000,403.983,tonne,1429.324,IN
CBAM-31023278,28070010,214.415,tonne,1443.791,TR
CBAM-62556098,31021000,382.324,tonne,2310.074,UA
CBAM-89447698,27160000,243.867,tonne,3668.334,MA
CBAM-37761306,25232900,341.24,tonne,2153.47,CN
CBAM-14685280,72083900,731.819,tonne,3309.591,IN
CBAM-60823605,76011000,698.763,tonne,961.356,TR
CBAM-41824455,28070010,717.173,tonne,1822.936,UA
CBAM-60897671,31021000,476.827,tonne,867.45,MA
CBAM-09896989,27160000,132.5,tonne,1710.717,CN
CBAM-73479158,25232900,921.651,tonne,3304.177,IN
CBAM-75573623,72083900,665.425,tonne,1184.047,TR
CBAM-76781149,76011000,876.321,tonne,3936.7,UA
CBAM-88590204,28070010,96.14,tonne,2493.048,MA
CBAM-34694892,31021000,949.565,tonne,1033.677,CN
CBAM-33842527,27160000,231.071,tonne,226.183,IN
CBAM-76580461,25232900,496.952,tonne,4568.214,TR
CBAM-09018761,72083900,278.819,tonne,1094.264,UA
CBAM-54000997,76011000,158.255,tonne,2269.535,MA
CBAM-63272764,28070010,363.82,tonne,2073.604,CN
CBAM-17899995,31021000,545.381,tonne,2806.837,IN
CBAM-16121929,27160000,86.509,tonne,355.383,TR
CBAM-25382415,25232900,836.975,tonne,3836.677,UA
CBAM-05113248,72083900,894.846,tonne,4803.631,MA
CBAM-96932211,76011000,868.508,tonne,1497.889,CN
CBAM-53494109,28070010,189.506,tonne,3544.378,IN
CBAM-30673622,31021000,642.782,tonne,4032.517,TR
CBAM-65541593,27160000,141.434,tonne,3134.689,UA
CBAM-74047432,25232900,569.82,tonne,189.038,MA
CBAM-16625066,72083900,357.676,tonne,34.778,CN
CBAM-50551658,76011000,93.292,tonne,4056.878,IN
CBAM-95759030,28070010,328.195,tonne,103.907,TR
CBAM-24162931,31021000,91.6,tonne,2949.469,UA
CBAM-35127772,27160000,953.551,tonne,4461.455,MA
CBAM-60487179,25232900,879.646,tonne,2484.854,CN
CBAM-22527571,72083900,741.441,tonne,244.164,IN
CBAM-02473288,76011000,912.786,tonne,4284.016,TR
CBAM-92763414,28070010,150.585,tonne,4170.828,UA
CBAM-66817745,31021000,267.044,tonne,3382.31,MA
CBAM-49182998,27160000,114.45,tonne,859.657,CN
CBAM-72009664,25232900,112.651,tonne,4744.382,IN
CBAM-66823841,72083900,708.276,tonne,3077.324,TR
CBAM-16559501,76011000,714.426,tonne,3885.151,UA
CBAM-99045110,28070010,761.952,tonne,2631.57,MA
CBAM-58350610,31021000,116.65,tonne,617.264,CN
CBAM-29605106,27160000,858.39,tonne,3688.673,IN
CBAM-97291439,25232900,866.663,tonne,1558.525,TR
CBAM-97613435,72083900,268.795,tonne,3809.297,UA
CBAM-96030295,76011000,658.225,tonne,1805.395,MA
CBAM-59892903,28070010,717.164,tonne,3826.405,CN
CBAM-62671772,31021000,380.458,tonne,3657.913,IN
CBAM-77758153,27160000,565.933,tonne,3315.236,TR
CBAM-62425829,25232900,314.854,tonne,1785.618,UA
CBAM-95142487,72083900,52.595,tonne,656.433,MA
CBAM-55590401,76011000,6.862,tonne,2166.13,CN
CBAM-65726652,28070010,683.593,tonne,2271.551,IN
CBAM-36830156,31021000,253.647,tonne,1988.854,TR
CBAM-57530421,27160000,873.104,tonne,4622.267,UA
CBAM-13680612,25232900,422.182,tonne,4635.693,MA
CBAM-01126547,72083900,142.83,tonne,21.853,CN
CBAM-62042454,76011000,466.353,tonne,1009.259,IN
CBAM-99903103,28070010,472.453,tonne,3372.607,TR
CBAM-24915717,31021000,694.5,tonne,3873.369,UA
CBAM-78347626,27160000,330.305,tonne,584.048,MA
CBAM-95724128,25232900,282.039,tonne,2009.759,CN
CBAM-08587112,72083900,449.113,tonne,463.789,IN
CBAM-79197959,76011000,842.837,tonne,3166.912,TR
CBAM-85962000,28070010,673.612,tonne,1771.005,UA
CBAM-20770752,31021000,415.686,tonne,497.563,MA
CBAM-41316607,27160000,217.654,tonne,116.715,CN
CBAM-22581121,25232900,725.528,tonne,2529.376,IN
CBAM-92157405,72083900,95.311,tonne,2730.078,TR
CBAM-51422491,76011000,282.463,tonne,1620.699,UA
CBAM-98863889,28070010,242.718,tonne,1981.101,MA
CBAM-11847253,31021000,892.133,tonne,713.659,CN
CBAM-10376585,27160000,723.591,tonne,3430.873,IN
CBAM-78092795,25232900,924.655,tonne,4540.303,TR
CBAM-48587951,72083900,159.993,tonne,3077.922,UA
CBAM-07635512,76011000,640.97,tonne,1859.947,MA
CBAM-57682423,28070010,46.143,tonne,851.685,CN
CBAM-78090995,31021000,94.777,tonne,3604.249,IN
CBAM-17779539,27160000,569.076,tonne,1548.979,TR
CBAM-74132079,25232900,284.786,tonne,3034.914,UA
CBAM-02436760,72083900,700.556,tonne,2667.644,MA
CBAM-24995411,76011000,426.375,tonne,4221.998,CN
CBAM-46435658,28070010,257.511,tonne,4424.95,IN
CBAM-64357997,31021000,300.556,tonne,3657.15,TR
CBAM-82395328,27160000,397.618,tonne,4305.476,UA
CBAM-85487076,25232900,333.603,tonne,1036.427,MA
CBAM-10802931,72083900,286.516,tonne,1064.292,CN
CBAM-92012982,76011000,818.3,tonne,3462.959,IN
CBAM-89148829,28070010,600.224,tonne,203.137,TR
CBAM-44102475,31021000,799.617,tonne,1626.209,UA
CBAM-61595216,27160000,885.263,tonne,2791.797,MA
CBAM-06360266,25232900,359.873,tonne,3811.554,CN
CBAM-41893057,72083900,742.28,tonne,4404.504,IN
CBAM-01237249,76011000,434.678,tonne,4286.032,TR
CBAM-84672358,28070010,898.23,tonne,2971.562,UA
CBAM-95193761,31021000,616.352,tonne,254.753,MA
CBAM-20603296,27160000,339.665,tonne,1640.93,CN
CBAM-23163237,25232900,341.836,tonne,3235.547,IN
CBAM-63941031,72083900,493.021,tonne,3843.485,TR
CBAM-68978059,76011000,679.251,tonne,2214.153,UA
CBAM-91414730,28070010,166.479,tonne,2091.358,MA
CBAM-10760511,31021000,133.289,tonne,1986.724,CN
CBAM-21036327,27160000,658.229,tonne,1587.344,IN
CBAM-76373156,25232900,837.434,tonne,4953.705,TR
CBAM-02888674,72083900,24.191,tonne,480.084,UA
CBAM-85881028,76011000,639.991,tonne,3927.099,MA
CBAM-48005547,28070010,316.416,tonne,3910.982,CN
CBAM-96282742,31021000,745.004,tonne,2566.18,IN
CBAM-40843267,27160000,782.104,tonne,5008.105,TR
CBAM-61024841,25232900,261.401,tonne,5006.942,UA
CBAM-21579404,72083900,42.729,tonne,2981.901,MA
CBAM-70125867,76011000,277.167,tonne,2435.814,CN
CBAM-88122464,28070010,792.798,tonne,979.867,IN
CBAM-82963085,31021000,989.619,tonne,522.237,TR
CBAM-32222922,27160000,340.572,tonne,1767.381,UA
CBAM-39884445,25232900,702.367,tonne,3581.314,MA
CBAM-41770742,72083900,567.045,tonne,4185.796,CN
CBAM-69913085,76011000,316.547,tonne,4019.731,IN
CBAM-83429187,28070010,887.679,tonne,2883.193,TR
CBAM-31157700,31021000,682.165,tonne,2178.311,UA
CBAM-41309497,27160000,873.932,tonne,1860.955,MA
CBAM-63205777,25232900,886.301,tonne,846.629,CN
CBAM-14498873,72083900,170.459,tonne,906.299,IN
CBAM-97189629,76011000,689.591,tonne,1226.258,TR
CBAM-22587337,28070010,869.523,tonne,465.606,UA
CBAM-38361048,31021000,740.861,tonne,3307.54,MA
CBAM-69584323,27160000,254.056,tonne,3689.507,CN
CBAM-31212020,25232900,688.857,tonne,67.939,IN
CBAM-78481186,72083900,180.434,tonne,4498.176,TR
CBAM-36671410,76011000,592.335,tonne,1674.179,UA
CBAM-84748873,28070010,258.992,tonne,2735.731,MA
CBAM-53306291,31021000,754.792,tonne,92.542,CN
CBAM-38910462,27160000,326.418,tonne,1606.634,IN
CBAM-11648577,25232900,318.694,tonne,408.93,TR
CBAM-31269056,72083900,425.697,tonne,2353.511,UA
CBAM-78476946,76011000,345.241,tonne,641.099,MA
CBAM-34163031,28070010,799.055,tonne,4040.287,CN
CBAM-25472932,31021000,770.692,tonne,3512.372,IN
CBAM-43649347,27160000,668.622,tonne,4838.407,TR
CBAM-67230878,25232900,396.587,tonne,1680.252,UA
CBAM-33202272,72083900,58.24,tonne,59.956,MA
CBAM-78307095,76011000,224.69,tonne,1667.464,CN
CBAM-72242378,28070010,468.204,tonne,4127.486,IN
CBAM-64713272,31021000,229.844,tonne,4957.606,TR
CBAM-94482442,27160000,633.42,tonne,816.503,UA
CBAM-74512049,25232900,699.28,tonne,4401.251,MA
CBAM-11733003,72083900,37.774,tonne,3548.392,CN
CBAM-33562872,76011000,697.357,tonne,3890.062,IN
CBAM-60145713,28070010,96.966,tonne,320.759,TR
CBAM-16571330,31021000,403.858,tonne,14.87,UA
CBAM-37435205,27160000,905.251,tonne,2291.29,MA
CBAM-84649721,25232900,305.761,tonne,406.583,CN
CBAM-79279302,72083900,993.614,tonne,4921.825,IN
CBAM-57358508,76011000,478.806,tonne,283.489,TR
CBAM-49339113,28070010,776.172,tonne,1876.398,UA
CBAM-23416685,31021000,200.539,tonne,3149.266,MA
CBAM-21886313,27160000,58.106,tonne,442.062,CN
CBAM-34184516,25232900,407.467,tonne,1944.317,IN
CBAM-28968519,72083900,588.116,tonne,2127.974,TR
CBAM-09975134,76011000,128.417,tonne,4603.371,UA
CBAM-58662677,28070010,69.356,tonne,4840.024,MA
CBAM-64335636,31021000,944.069,tonne,976.609,CN
CBAM-52061395,27160000,801.72,tonne,2014.385,IN
CBAM-27970712,25232900,168.395,tonne,3313.866,TR
CBAM-26401767,72083900,499.048,tonne,3369.978,UA
CBAM-47142583,76011000,639.858,tonne,425.428,MA
CBAM-64515431,28070010,454.241,tonne,3828.975,CN
CBAM-17724655,31021000,296.829,tonne,3307.136,IN
CBAM-45222033,27160000,315.309,tonne,3352.697,TR
CBAM-84550070,25232900,926.358,tonne,1681.621,UA
CBAM-67721842,72083900,389.234,tonne,1923.375,MA
CBAM-91810093,76011000,892.323,tonne,4490.877,CN
CBAM-79035559,28070010,310.708,tonne,1345.472,IN
CBAM-37822498,31021000,151.049,tonne,2710.453,TR
CBAM-09487507,27160000,401.915,tonne,4429.578,UA
CBAM-46611409,25232900,799.262,tonne,1141.182,MA
CBAM-53723456,72083900,515.097,tonne,4959.733,CN
CBAM-97361833,76011000,608.835,tonne,2098.13,IN
CBAM-64295746,28070010,497.384,tonne,902.829,TR
CBAM-13819263,31021000,480.502,tonne,2567.587,UA
CBAM-66946965,27160000,209.549,tonne,2830.117,MA
CBAM-76490847,25232900,250.797,tonne,1912.184,CN
CBAM-65178080,72083900,38.938,tonne,3794.463,IN
CBAM-60059379,76011000,415.836,tonne,4409.47,TR
CBAM-82194045,28070010,460.971,tonne,2515.849,UA
CBAM-07894915,31021000,697.326,tonne,2215.036,MA
CBAM-53362732,27160000,704.621,tonne,3268.271,CN
CBAM-91764047,25232900,599.415,tonne,4237.102,IN
CBAM-63070539,72083900,617.747,tonne,3120.192,TR
CBAM-08846492,76011000,442.257,tonne,1627.499,UA
CBAM-62507234,28070010,971.862,tonne,4156.396,MA
CBAM-15517746,31021000,428.016,tonne,4369.146,CN
CBAM-24288369,27160000,757.579,tonne,4400.569,IN
CBAM-65435481,25232900,438.909,tonne,2670.103,TR
CBAM-42033579,72083900,733.398,tonne,4679.291,UA
CBAM-42108853,76011000,891.106,tonne,1405.359,MA
CBAM-57105875,28070010,718.997,tonne,3806.625,CN
CBAM-18476207,31021000,928.574,tonne,4640.321,IN
CBAM-26880966,27160000,695.263,tonne,53.719,TR
CBAM-40005629,25232900,971.023,tonne,1675.815,UA
CBAM-29338260,72083900,432.733,tonne,499.463,MA
CBAM-15498551,76011000,780.364,tonne,2115.981,CN
CBAM-54391716,28070010,461.029,tonne,1254.406,IN
CBAM-56400269,31021000,790.532,tonne,1956.945,TR
CBAM-21765560,27160000,548.483,tonne,96.09,UA
CBAM-14778598,25232900,166.072,tonne,1126.694,MA
CBAM-45890098,72083900,727.782,tonne,2781.609,CN
CBAM-99786359,76011000,330.56,tonne,1770.793,IN
CBAM-68873203,28070010,562.475,tonne,2457.602,TR
CBAM-70223617,31021000,150.27,tonne,319.572,UA
CBAM-82184787,27160000,736.605,tonne,4614.721,MA
CBAM-66469226,25232900,63.086,tonne,1116.682,CN
CBAM-42539876,72083900,702.4,tonne,4463.898,IN
CBAM-60959051,76011000,869.563,tonne,3609.361,TR
CBAM-77290398,28070010,411.119,tonne,2615.629,UA
CBAM-17236231,31021000,153.94,tonne,2648.704,MA
CBAM-12570099,27160000,254.712,tonne,3041.607,CN
CBAM-51634787,25232900,627.538,tonne,3048.911,IN
CBAM-95397298,72083900,846.343,tonne,2941.496,TR
CBAM-38238960,76011000,249.391,tonne,926.39,UA
CBAM-71667466,28070010,974.821,tonne,2020.163,MA
CBAM-52427460,31021000,621.103,tonne,3620.575,CN
CBAM-49639771,27160000,802.114,tonne,4465.619,IN
CBAM-05394241,25232900,217.876,tonne,2190.957,TR
CBAM-46743295,72083900,967.481,tonne,2379.53,UA
CBAM-73009819,76011000,269.194,tonne,2385.224,MA
CBAM-69260310,28070010,355.647,tonne,234.79,CN
CBAM-20343207,31021000,659.449,tonne,2301.181,IN
CBAM-79432590,27160000,910.593,tonne,4982.156,TR
CBAM-20227515,25232900,412.495,tonne,4472.054,UA
CBAM-99231619,72083900,367.746,tonne,340.957,MA
CBAM-90175985,76011000,368.218,tonne,1196.76,CN
CBAM-03883280,28070010,755.56,tonne,2149.314,IN
CBAM-07479394,31021000,51.755,tonne,1649.409,TR
CBAM-29024106,27160000,250.594,tonne,4182.616,UA
CBAM-94484567,25232900,546.972,tonne,132.919,MA
CBAM-32941895,72083900,38.902,tonne,4506.124,CN
CBAM-40246532,76011000,71.178,tonne,3730.56,IN
CBAM-14126572,28070010,342.138,tonne,473.882,TR
CBAM-02716093,31021000,329.504,tonne,974.43,UA
CBAM-89908210,27160000,94.806,tonne,3656.956,MA
CBAM-03946698,25232900,6.657,tonne,3775.619,CN
CBAM-62630167,72083900,946.597,tonne,3739.272,IN
CBAM-31577815,76011000,201.209,tonne,2696.116,TR
CBAM-07623412,28070010,410.84,tonne,4139.539,UA
CBAM-72182347,31021000,658.861,tonne,4468.942,MA
CBAM-39290949,27160000,690.042,tonne,2680.521,CN
CBAM-30502276,25232900,302.322,tonne,1479.084,IN
CBAM-86064419,72083900,799.798,tonne,3295.091,TR
CBAM-10755101,76011000,905.883,tonne,2747.029,UA
CBAM-45794579,28070010,835.905,tonne,2282.094,MA
CBAM-57413125,31021000,461.348,tonne,3779.216,CN
CBAM-78114534,27160000,801.616,tonne,602.647,IN
CBAM-86748795,25232900,832.945,tonne,440.183,TR
CBAM-78482874,72083900,498.334,tonne,4249.573,UA
CBAM-17995913,76011000,445.238,tonne,3494.222,MA
CBAM-65425671,28070010,972.38,tonne,374.776,CN
CBAM-87982624,31021000,424.059,tonne,739.654,IN
CBAM-78153180,27160000,366.327,tonne,580.371,TR
CBAM-78019237,25232900,304.626,tonne,1687.912,UA
CBAM-28519570,72083900,486.313,tonne,183.085,MA
CBAM-44455923,76011000,560.809,tonne,2386.486,CN
CBAM-89557002,28070010,812.598,tonne,1233.937,IN
CBAM-13443206,31021000,293.601,tonne,3773.41,TR
CBAM-29710681,27160000,235.764,tonne,4201.818,UA
CBAM-89670882,25232900,29.369,tonne,1533.057,MA
CBAM-78672311,72083900,357.899,tonne,4188.747,CN
CBAM-02571123,76011000,481.216,tonne,2496.312,IN
CBAM-53963351,28070010,34.397,tonne,1671.741,TR
CBAM-54653483,31021000,527.947,tonne,800.495,UA
CBAM-73549529,27160000,926.679,tonne,2245.607,MA
CBAM-51767276,25232900,525.633,tonne,1434.354,CN
CBAM-36819075,72083900,995.716,tonne,2769.176,IN
CBAM-55009475,76011000,579.598,tonne,4322.966,TR
CBAM-99490884,28070010,147.643,tonne,2981.747,UA
CBAM-02448507,31021000,566.214,tonne,2867.042,MA
CBAM-69398429,27160000,641.407,tonne,4715.663,CN
CBAM-43609371,25232900,702.463,tonne,3663.446,IN
CBAM-58345225,72083900,412.792,tonne,1395.842,TR
CBAM-98843114,76011000,764.094,tonne,3391.365,UA
CBAM-43081143,28070010,979.007,tonne,2850.124,MA
CBAM-77743710,31021000,759.282,tonne,1580.996,CN
CBAM-27204713,27160000,174.839,tonne,2681.547,IN
CBAM-54969001,25232900,864.854,tonne,3413.616,TR
CBAM-11644575,72083900,28.21,tonne,3539.182,UA
CBAM-74024553,76011000,386.412,tonne,1081.785,MA
CBAM-84621225,28070010,56.202,tonne,2491.486,CN
CBAM-45067448,31021000,734.16,tonne,4222.328,IN
CBAM-89978803,27160000,901.374,tonne,448.214,TR
CBAM-77480990,25232900,333.575,tonne,462.594,UA
CBAM-11218196,72083900,872.386,tonne,1249.741,MA
CBAM-78092386,76011000,252.902,tonne,4231.209,CN
CBAM-77510673,28070010,154.741,tonne,3159.076,IN
CBAM-12217465,31021000,280.688,tonne,1536.942,TR
CBAM-51612097,27160000,176.344,tonne,4610.715,UA
CBAM-69585146,25232900,212.098,tonne,1283.684,MA
CBAM-57101222,72083900,341.248,tonne,1218.981,CN
CBAM-65366325,76011000,282.157,tonne,4833.247,IN
CBAM-20983810,28070010,274.946,tonne,3870.939,TR
CBAM-49062921,31021000,992.101,tonne,2891.023,UA
CBAM-39011512,27160000,925.537,tonne,1078.989,MA
CBAM-11185089,25232900,137.398,tonne,3234.659,CN
CBAM-40191110,72083900,497.009,tonne,4254.603,IN
CBAM-80471133,76011000,484.452,tonne,1488.197,TR
CBAM-40282292,28070010,696.286,tonne,31.02,UA
CBAM-18540407,31021000,382.591,tonne,716.07,MA
CBAM-34416081,27160000,47.383,tonne,1394.607,CN
CBAM-84861328,25232900,4.263,tonne,2544.768,IN
CBAM-70261464,72083900,804.977,tonne,2108.943,TR
CBAM-18160205,76011000,930.983,tonne,1440.575,UA
CBAM-54657760,28070010,907.829,tonne,4568.694,MA
CBAM-54038741,31021000,768.945,tonne,639.099,CN
CBAM-66476978,27160000,423.609,tonne,210.387,IN
CBAM-78550991,25232900,838.675,tonne,2343.296,TR
CBAM-67864122,72083900,901.85,tonne,1110.923,UA
CBAM-78888381,76011000,728.045,tonne,1634.1,MA
CBAM-90111308,28070010,449.801,tonne,3955.873,CN
CBAM-00358875,31021000,265.731,tonne,152.521,IN
CBAM-85158363,27160000,818.243,tonne,2882.102,TR
CBAM-61062629,25232900,152.908,tonne,3370.388,UA
CBAM-19796642,72083900,712.436,tonne,3215.715,MA
CBAM-70055226,76011000,699.004,tonne,4745.298,CN
CBAM-10200840,28070010,966.804,tonne,4767.085,IN
CBAM-72312163,31021000,367.669,tonne,1022.422,TR
CBAM-98321955,27160000,283.63,tonne,2307.291,UA
CBAM-79344870,25232900,598.592,tonne,2271.988,MA
CBAM-86175812,72083900,377.828,tonne,1434.987,CN
CBAM-06794516,76011000,902.397,tonne,2692.799,IN
CBAM-23416432,28070010,37.883,tonne,3737.777,TR
CBAM-34112353,31021000,308.098,tonne,429.99,UA
CBAM-47359584,27160000,675.335,tonne,714.555,MA
CBAM-69668118,25232900,189.172,tonne,3570.964,CN
CBAM-46136867,72083900,689.569,tonne,1577.203,IN
CBAM-67584092,76011000,871.738,tonne,3107.455,TR
CBAM-66590811,28070010,78.621,tonne,4180.722,UA
CBAM-51114037,31021000,99.572,tonne,4381.655,MA
CBAM-21842699,27160000,726.203,tonne,2749.353,CN
CBAM-62637417,25232900,115.662,tonne,2888.696,IN
CBAM-32697256,72083900,298.499,tonne,2144.831,TR
CBAM-45331876,76011000,876.871,tonne,562.725,UA
CBAM-62552255,28070010,519.771,tonne,3545.712,MA
CBAM-98185086,31021000,731.433,tonne,4317.883,CN
CBAM-96201680,27160000,235.344,tonne,818.642,IN
CBAM-24002117,25232900,786.738,tonne,3712.804,TR
CBAM-23936166,72083900,976.303,tonne,2582.158,UA
CBAM-48209242,76011000,338.751,tonne,267.734,MA
CBAM-83399572,28070010,56.076,tonne,60.114,CN
CBAM-18801870,31021000,491.085,tonne,1899.452,IN
CBAM-94552683,27160000,705.109,tonne,130.511,TR
CBAM-67584098,25232900,344.342,tonne,2619.426,UA
CBAM-38391816,72083900,703.97,tonne,833.178,MA
CBAM-13868342,76011000,608.55,tonne,4064.965,CN
CBAM-42650021,28070010,25.983,tonne,1029.952,IN
CBAM-07113274,31021000,2.796,tonne,1603.259,TR
CBAM-73924027,27160000,762.345,tonne,1660.243,UA
CBAM-22154255,25232900,97.154,tonne,1178.247,MA
CBAM-62944903,72083900,409.885,tonne,4247.767,CN
CBAM-77830547,76011000,645.836,tonne,3446.104,IN
CBAM-77961300,28070010,316.326,tonne,327.526,TR
CBAM-73377424,31021000,74.402,tonne,1103.644,UA
CBAM-33126950,27160000,591.09,tonne,3909.231,MA
CBAM-58043300,25232900,860.338,tonne,3965.178,CN
CBAM-22447005,72083900,99.345,tonne,2848.896,IN
CBAM-27897859,76011000,845.753,tonne,1821.813,TR
CBAM-30339091,28070010,468.066,tonne,695.756,UA
CBAM-74281082,31021000,184.586,tonne,3571.868,MA
CBAM-58732425,27160000,194.317,tonne,2579.478,CN
CBAM-97199566,25232900,284.413,tonne,4965.757,IN
CBAM-24694318,72083900,926.469,tonne,316.454,TR
CBAM-63349145,76011000,520.81,tonne,4774.043,UA
CBAM-89679551,28070010,248.983,tonne,3253.704,MA
CBAM-66220153,31021000,548.607,tonne,1824.8,CN
CBAM-30888519,27160000,110.999,tonne,3447.446,IN
CBAM-31692750,25232900,913.13,tonne,1599.381,TR
CBAM-04222796,72083900,155.686,tonne,1925.428,UA
CBAM-64099929,76011000,957.476,tonne,3970.358,MA
CBAM-60963288,28070010,448.208,tonne,1273.048,CN
CBAM-34997045,31021000,914.057,tonne,4884.324,IN
CBAM-13889649,27160000,71.848,tonne,63.317,TR
CBAM-59434548,25232900,165.299,tonne,1176.459,UA
CBAM-75914126,72083900,111.46,tonne,44.192,MA
CBAM-50704096,76011000,718.863,tonne,774.392,CN
CBAM-15369923,28070010,135.616,tonne,2725.863,IN
CBAM-46482737,31021000,548.094,tonne,4709.098,TR
CBAM-59524310,27160000,65.128,tonne,1755.265,UA
CBAM-09678555,25232900,846.262,tonne,1461.268,MA
CBAM-21799632,72083900,971.963,tonne,2440.81,CN
CBAM-14539877,76011000,340.441,tonne,3290.797,IN
CBAM-06096606,28070010,785.431,tonne,729.316,TR
CBAM-62334279,31021000,416.852,tonne,2435.094,UA
CBAM-99833097,27160000,309.951,tonne,3415.743,MA
CBAM-37421830,25232900,436.877,tonne,4369.232,CN
CBAM-73890357,72083900,297.02,tonne,940.726,IN
CBAM-44786124,76011000,542.156,tonne,365.19,TR
CBAM-82276050,28070010,719.552,tonne,3585.621,UA
CBAM-71810506,31021000,907.374,tonne,3570.629,MA
CBAM-84447577,27160000,229.04,tonne,1274.351,CN
CBAM-55532625,25232900,519.385,tonne,3130.435,IN
CBAM-49464171,72083900,734.285,tonne,4138.618,TR
CBAM-40899458,76011000,894.976,tonne,3910.472,UA
CBAM-61859764,28070010,68.64,tonne,4403.947,MA
CBAM-99922500,31021000,942.842,tonne,595.456,CN
CBAM-81789822,27160000,345.7,tonne,884.588,IN
CBAM-19635129,25232900,398.38,tonne,4859.883,TR
CBAM-32525000,72083900,162.877,tonne,176.969,UA
CBAM-32923117,76011000,565.077,tonne,3098.479,MA
CBAM-98481928,28070010,88.282,tonne,4435.424,CN
CBAM-44738376,31021000,775.667,tonne,2321.234,IN
CBAM-76815737,27160000,538.672,tonne,1278.664,TR
CBAM-11223535,25232900,394.789,tonne,1985.601,UA
CBAM-99328806,72083900,491.432,tonne,3317.556,MA
CBAM-29946835,76011000,906.169,tonne,2140.527,CN
CBAM-61193475,28070010,45.814,tonne,963.538,IN
CBAM-73868479,31021000,214.333,tonne,4431.408,TR
CBAM-87724668,27160000,953.716,tonne,4520.758,UA
CBAM-64921351,25232900,924.861,tonne,346.698,MA
CBAM-84669092,72083900,140.62,tonne,4797.819,CN
CBAM-80182244,76011000,860.025,tonne,3498.334,IN
CBAM-59096031,28070010,378.341,tonne,2725.974,TR
CBAM-67393271,31021000,139.654,tonne,544.371,UA
CBAM-70957641,27160000,507.602,tonne,2307.312,MA
CBAM-49736965,25232900,658.037,tonne,3892.216,CN
CBAM-49702012,72083900,828.729,tonne,505.223,IN
CBAM-42807040,76011000,691.702,tonne,2754.069,TR
CBAM-96804306,28070010,397.956,tonne,542.3,UA
CBAM-16544116,31021000,400.39,tonne,1169.179,MA
CBAM-40308625,27160000,793.52,tonne,1567.507,CN
CBAM-03654429,25232900,210.088,tonne,603.083,IN
CBAM-46622874,72083900,812.551,tonne,4763.64,TR
CBAM-77967852,76011000,545.407,tonne,2148.523,UA
CBAM-76166528,28070010,493.369,tonne,3946.103,MA
CBAM-20948342,31021000,463.433,tonne,4938.239,CN
CBAM-74772852,27160000,915.286,tonne,3704.723,IN
CBAM-66324811,25232900,415.836,tonne,2828.704,TR
CBAM-44924790,72083900,105.99,tonne,1579.38,UA
CBAM-35182328,76011000,71.178,tonne,2673.016,MA
CBAM-56999566,28070010,583.056,tonne,3589.254,CN
CBAM-71715267,31021000,117.525,tonne,4455.996,IN
CBAM-12705494,27160000,968.79,tonne,3434.226,TR
CBAM-73186563,25232900,214.805,tonne,3497.14,UA
CBAM-53244806,72083900,933.613,tonne,591.705,MA
CBAM-95912938,76011000,220.082,tonne,3838.171,CN
CBAM-26562037,28070010,568.695,tonne,3494.419,IN
CBAM-89122003,31021000,543.793,tonne,1737.172,TR
CBAM-71518532,27160000,565.57,tonne,4414.232,UA
CBAM-14685812,25232900,377.633,tonne,824.306,MA
CBAM-69658397,72083900,112.989,tonne,3661.048,CN
CBAM-90835416,76011000,514.524,tonne,3809.058,IN
CBAM-17099817,28070010,719.689,tonne,3483.998,TR
CBAM-52262068,31021000,772.105,tonne,3543.66,UA
CBAM-60022119,27160000,375.715,tonne,1278.958,MA
CBAM-25577566,25232900,381.273,tonne,2650.408,CN
CBAM-24315273,72083900,120.312,tonne,3844.731,IN
CBAM-54378234,76011000,960.361,tonne,1719.38,TR
CBAM-57612845,28070010,644.441,tonne,4953.03,UA
CBAM-07136492,31021000,916.234,tonne,1890.992,MA
CBAM-62628309,27160000,631.323,tonne,3048.899,CN
CBAM-36086659,25232900,350.894,tonne,4652.133,IN
CBAM-27532706,72083900,454.849,tonne,2977.794,TR
CBAM-22631422,76011000,5.626,tonne,3677.504,UA
CBAM-19892079,28070010,776.121,tonne,4779.592,MA
CBAM-22325653,31021000,901.985,tonne,4122.651,CN
CBAM-73196198,27160000,178.741,tonne,1993.61,IN
CBAM-49066557,25232900,561.424,tonne,2841.562,TR
CBAM-32107080,72083900,405.68,tonne,180.502,UA
CBAM-68050837,76011000,398.282,tonne,3457.511,MA
CBAM-05392092,28070010,587.834,tonne,3095.89,CN
CBAM-42875241,31021000,526.502,tonne,630.914,IN
CBAM-73893675,27160000,145.148,tonne,1205.389,TR
CBAM-96031166,25232900,604.528,tonne,3367.438,UA
CBAM-17411982,72083900,463.972,tonne,4051.374,MA
